outbreakId,outbreakCode,date,year,outcode,country,itlNuts,sourceName,crop,severityName,reportedVarietyName,isPublic
6,BPC_06_3872,2006-05-08,2006,CT7,England,Thanet,Dump,0,Unknown/Other,Unknown/Other,False
7,BPC_06_3880,2006-05-19,2006,IP12,England,East Suffolk,Dump,0,Unknown/Other,Unknown/Other,False
8,BPC_06_3884,2006-05-24,2006,LN4,England,North Kesteven,Conventional crop,1,Unknown/Other,Maris Piper,False
9,BPC_06_3888,2006-05-30,2006,CH1,England,Cheshire West and Chester,Volunteer,0,Unknown/Other,Lady Rosetta,False
10,BPC_06_3892,2006-06-01,2006,CO7,England,Tendring,Conventional crop,1,Unknown/Other,Unknown/Other,False
11,BPC_06_3908,2006-06-02,2006,TF6,England,Telford and Wrekin,Conventional crop,1,Unknown/Other,Premiere,False
12,BPC_06_3900_SS1,2006-06-05,2006,PE34,England,King's Lynn and West Norfolk,Conventional crop,1,Unknown/Other,Maris Piper,False
13,BPC_06_3896_SS2,2006-06-05,2006,IP12,England,East Suffolk,Conventional crop,1,Unknown/Other,Maris Peer,False
24,BPC_06_4024,2006-06-06,2006,IP12,England,East Suffolk,Conventional crop,1,Unknown/Other,Unknown/Other,False
23,BPC_06_3940,2006-06-06,2006,IP9,England,Babergh,Conventional crop,1,Unknown/Other,Maris Piper,False
22,BPC_06_3912,2006-06-06,2006,IP12,England,East Suffolk,Conventional crop,1,Unknown/Other,King Edward,False
21,BPC_06_3920,2006-06-06,2006,PE38,England,King's Lynn and West Norfolk,Conventional crop,1,Unknown/Other,Estima,False
20,BPC_06_4044,2006-06-06,2006,TN26,England,Ashford,Conventional crop,1,Unknown/Other,Daisy,False
16,BPC_06_3928,2006-06-06,2006,CT7,England,Thanet,Conventional crop,1,Unknown/Other,King Edward,False
18,BPC_06_3968,2006-06-06,2006,CT7,England,Thanet,Conventional crop,1,Unknown/Other,King Edward,False
17,BPC_06_3932,2006-06-06,2006,CT12,England,Thanet,Conventional crop,1,Unknown/Other,Maris Peer,False
15,BPC_06_3924,2006-06-06,2006,CT12,England,Thanet,Conventional crop,1,Unknown/Other,Maris Peer,False
14,BPC_06_3944,2006-06-06,2006,TR12,England,Cornwall,Garden/Allotment,0,Unknown/Other,Concord,False
19,BPC_06_3992,2006-06-06,2006,CT10,England,Thanet,Conventional crop,1,Unknown/Other,Riviera,False
29,BPC_06_3960,2006-06-07,2006,TF6,England,Telford and Wrekin,Conventional crop,1,Unknown/Other,Maris Piper,False
28,BPC_06_3956_SS4,2006-06-07,2006,TF6,England,Telford and Wrekin,Conventional crop,1,Unknown/Other,Unknown/Other,False
30,BPC_06_3964,2006-06-07,2006,IP9,England,Babergh,Conventional crop,1,Unknown/Other,King Edward,False
26,BPC_06_3948,2006-06-07,2006,CO7,England,Tendring,Conventional crop,1,Unknown/Other,Maris Piper,False
25,BPC_06_3936,2006-06-07,2006,TR13,England,Cornwall,Conventional crop,1,Unknown/Other,Unknown/Other,False
27,BPC_06_3972,2006-06-07,2006,CT7,England,Thanet,Conventional crop,1,Unknown/Other,Marfona,False
31,BPC_06_3984,2006-06-08,2006,CB7,England,East Cambridgeshire,Conventional crop,1,Unknown/Other,Maris Piper,False
32,BPC_06_4008,2006-06-08,2006,PE8,England,North Northamptonshire,Conventional crop,1,Unknown/Other,Maris Piper,False
33,BPC_06_3976,2006-06-08,2006,CO7,England,Tendring,Conventional crop,1,Unknown/Other,Estima,False
34,BPC_06_3988_SS3,2006-06-08,2006,CT7,England,Thanet,Conventional crop,1,Unknown/Other,Desiree,False
35,BPC_06_3996,2006-06-08,2006,CT9,England,Thanet,Conventional crop,1,Unknown/Other,King Edward,False
36,BPC_06_4004,2006-06-08,2006,CT6,England,Canterbury,Conventional crop,1,Unknown/Other,King Edward,False
37,BPC_06_3980,2006-06-08,2006,TF6,England,Telford and Wrekin,Conventional crop,1,Unknown/Other,Maris Piper,False
38,BPC_06_3952,2006-06-09,2006,IP10,England,East Suffolk,Conventional crop,1,Unknown/Other,Estima,False
39,BPC_06_3876,2006-06-11,2006,CT7,England,Thanet,Dump,0,Unknown/Other,Unknown/Other,False
43,BPC_06_4032,2006-06-12,2006,CO16,England,Tendring,Conventional crop,1,Unknown/Other,Premiere,False
42,BPC_06_4016,2006-06-12,2006,CO7,England,Tendring,Conventional crop,1,Unknown/Other,Maris Piper,False
41,BPC_06_4012,2006-06-12,2006,TR12,England,Cornwall,Volunteer,0,Unknown/Other,Charlotte,False
40,BPC_06_4304,2006-06-12,2006,PE7,England,Huntingdonshire,Conventional crop,1,Unknown/Other,Victoria,False
44,BPC_06_4020,2006-06-13,2006,CW6,England,Cheshire West and Chester,Conventional crop,1,Unknown/Other,Agria,False
45,BPC_06_4040,2006-06-13,2006,WA7,England,Halton,Conventional crop,1,Unknown/Other,Markies,False
46,BPC_06_4060,2006-06-14,2006,CO7,England,Tendring,Unknown/Other,0,Unknown/Other,King Edward,False
47,BPC_06_4076,2006-06-14,2006,CO7,England,Tendring,Conventional crop,1,Unknown/Other,Maris Piper,False
48,BPC_06_4084,2006-06-14,2006,CO7,England,Tendring,Conventional crop,1,Unknown/Other,Maris Piper,False
49,BPC_06_4048,2006-06-14,2006,TF6,England,Telford and Wrekin,Conventional crop,1,Unknown/Other,Unknown/Other,False
50,BPC_06_4052,2006-06-14,2006,TF6,England,Telford and Wrekin,Conventional crop,1,Unknown/Other,Maris Piper,False
51,BPC_06_4068,2006-06-14,2006,SA71,Wales,Pembrokeshire,Conventional crop,1,Unknown/Other,Charlotte,False
53,BPC_06_4080,2006-06-15,2006,CO7,England,Tendring,Conventional crop,1,Unknown/Other,Aphrodite,False
52,BPC_06_4072,2006-06-15,2006,CO7,England,Tendring,Conventional crop,1,Unknown/Other,King Edward,False
54,BPC_06_4088,2006-06-15,2006,CO7,England,Tendring,Conventional crop,1,Unknown/Other,Maris Piper,False
55,BPC_06_4108,2006-06-16,2006,TF1,England,Telford and Wrekin,Conventional crop,1,Unknown/Other,Cosmos,False
56,BPC_06_4100,2006-06-19,2006,CO15,England,Tendring,Conventional crop,1,Unknown/Other,Marfona,False
57,BPC_06_4104,2006-06-19,2006,CO7,England,Tendring,Conventional crop,1,Unknown/Other,Shepody,False
58,BPC_06_4116,2006-06-19,2006,CO7,England,Tendring,Conventional crop,1,Unknown/Other,Unknown/Other,False
59,BPC_06_4112,2006-06-19,2006,IP9,England,Babergh,Conventional crop,1,Unknown/Other,Estima,False
60,BPC_06_4128,2006-06-19,2006,GU29,England,Chichester,Conventional crop,1,Unknown/Other,Premiere,False
61,BPC_06_4120,2006-06-20,2006,CB7,England,East Cambridgeshire,Conventional crop,1,Unknown/Other,Maris Piper,False
62,BPC_06_4132,2006-06-20,2006,TA19,England,Somerset,Conventional crop,1,Unknown/Other,Estima,False
63,BPC_06_4124,2006-06-20,2006,CV22,England,Rugby,Dump,0,Unknown/Other,Unknown/Other,False
67,BPC_06_4136,2006-06-22,2006,PE12,England,South Holland,Conventional crop,1,Unknown/Other,Maris Piper,False
66,BPC_06_4148,2006-06-22,2006,CO4,England,Colchester,Conventional crop,1,Unknown/Other,Winston,False
64,BPC_06_4140,2006-06-22,2006,CO7,England,Tendring,Conventional crop,1,Unknown/Other,Charlotte,False
65,BPC_06_4144,2006-06-22,2006,CO7,England,Tendring,Conventional crop,1,Unknown/Other,Shepody,False
68,BPC_06_4156,2006-06-23,2006,CO7,England,Tendring,Conventional crop,1,Unknown/Other,Desiree,False
69,BCP_06_4152,2006-06-23,2006,IP9,England,Babergh,Conventional crop,1,Unknown/Other,Romano,False
70,BPC_06_4184,2006-06-25,2006,PO20,England,Chichester,Conventional crop,1,Unknown/Other,Maris Piper,False
71,BPC_06_4180,2006-06-26,2006,CM3,England,Chelmsford,Garden/Allotment,0,Unknown/Other,Unknown/Other,False
72,BPC_06_4168,2006-06-26,2006,IP10,England,East Suffolk,Conventional crop,1,Unknown/Other,Charlotte,False
76,BPC_06_4176,2006-06-27,2006,IP9,England,Babergh,Conventional crop,1,Unknown/Other,Estima,False
73,BPC_06_4160_SS5,2006-06-27,2006,NR17,England,Breckland,Conventional crop,1,Unknown/Other,Unknown/Other,False
74,BPC_06_4172,2006-06-27,2006,IP25,England,Breckland,Conventional crop,1,Unknown/Other,Desiree,False
75,BPC_06_4164,2006-06-27,2006,IP10,England,East Suffolk,Conventional crop,1,Unknown/Other,Charlotte,False
79,BPC_06_4200,2006-06-28,2006,PE12,England,South Holland,Conventional crop,1,Unknown/Other,Melody,False
80,BPC_06_4204,2006-06-28,2006,IP9,England,Babergh,Conventional crop,1,Unknown/Other,British Queen,False
77,BPC_06_4188,2006-06-28,2006,PE7,England,Huntingdonshire,Conventional crop,1,Unknown/Other,King Edward,False
78,BPC_06_4192,2006-06-28,2006,PE13,England,Fenland,Conventional crop,1,Unknown/Other,Melody,False
81,BPC_06_4208,2006-06-29,2006,IP24,England,Breckland,Conventional crop,1,Unknown/Other,Estima,False
82,BPC_06_4212_SS6,2006-06-29,2006,NR17,England,Breckland,Conventional crop,1,Unknown/Other,Maris Piper,False
83,BPC_06_4224,2006-07-03,2006,IP31,England,West Suffolk,Conventional crop,1,Unknown/Other,Saxon,False
84,BPC_06_4228,2006-07-04,2006,CT3,England,Canterbury,Conventional crop,1,Unknown/Other,Comet,False
85,BPC_06_4232,2006-07-04,2006,SA62,Wales,Pembrokeshire,Conventional crop,1,Unknown/Other,Marfona,False
86,BPC_06_4248,2006-07-05,2006,SA62,Wales,Pembrokeshire,Conventional crop,1,Unknown/Other,Unknown/Other,False
87,BPC_06_4252,2006-07-05,2006,SA62,Wales,Pembrokeshire,Conventional crop,1,Unknown/Other,Unknown/Other,False
88,BPC_06_4256,2006-07-06,2006,TF10,England,Telford and Wrekin,Conventional crop,1,Unknown/Other,Marfona,False
89,BPC_06_4244,2006-07-06,2006,SA62,Wales,Pembrokeshire,Conventional crop,1,Unknown/Other,Melody,False
93,BPC_06_4264,2006-07-07,2006,LL76,Wales,Isle of Anglesey,Trial,1,Unknown/Other,Charlotte,False
92,2006_SP_01,2006-07-07,2006,AB45,Scotland,Aberdeenshire,Conventional crop,1,Unknown/Other,Atlantic,False
91,BPC_06_4276,2006-07-07,2006,CT7,England,Thanet,Conventional crop,1,Unknown/Other,King Edward,False
90,BCP_06_4268,2006-07-07,2006,CT3,England,Canterbury,Dump,0,Unknown/Other,Desiree,False
94,BPC_06_4260,2006-07-09,2006,CM9,England,Maldon,Conventional crop,1,Unknown/Other,King Edward,False
95,BPC_06_4284,2006-07-10,2006,HU11,England,East Riding of Yorkshire,Conventional crop,1,Unknown/Other,Morene,False
96,2006_SP_02,2006-07-10,2006,AB45,Scotland,Aberdeenshire,Conventional crop,1,Unknown/Other,Atlantic,False
97,BPC_06_4300,2006-07-12,2006,AB45,Scotland,Aberdeenshire,Conventional crop,1,Unknown/Other,Russet Burbank,False
98,BPC_06_4296,2006-07-13,2006,CM9,England,Maldon,Conventional crop,1,Unknown/Other,Marfona,False
99,2006_SP_03,2006-07-13,2006,AB53,Scotland,Aberdeenshire,Conventional crop,1,Unknown/Other,Courlan,False
100,BPC_06_4308,2006-07-14,2006,AB45,Scotland,Aberdeenshire,Conventional crop,1,Unknown/Other,Unknown/Other,False
103,BPC_06_4332,2006-07-18,2006,AB51,Scotland,Aberdeenshire,Conventional crop,1,Unknown/Other,Marfona,False
101,BPC_06_4328,2006-07-18,2006,CO3,England,Colchester,Conventional crop,1,Unknown/Other,King Edward,False
102,BPC_06_4280,2006-07-18,2006,TF11,England,Shropshire,Organic crop,1,Unknown/Other,Princess,False
104,BPC_06_4336,2006-07-18,2006,AB53,Scotland,Aberdeenshire,Conventional crop,1,Unknown/Other,Marfona,False
106,BPC_06_4344,2006-07-19,2006,SY23,Wales,Ceredigion,Conventional crop,1,Unknown/Other,Verity,False
105,BPC_06_4340,2006-07-19,2006,NR11,England,North Norfolk,Conventional crop,1,Unknown/Other,Lady Claire,False
107,BPC_06_4360,2006-07-21,2006,CT3,England,Canterbury,Conventional crop,1,Unknown/Other,King Edward,False
108,BPC_06_4352,2006-07-21,2006,ST19,England,South Staffordshire,Organic crop,1,Unknown/Other,Cosmos,False
109,BPC_06_4368,2006-07-24,2006,CT3,England,Canterbury,Conventional crop,1,Unknown/Other,Estima,False
110,BPC_06_4364,2006-07-24,2006,NR10,England,Broadland,Conventional crop,1,Unknown/Other,Harmony,False
111,2006_SP_05,2006-07-25,2006,IV30,Scotland,Moray,Conventional crop,1,Unknown/Other,Spunta,False
112,BPC_06_4384,2006-07-26,2006,EX5,England,East Devon,Conventional crop,1,Unknown/Other,King Edward,False
113,2006_SP_06,2006-07-27,2006,AB41,Scotland,Aberdeenshire,Conventional crop,1,Unknown/Other,Saturna,False
114,2006_SP_08,2006-07-28,2006,AB41,Scotland,Aberdeenshire,Conventional crop,1,Unknown/Other,King Edward,False
115,2006_SP_09,2006-07-31,2006,AB45,Scotland,Aberdeenshire,Conventional crop,1,Unknown/Other,Atlantic,False
117,BPC_06_4388,2006-08-07,2006,AB41,Scotland,Aberdeenshire,Conventional crop,1,Unknown/Other,Unknown/Other,False
116,BPC_06_4396,2006-08-07,2006,NR10,England,Broadland,Conventional crop,1,Unknown/Other,Estima,False
118,BPC_06_4408,2006-08-08,2006,IP12,England,East Suffolk,Conventional crop,1,Unknown/Other,Lady Rosetta,False
119,BPC_06_4400,2006-08-08,2006,PH13,Scotland,Perth and Kinross,Conventional crop,1,Unknown/Other,Saxon,False
120,BPC_06_4424,2006-08-09,2006,PE20,England,Boston,Volunteer,0,Unknown/Other,Pentland Dell,False
121,BPC_06_4416,2006-08-10,2006,IP26,England,King's Lynn and West Norfolk,Conventional crop,1,Unknown/Other,Maris Piper,False
122,2006_SP_10,2006-08-10,2006,KY15,Scotland,Fife,Conventional crop,1,Unknown/Other,Saxon,False
123,BPC_06_4420,2006-08-14,2006,PE29,England,Huntingdonshire,Conventional crop,1,Unknown/Other,King Edward,False
124,BPC_06_4440,2006-08-14,2006,ST18,England,Stafford,Conventional crop,1,Unknown/Other,Maris Piper,False
125,BPC_06_4448,2006-08-16,2006,PE37,England,Breckland,Conventional crop,1,Unknown/Other,Saturna,False
126,BPC_06_DSBurrelton,2006-08-16,2006,PH13,Scotland,Perth and Kinross,Conventional crop,1,Unknown/Other,Unknown/Other,False
127,BPC_06_4444,2006-08-16,2006,LL55,Wales,Gwynedd,Unknown/Other,0,Unknown/Other,Unknown/Other,False
128,BPC_06_4452,2006-08-21,2006,IP17,England,East Suffolk,Volunteer,0,Unknown/Other,Unknown/Other,False
129,BPC_06_4456,2006-08-21,2006,LL33,Wales,Conwy,Trial,1,Unknown/Other,Unknown/Other,False
130,BPC_06_4460,2006-08-22,2006,LL55,Wales,Gwynedd,Unknown/Other,0,Unknown/Other,Unknown/Other,False
131,BPC_06_4464,2006-08-23,2006,IP24,England,Breckland,Volunteer,0,Unknown/Other,Unknown/Other,False
132,BPC_06_4468,2006-08-23,2006,IP25,England,Breckland,Volunteer,0,Unknown/Other,Unknown/Other,False
133,BPC_06_4472,2006-08-23,2006,IP22,England,South Norfolk,Volunteer,0,Unknown/Other,Unknown/Other,False
134,BPC_06_4476,2006-08-23,2006,IP22,England,South Norfolk,Volunteer,0,Unknown/Other,Unknown/Other,False
135,BPC_06_4480,2006-08-23,2006,NR17,England,Breckland,Volunteer,0,Unknown/Other,Unknown/Other,False
136,BPC_06_4484,2006-08-23,2006,IP28,England,West Suffolk,Conventional crop,1,Unknown/Other,King Edward,False
137,BPC_06_4488,2006-08-24,2006,DD11,Scotland,Angus,Conventional crop,1,Unknown/Other,Maris Piper,False
138,BPC_06_4496,2006-08-28,2006,TF10,England,Telford and Wrekin,Garden/Allotment,0,Unknown/Other,Pink Fir Apple,False
141,BPC_06_4504,2006-08-29,2006,WV16,England,Shropshire,Conventional crop,1,Unknown/Other,Estima,False
142,BPC_06_4508,2006-08-29,2006,DD2,Scotland,Dundee City,Conventional crop,1,Unknown/Other,Maris Piper,False
139,BPC_06_4516,2006-08-29,2006,PE7,England,Huntingdonshire,Conventional crop,1,Unknown/Other,Desiree,False
140,BPC_06_4520,2006-08-29,2006,YO10,England,York,Conventional crop,1,Unknown/Other,Russet Burbank,False
143,BPC_06_4532,2006-09-01,2006,LN4,England,North Kesteven,Conventional crop,1,Unknown/Other,Lady Rosetta,False
144,BPC_06_4536,2006-09-01,2006,LN4,England,North Kesteven,Conventional crop,1,Unknown/Other,Maris Piper,False
145,BPC_06_4528,2006-09-01,2006,EH42,Scotland,East Lothian,Conventional crop,1,Unknown/Other,Maris Piper,False
146,BPC_06_4524,2006-09-03,2006,IP14,England,Mid Suffolk,Garden/Allotment,0,Unknown/Other,Cara,False
147,BPC_06_4544,2006-09-04,2006,PE6,England,South Kesteven,Conventional crop,1,Unknown/Other,Markies,False
148,BPC_06_4540,2006-09-04,2006,LL57,Wales,Gwynedd,Garden/Allotment,0,Unknown/Other,Unknown/Other,False
149,BPC_06_4548,2006-09-05,2006,DN17,England,North Lincolnshire,Conventional crop,1,Unknown/Other,Estima,False
150,BPC_06_4552,2006-09-05,2006,PE31,England,King's Lynn and West Norfolk,Conventional crop,1,Unknown/Other,Hermes,False
152,BPC_06_4564,2006-09-06,2006,PE12,England,South Holland,Conventional crop,1,Unknown/Other,Melody,False
151,BPC_06_4560,2006-09-06,2006,PE23,England,East Lindsey,Conventional crop,1,Unknown/Other,Hermes,False
153,BPC_06_4568,2006-09-06,2006,PE12,England,South Holland,Conventional crop,1,Unknown/Other,Maris Piper,False
154,BPC_06_4580 WS,2006-09-07,2006,DN22,England,Bassetlaw,Unknown/Other,0,Unknown/Other,Unknown/Other,False
155,BPC_06_4580,2006-09-07,2006,DN22,England,Bassetlaw,Unknown/Other,0,Unknown/Other,Unknown/Other,False
156,BPC_06_4572,2006-09-11,2006,NP15,Wales,Monmouthshire,Volunteer,0,Unknown/Other,Estima,False
157,BPC_06_4588,2006-09-13,2006,IP22,England,South Norfolk,Volunteer,0,Unknown/Other,Unknown/Other,False
158,BPC_06_4592,2006-09-13,2006,S81,England,Bassetlaw,Volunteer,0,Unknown/Other,Unknown/Other,False
159,BPC_06_4584,2006-09-13,2006,TD13,Scotland,East Lothian,Conventional crop,1,Unknown/Other,Unknown/Other,False
160,BPC_06_4596,2006-09-18,2006,IP31,England,West Suffolk,Volunteer,0,Unknown/Other,Unknown/Other,False
161,BPC_06_4600,2006-09-19,2006,TD11,Scotland,Scottish Borders,Conventional crop,1,Unknown/Other,Unknown/Other,False
162,BPC_06_4604,2006-09-28,2006,SA32,Wales,Carmarthenshire,Garden/Allotment,0,Unknown/Other,Unknown/Other,False
163,BPC_06_4608,2006-10-10,2006,DD6,Scotland,Fife,Conventional crop,1,Unknown/Other,Unknown/Other,False
164,BPC_06_4612,2006-10-13,2006,DD11,Scotland,Angus,Conventional crop,1,Unknown/Other,King Edward,False
165,BPC_06_4616,2006-10-13,2006,DD4,Scotland,Angus,Conventional crop,1,Unknown/Other,Unknown/Other,False
167,BPC_06_4620_SarpoAxona,2006-11-11,2006,TR12,England,Cornwall,Conventional crop,1,Unknown/Other,Unknown/Other,False
168,BPC_06_4620_SarpoMira,2006-11-11,2006,TR12,England,Cornwall,Conventional crop,1,Unknown/Other,Unknown/Other,False
170,BPC_07_4707,2007-05-02,2007,CW8,England,Cheshire West and Chester,Conventional crop,1,Unknown/Other,Rocket,False
171,BPC_07_4709,2007-05-09,2007,CT7,England,Thanet,Dump,0,Unknown/Other,Unknown/Other,False
172,BPC_07_4708,2007-05-10,2007,CT3,England,Canterbury,Dump,0,Unknown/Other,Unknown/Other,False
173,BPC_07_4710,2007-05-10,2007,SA71,Wales,Pembrokeshire,Conventional crop,1,Unknown/Other,Rocket,False
174,BPC_07_4705,2007-05-16,2007,TR11,England,Cornwall,Unknown/Other,0,Unknown/Other,Unknown/Other,False
175,BPC_07_4726,2007-05-20,2007,TR12,England,Cornwall,Conventional crop,1,Unknown/Other,Charlotte,False
176,BPC_07_4730,2007-05-21,2007,CV22,England,Rugby,Dump,0,Unknown/Other,Markies,False
177,BPC_07_4734,2007-05-26,2007,IP12,England,East Suffolk,Conventional crop,1,Unknown/Other,Shepody,False
178,BPC_07_4738,2007-05-29,2007,B77,England,Tamworth,Dump,0,Unknown/Other,Maris Piper,False
179,BPC_07_4754,2007-05-30,2007,IP28,England,West Suffolk,Conventional crop,1,Unknown/Other,Maris Piper,False
180,BPC_07_4758_SS2,2007-06-01,2007,B77,England,Tamworth,Conventional crop,1,Unknown/Other,Maris Piper,False
183,BPC_07_4750,2007-06-04,2007,SA71,Wales,Pembrokeshire,Conventional crop,1,Unknown/Other,Oriana,False
181,BPC_07_4742_SS1,2007-06-04,2007,SA62,Wales,Pembrokeshire,Conventional crop,1,Unknown/Other,Maris Piper,False
182,BPC_07_4746,2007-06-04,2007,SA62,Wales,Pembrokeshire,Conventional crop,1,Unknown/Other,Premiere,False
184,BPC_07_4762,2007-06-07,2007,IP9,England,Babergh,Conventional crop,1,Unknown/Other,Maris Peer,False
185,BPC_07_4774,2007-06-11,2007,PE14,England,King's Lynn and West Norfolk,Conventional crop,1,Unknown/Other,Maris Peer,False
186,BPC_07_4766_SS3,2007-06-12,2007,NR11,England,North Norfolk,Conventional crop,1,Unknown/Other,Maris Piper,False
187,BPC_07_4778,2007-06-12,2007,CB6,England,East Cambridgeshire,Conventional crop,1,Unknown/Other,Maris Piper,False
188,BPC_07_4782,2007-06-12,2007,TR2,England,Cornwall,Conventional crop,1,Unknown/Other,King Edward,False
189,BPC_07_4786,2007-06-12,2007,IP24,England,Breckland,Volunteer,0,Unknown/Other,Unknown/Other,False
190,BPC_07_4794,2007-06-13,2007,TR27,England,Cornwall,Conventional crop,1,Unknown/Other,Maris Peer,False
193,BPC_07_4810,2007-06-14,2007,PE26,England,Huntingdonshire,Conventional crop,1,Unknown/Other,King Edward,False
196,BPC_07_4854,2007-06-14,2007,IP28,England,West Suffolk,Conventional crop,1,Unknown/Other,Maris Piper,False
195,BPC_07_4850,2007-06-14,2007,IP28,England,West Suffolk,Conventional crop,1,Unknown/Other,Maris Piper,False
192,BPC_07_4802,2007-06-14,2007,PE12,England,South Holland,Conventional crop,1,Unknown/Other,Maris Bard,False
191,BPC_07_4798,2007-06-14,2007,PE34,England,King's Lynn and West Norfolk,Conventional crop,1,Unknown/Other,Maris Piper,False
194,BPC_07_4814,2007-06-14,2007,PE12,England,South Holland,Organic crop,1,Unknown/Other,Sante,False
197,BPC_07_4818,2007-06-15,2007,SA62,Wales,Pembrokeshire,Conventional crop,1,Unknown/Other,King Edward,False
198,BPC_07_4822,2007-06-15,2007,SA62,Wales,Pembrokeshire,Conventional crop,1,Unknown/Other,Desiree,False
199,BPC_07_4826,2007-06-15,2007,SA62,Wales,Pembrokeshire,Conventional crop,1,Unknown/Other,Melody,False
200,BPC_07_4834,2007-06-15,2007,TF7,England,Telford and Wrekin,Organic crop,1,Unknown/Other,Unknown/Other,False
201,BPC_07_4842,2007-06-16,2007,CB7,England,East Cambridgeshire,Conventional crop,1,Unknown/Other,Maris Piper,False
202,BPC_07_4846,2007-06-16,2007,CB7,England,East Cambridgeshire,Conventional crop,1,Unknown/Other,Maris Piper,False
203,BPC_07_4978,2007-06-17,2007,SA71,Wales,Pembrokeshire,Garden/Allotment,0,Unknown/Other,International Kidney,False
206,BPC_07_4862,2007-06-18,2007,PE20,England,Boston,Conventional crop,1,Unknown/Other,Maris Piper,False
207,BPC_07_4930,2007-06-18,2007,BN2,England,Brighton and Hove,Garden/Allotment,0,Unknown/Other,Unknown/Other,False
204,BPC_07_4838,2007-06-18,2007,CB7,England,East Cambridgeshire,Conventional crop,1,Unknown/Other,Maris Piper,False
205,BPC_07_4858,2007-06-18,2007,CT3,England,Canterbury,Conventional crop,1,Unknown/Other,Markies,False
211,BPC_07_4878,2007-06-19,2007,WV5,England,South Staffordshire,Conventional crop,1,Unknown/Other,Victoria,False
210,BPC_07_4874,2007-06-19,2007,TA19,England,Somerset,Conventional crop,1,Unknown/Other,King Edward,False
208,BPC_07_4866,2007-06-19,2007,CB25,England,South Cambridgeshire,Conventional crop,1,Unknown/Other,Maris Piper,False
209,BPC_07_4870,2007-06-19,2007,DG9,Scotland,Dumfries and Galloway,Conventional crop,1,Unknown/Other,Unknown/Other,False
212,BPC_07_4886,2007-06-20,2007,LN1,England,West Lindsey,Conventional crop,1,Unknown/Other,King Edward,False
213,BPC_07_4890,2007-06-20,2007,LL33,Wales,Conwy,Garden/Allotment,0,Unknown/Other,Desiree,False
214,BPC_07_4894,2007-06-20,2007,IP9,England,Babergh,Conventional crop,1,Unknown/Other,Maris Peer,False
215,BPC_07_4906,2007-06-20,2007,PL30,England,Cornwall,Conventional crop,1,Unknown/Other,Maris Piper,False
216,BPC_07_4910,2007-06-20,2007,GU31,England,East Hampshire,Conventional crop,1,Unknown/Other,Saxon,False
217,BPC_07_4954,2007-06-20,2007,PE16,England,Fenland,Conventional crop,1,Unknown/Other,Unknown/Other,False
220,BPC_07_4926,2007-06-21,2007,TA12,England,Somerset,Organic crop,1,Unknown/Other,Unknown/Other,False
224,BPC_07_4970,2007-06-21,2007,TA12,England,Somerset,Organic crop,1,Unknown/Other,Unknown/Other,False
223,BPC_07_4966,2007-06-21,2007,PE12,England,South Holland,Conventional crop,1,Unknown/Other,Sylvana,False
222,BPC_07_4962,2007-06-21,2007,PE12,England,South Holland,Conventional crop,1,Unknown/Other,Melody,False
219,BPC_07_4918,2007-06-21,2007,TA14,England,Somerset,Conventional crop,1,Unknown/Other,Sante,False
218,BPC_07_4914,2007-06-21,2007,NR28,England,North Norfolk,Conventional crop,1,Unknown/Other,Pentland Dell,False
221,BPC_07_4958,2007-06-21,2007,PE12,England,South Holland,Conventional crop,1,Unknown/Other,Marfona,False
225,BPC_07_4934,2007-06-22,2007,WV9,England,South Staffordshire,Conventional crop,1,Unknown/Other,Maris Piper,False
226,BPC_07_4938,2007-06-22,2007,CV8,England,Warwick,Volunteer,0,Unknown/Other,Markies,False
227,BPC_07_4950,2007-06-22,2007,CV8,England,Warwick,Conventional crop,1,Unknown/Other,Unknown/Other,False
228,BPC_07_4942,2007-06-23,2007,SA71,Wales,Pembrokeshire,Conventional crop,1,Unknown/Other,King Edward,False
229,BPC_07_4946,2007-06-23,2007,SY4,England,Shropshire,Conventional crop,1,Unknown/Other,Estima,False
233,BPC_07_4998,2007-06-25,2007,DY8,England,Dudley,Conventional crop,1,Unknown/Other,Maris Piper,False
234,BPC_07_5154,2007-06-25,2007,PE7,England,Huntingdonshire,Conventional crop,1,Unknown/Other,Wilja,False
230,BPC_07_4974,2007-06-25,2007,IP27,England,West Suffolk,Conventional crop,1,Unknown/Other,Maris Piper,False
231,BPC_07_4986,2007-06-25,2007,NG34,England,North Kesteven,Conventional crop,1,Unknown/Other,King Edward,False
232,BPC_07_4990,2007-06-25,2007,PE7,England,Huntingdonshire,Conventional crop,1,Unknown/Other,Sante,False
242,BPC_07_5030,2007-06-26,2007,PE20,England,Boston,Conventional crop,1,Unknown/Other,Estima,False
247,BPC_07_5050,2007-06-26,2007,L31,England,Sefton,Organic crop,1,Unknown/Other,Unknown/Other,False
246,BPC_07_5046,2007-06-26,2007,WA7,England,Halton,Conventional crop,1,Unknown/Other,Maris Piper,False
245,BPC_07_5042,2007-06-26,2007,CW6,England,Cheshire West and Chester,Conventional crop,1,Unknown/Other,Agna,False
244,BPC_07_5038,2007-06-26,2007,WV6,England,Wolverhampton,Conventional crop,1,Unknown/Other,Unknown/Other,False
243,BPC_07_5034,2007-06-26,2007,PE16,England,Fenland,Conventional crop,1,Unknown/Other,Estima,False
241,BPC_07_5026,2007-06-26,2007,PE20,England,Boston,Conventional crop,1,Unknown/Other,Maris Piper,False
240,BPC_07_5022,2007-06-26,2007,PE7,England,Huntingdonshire,Conventional crop,1,Unknown/Other,Maris Piper,False
239,BPC_07_5018,2007-06-26,2007,LN9,England,East Lindsey,Volunteer,0,Unknown/Other,Rooster,False
238,BPC_07_5014,2007-06-26,2007,WV7,England,Shropshire,Organic crop,1,Unknown/Other,Milva,False
237,BPC_07_5010,2007-06-26,2007,CT3,England,Canterbury,Conventional crop,1,Unknown/Other,Maris Piper,False
236,BPC_07_5002,2007-06-26,2007,PE6,England,South Kesteven,Conventional crop,1,Unknown/Other,Markies,False
235,BPC_07_4994,2007-06-26,2007,PE26,England,Huntingdonshire,Conventional crop,1,Unknown/Other,Victoria,False
248,BPC_07_5054,2007-06-26,2007,CT7,England,Thanet,Conventional crop,1,Unknown/Other,King Edward,False
249,BPC_07_5198,2007-06-26,2007,PE12,England,South Holland,Conventional crop,1,Unknown/Other,Maris Piper,False
259,BPC_07_5118,2007-06-27,2007,PE10,England,South Kesteven,Conventional crop,1,Unknown/Other,Maris Piper,False
260,BPC_07_5122,2007-06-27,2007,PE10,England,South Kesteven,Conventional crop,1,Unknown/Other,Maris Piper,False
255,BPC_07_5086,2007-06-27,2007,PE13,England,Fenland,Conventional crop,1,Unknown/Other,Cara,False
262,BPC_07_5194,2007-06-27,2007,ME13,England,Swale,Conventional crop,1,Unknown/Other,Desiree,False
258,BPC_07_5114,2007-06-27,2007,PE10,England,South Kesteven,Conventional crop,1,Unknown/Other,Maris Piper,False
261,BPC_07_5142,2007-06-27,2007,TN28,England,Folkestone and Hythe,Conventional crop,1,Unknown/Other,Maris Piper,False
257,BPC_07_5094,2007-06-27,2007,HR2,England,Herefordshire,Conventional crop,1,Unknown/Other,Estima,False
252,BPC_07_50742,2007-06-27,2007,LL76,Wales,Isle of Anglesey,Trial,1,Unknown/Other,Bintje,False
250,BPC_07_5058,2007-06-27,2007,LN4,England,North Kesteven,Conventional crop,1,Unknown/Other,Saxon,False
254,BPC_07_5082,2007-06-27,2007,NR9,England,South Norfolk,Conventional crop,1,Unknown/Other,Unknown/Other,False
253,BPC_07_5074,2007-06-27,2007,LL76,Wales,Isle of Anglesey,Trial,1,Unknown/Other,Bintje,False
256,BPC_07_5090,2007-06-27,2007,PE12,England,South Holland,Conventional crop,1,Unknown/Other,Premiere,False
251,BPC_07_5066,2007-06-27,2007,ST19,England,South Staffordshire,Conventional crop,1,Unknown/Other,Dandrod,False
263,BPC_07_5102,2007-06-28,2007,IP14,England,Mid Suffolk,Organic crop,1,Unknown/Other,Unknown/Other,False
264,BPC_07_5106,2007-06-28,2007,PE26,England,Huntingdonshire,Conventional crop,1,Unknown/Other,Markies,False
265,BPC_07_5110,2007-06-28,2007,PE26,England,Huntingdonshire,Conventional crop,1,Unknown/Other,Maris Piper,False
266,BPC_07_5130,2007-06-28,2007,CT3,England,Canterbury,Conventional crop,1,Unknown/Other,Premiere,False
267,BPC_07_5134,2007-06-28,2007,CT3,England,Canterbury,Conventional crop,1,Unknown/Other,Maris Piper,False
268,BPC_07_5138,2007-06-28,2007,CT3,England,Canterbury,Conventional crop,1,Unknown/Other,Maris Piper,False
269,BPC_07_5146,2007-06-28,2007,CT3,England,Canterbury,Conventional crop,1,Unknown/Other,King Edward,False
270,BPC_07_5150,2007-06-28,2007,CT3,England,Canterbury,Conventional crop,1,Unknown/Other,King Edward,False
275,BPC_07_5174,2007-06-29,2007,TF11,England,Shropshire,Conventional crop,1,Unknown/Other,Unknown/Other,False
273,BPC_07_5166,2007-06-29,2007,CT7,England,Thanet,Dump,0,Unknown/Other,Unknown/Other,False
274,BPC_07_5170,2007-06-29,2007,CT7,England,Thanet,Conventional crop,1,Unknown/Other,Maris Piper,False
271,BPC_07_5158,2007-06-29,2007,CT7,England,Thanet,Unknown/Other,0,Unknown/Other,King Edward,False
272,BPC_07_5162,2007-06-29,2007,CT7,England,Thanet,Conventional crop,1,Unknown/Other,King Edward,False
276,BPC_07_5178,2007-06-30,2007,TF6,England,Telford and Wrekin,Conventional crop,1,Unknown/Other,Unknown/Other,False
277,BPC_07_5182,2007-06-30,2007,GL18,England,Forest of Dean,Conventional crop,1,Unknown/Other,Estima,False
278,BPC_07_5186,2007-07-01,2007,HR9,England,Herefordshire,Conventional crop,1,Unknown/Other,Estima,False
279,BPC_07_5250,2007-07-01,2007,NR29,England,Great Yarmouth,Conventional crop,1,Unknown/Other,Lady Claire,False
289,BPC_07_5342,2007-07-02,2007,PE22,England,Boston,Conventional crop,1,Unknown/Other,Maris Piper,False
288,BPC_07_5230,2007-07-02,2007,WV16,England,Shropshire,Volunteer,0,Unknown/Other,Unknown/Other,False
287,BPC_07_5226,2007-07-02,2007,WV6,England,Wolverhampton,Conventional crop,1,Unknown/Other,Markies,False
286,BPC_07_5222,2007-07-02,2007,SY2,England,Shropshire,Garden/Allotment,0,Unknown/Other,Unknown/Other,False
285,BPC_07_5218,2007-07-02,2007,NP15,Wales,Monmouthshire,Conventional crop,1,Unknown/Other,Estima,False
290,BPC_07_5386,2007-07-02,2007,DD5,Scotland,Dundee City,Conventional crop,1,Unknown/Other,Druid,False
283,BPC_07_5210,2007-07-02,2007,KY14,Scotland,Fife,Conventional crop,1,Unknown/Other,Saxon,False
281,BPC_07_5202,2007-07-02,2007,IP28,England,West Suffolk,Conventional crop,1,Unknown/Other,Nadine,False
280,BPC_07_5190,2007-07-02,2007,NR11,England,North Norfolk,Conventional crop,1,Unknown/Other,Premiere,False
284,BPC_07_5214,2007-07-02,2007,DD11,Scotland,Angus,Conventional crop,1,Unknown/Other,Desiree,False
282,BPC_07_5206,2007-07-02,2007,TF6,England,Telford and Wrekin,Conventional crop,1,Unknown/Other,Unknown/Other,False
304,BPC_07_5318,2007-07-03,2007,PH13,Scotland,Perth and Kinross,Conventional crop,1,Unknown/Other,Premiere,False
303,BPC_07_5314,2007-07-03,2007,KY14,Scotland,Fife,Unknown/Other,0,Unknown/Other,Marfona,False
305,BPC_07_5326,2007-07-03,2007,NE71,England,Northumberland,Volunteer,0,Unknown/Other,Unknown/Other,False
306,BPC_07_5330,2007-07-03,2007,B79,England,Tamworth,Conventional crop,1,Unknown/Other,Saturna,False
311,BPC_07_5362,2007-07-03,2007,CT6,England,Canterbury,Conventional crop,1,Unknown/Other,Estima,False
308,BPC_07_5338,2007-07-03,2007,DE73,England,South Derbyshire,Conventional crop,1,Unknown/Other,Hermes,False
310,BPC_07_5358,2007-07-03,2007,CT6,England,Canterbury,Conventional crop,1,Unknown/Other,Maris Piper,False
302,BPC_07_5310,2007-07-03,2007,PH13,Scotland,Perth and Kinross,Organic crop,1,Unknown/Other,Orla,False
307,BPC_07_5334,2007-07-03,2007,WS14,England,Lichfield,Conventional crop,1,Unknown/Other,Maris Piper,False
301,BPC_07_5294,2007-07-03,2007,PE20,England,Boston,Conventional crop,1,Unknown/Other,Estima,False
309,BPC_07_5354,2007-07-03,2007,CT3,England,Canterbury,Conventional crop,1,Unknown/Other,King Edward,False
299,BPC_07_5286,2007-07-03,2007,NR14,England,South Norfolk,Conventional crop,1,Unknown/Other,Pentland Dell,False
298,BPC_07_5282,2007-07-03,2007,IP17,England,East Suffolk,Volunteer,0,Unknown/Other,Unknown/Other,False
297,BPC_07_5270,2007-07-03,2007,PE34,England,King's Lynn and West Norfolk,Conventional crop,1,Unknown/Other,King Edward,False
296,BPC_07_5266,2007-07-03,2007,NR28,England,North Norfolk,Unknown/Other,0,Unknown/Other,Lady Rosetta,False
295,BPC_07_5248,2007-07-03,2007,PE20,England,Boston,Conventional crop,1,Unknown/Other,Estima,False
294,BPC_07_5246,2007-07-03,2007,WS15,England,Cannock Chase,Conventional crop,1,Unknown/Other,Lady Rosetta,False
293,BPC_07_5242,2007-07-03,2007,BA22,England,Somerset,Conventional crop,1,Unknown/Other,Estima,False
300,BPC_07_5290,2007-07-03,2007,HU12,England,East Riding of Yorkshire,Conventional crop,1,Unknown/Other,Pentland Dell,False
292,BPC_07_5238,2007-07-03,2007,NR12,England,North Norfolk,Conventional crop,1,Unknown/Other,Fontane,False
291,BPC_07_5234,2007-07-03,2007,TR12,England,Cornwall,Garden/Allotment,0,Unknown/Other,Sarpo Mira,False
316,BPC_07_5690,2007-07-04,2007,KA6,Scotland,South Ayrshire,Trial,1,Unknown/Other,Unknown/Other,False
315,BPC_07_5374,2007-07-04,2007,EH42,Scotland,East Lothian,Conventional crop,1,Unknown/Other,Maris Piper,False
312,BPC_07_5322,2007-07-04,2007,DD8,Scotland,Angus,Unknown/Other,0,Unknown/Other,Saxon,False
313,BPC_07_5346,2007-07-04,2007,DD8,Scotland,Angus,Unknown/Other,0,Unknown/Other,Maris Piper,False
314,BPC_07_5350,2007-07-04,2007,EH42,Scotland,East Lothian,Conventional crop,1,Unknown/Other,Maris Piper,False
325,BPC_07_5406,2007-07-05,2007,PE12,England,South Holland,Conventional crop,1,Unknown/Other,Unknown/Other,False
330,BPC_07_5446,2007-07-05,2007,PH2,Scotland,Perth and Kinross,Conventional crop,1,Unknown/Other,Marfona,False
329,BPC_07_5422,2007-07-05,2007,CV33,England,Stratford-on-Avon,Conventional crop,1,Unknown/Other,Pentland Dell,False
328,BPC_07_5418,2007-07-05,2007,CV3,England,Coventry,Conventional crop,1,Unknown/Other,Markies,False
327,BPC_07_5414,2007-07-05,2007,IP22,England,South Norfolk,Volunteer,0,Unknown/Other,Unknown/Other,False
326,BPC_07_5410,2007-07-05,2007,IP22,England,South Norfolk,Conventional crop,1,Unknown/Other,Unknown/Other,False
324,BPC_07_5402,2007-07-05,2007,IP13,England,East Suffolk,Volunteer,0,Unknown/Other,Charlotte,False
331,BPC_07_5450,2007-07-05,2007,PH2,Scotland,Perth and Kinross,Conventional crop,1,Unknown/Other,Marfona,False
322,BPC_07_5394,2007-07-05,2007,DD8,Scotland,Angus,Unknown/Other,0,Unknown/Other,Romano,False
321,BPC_07_5390,2007-07-05,2007,DD8,Scotland,Angus,Unknown/Other,0,Unknown/Other,Lady Rosetta,False
320,BPC_07_5382,2007-07-05,2007,DN14,England,East Riding of Yorkshire,Conventional crop,1,Unknown/Other,Unknown/Other,False
319,BPC_07_5378,2007-07-05,2007,DD8,Scotland,Angus,Unknown/Other,0,Unknown/Other,Cabaret,False
318,BPC_07_5370,2007-07-05,2007,WN6,England,Wigan,Conventional crop,1,Unknown/Other,Maris Piper,False
317,BPC_07_5366,2007-07-05,2007,IP13,England,East Suffolk,Conventional crop,1,Unknown/Other,Maris Piper,False
323,BPC_07_5398,2007-07-05,2007,PR4,England,Fylde,Organic crop,1,Unknown/Other,Sante,False
332,BPC_07_5442,2007-07-06,2007,EH32,Scotland,East Lothian,Conventional crop,1,Unknown/Other,Maris Piper,False
333,BPC_07_5454,2007-07-06,2007,KY1,Scotland,Fife,Conventional crop,1,Unknown/Other,Saxon,False
334,BPC_07_5458,2007-07-08,2007,TF10,England,Telford and Wrekin,Volunteer,0,Unknown/Other,Unknown/Other,False
335,BPC_07_5462,2007-07-08,2007,EH39,Scotland,East Lothian,Organic crop,1,Unknown/Other,Axona,False
344,BPC_07_5514,2007-07-09,2007,KY13,Scotland,Perth and Kinross,Conventional crop,1,Unknown/Other,Saxon,False
343,BPC_07_5506,2007-07-09,2007,CT3,England,Canterbury,Conventional crop,1,Unknown/Other,Maris Piper,False
341,BPC_07_5498,2007-07-09,2007,YO25,England,East Riding of Yorkshire,Conventional crop,1,Unknown/Other,King Edward,False
340,BPC_07_5494,2007-07-09,2007,PE10,England,South Kesteven,Conventional crop,1,Unknown/Other,Unknown/Other,False
342,BPC_07_5502,2007-07-09,2007,CT3,England,Canterbury,Conventional crop,1,Unknown/Other,Marfona,False
338,BPC_07_5478,2007-07-09,2007,SA48,Wales,Ceredigion,Conventional crop,1,Unknown/Other,King Edward,False
337,BPC_07_5474,2007-07-09,2007,CT7,England,Thanet,Conventional crop,1,Unknown/Other,Desiree,False
336,BPC_07_5466,2007-07-09,2007,YO25,England,East Riding of Yorkshire,Conventional crop,1,Unknown/Other,Melody,False
339,BPC_07_5482,2007-07-09,2007,CA11,England,Westmorland and Furness,Conventional crop,1,Unknown/Other,Morene,False
354,BPC_07_5570,2007-07-10,2007,AB45,Scotland,Aberdeenshire,Conventional crop,1,Unknown/Other,Cara,False
353,BPC_07_5566,2007-07-10,2007,CT3,England,Canterbury,Conventional crop,1,Unknown/Other,King Edward,False
352,BPC_07_5562,2007-07-10,2007,CT3,England,Canterbury,Conventional crop,1,Unknown/Other,Melody,False
351,BPC_07_5554,2007-07-10,2007,CA6,England,Cumberland,Conventional crop,1,Unknown/Other,Ramos,False
350,BPC_07_5538,2007-07-10,2007,LN6,England,North Kesteven,Conventional crop,1,Unknown/Other,Unknown/Other,False
348,BPC_07_5530,2007-07-10,2007,CA4,England,Cumberland,Conventional crop,1,Unknown/Other,Cabaret,False
347,BPC_07_5526,2007-07-10,2007,KY8,Scotland,Fife,Conventional crop,1,Unknown/Other,Emma,False
346,BPC_07_5522,2007-07-10,2007,KY8,Scotland,Fife,Conventional crop,1,Unknown/Other,Orla,False
345,BPC_07_5518,2007-07-10,2007,KY8,Scotland,Fife,Conventional crop,1,Unknown/Other,Harmony,False
349,BPC_07_5534,2007-07-10,2007,PH14,Scotland,Perth and Kinross,Conventional crop,1,Unknown/Other,King Edward,False
363,BPC_07_5610,2007-07-11,2007,CT3,England,Canterbury,Conventional crop,1,Unknown/Other,Maris Piper,False
367,BPC_07_5638,2007-07-11,2007,TR25,England,Isles of Scilly,Organic crop,1,Unknown/Other,Unknown/Other,False
366,BPC_07_5622,2007-07-11,2007,GL3,England,Gloucester,Garden/Allotment,0,Unknown/Other,Pentland Crown,False
365,BPC_07_5618,2007-07-11,2007,CT9,England,Thanet,Conventional crop,1,Unknown/Other,Riviera,False
364,BPC_07_5614,2007-07-11,2007,CT3,England,Canterbury,Conventional crop,1,Unknown/Other,Wilja,False
362,BPC_07_5606,2007-07-11,2007,DN22,England,Bassetlaw,Conventional crop,1,Unknown/Other,Saturna,False
355,BPC_07_5574,2007-07-11,2007,DD8,Scotland,Angus,Conventional crop,1,Unknown/Other,King Edward,False
360,BPC_07_5598,2007-07-11,2007,DN10,England,Bassetlaw,Conventional crop,1,Unknown/Other,Unknown/Other,False
359,BPC_07_5590,2007-07-11,2007,TD5,Scotland,Scottish Borders,Conventional crop,1,Unknown/Other,Pentland Dell,False
358,BPC_07_5586,2007-07-11,2007,PH10,Scotland,Perth and Kinross,Conventional crop,1,Unknown/Other,Maris Piper,False
357,BPC_07_5582,2007-07-11,2007,DD11,Scotland,Angus,Conventional crop,1,Unknown/Other,Camelot,False
356,BPC_07_5578,2007-07-11,2007,KY8,Scotland,Fife,Conventional crop,1,Unknown/Other,Unknown/Other,False
361,BPC_07_5602,2007-07-11,2007,DN22,England,Bassetlaw,Conventional crop,1,Unknown/Other,Hermes,False
374,BPC_07_5666,2007-07-12,2007,EH40,Scotland,East Lothian,Conventional crop,1,Unknown/Other,King Edward,False
372,BPC_07_5658,2007-07-12,2007,TD6,Scotland,Scottish Borders,Conventional crop,1,Unknown/Other,Estima,False
371,BPC_07_5634,2007-07-12,2007,KY15,Scotland,Fife,Conventional crop,1,Unknown/Other,Saxon,False
373,BPC_07_5662,2007-07-12,2007,TD6,Scotland,Scottish Borders,Conventional crop,1,Unknown/Other,King Edward,False
369,BPC_07_5626,2007-07-12,2007,DD9,Scotland,Angus,Conventional crop,1,Unknown/Other,Estima,False
368,BPC_07_5594,2007-07-12,2007,EH21,Scotland,East Lothian,Conventional crop,1,Unknown/Other,Unknown/Other,False
370,BPC_07_5630,2007-07-12,2007,PH2,Scotland,Perth and Kinross,Conventional crop,1,Unknown/Other,Ambo,False
375,BPC_07_5646,2007-07-13,2007,KY15,Scotland,Fife,Conventional crop,1,Unknown/Other,Saxon,False
376,BPC_07_5650,2007-07-13,2007,KY15,Scotland,Fife,Conventional crop,1,Unknown/Other,Saxon,False
377,BPC_07_5654,2007-07-13,2007,PH10,Scotland,Perth and Kinross,Conventional crop,1,Unknown/Other,Maris Piper,False
378,BPC_07_5670,2007-07-13,2007,DD9,Scotland,Angus,Conventional crop,1,Unknown/Other,Saxon,False
379,BPC_07_5674,2007-07-13,2007,PH11,Scotland,Perth and Kinross,Conventional crop,1,Unknown/Other,Galactica,False
380,BPC_07_5678,2007-07-13,2007,KY10,Scotland,Fife,Conventional crop,1,Unknown/Other,Desiree,False
381,BPC_07_5802,2007-07-13,2007,OX44,England,South Oxfordshire,Organic crop,1,Unknown/Other,Maris Bard,False
383,BPC_07_5722,2007-07-14,2007,RG14,England,West Berkshire,Conventional crop,1,Unknown/Other,Marfona,False
382,BPC_07_5682,2007-07-14,2007,ME18,England,Maidstone,Organic crop,1,Unknown/Other,Marfona,False
384,BPC_07_5806,2007-07-14,2007,OX44,England,South Oxfordshire,Organic crop,1,Unknown/Other,Sante,False
385,BPC_07_5686,2007-07-15,2007,SG8,England,North Hertfordshire,Unknown/Other,0,Unknown/Other,Unknown/Other,False
386,BPC_07_5694,2007-07-16,2007,DN17,England,North Lincolnshire,Conventional crop,1,Unknown/Other,Marfona,False
387,BPC_07_5698,2007-07-16,2007,DN21,England,West Lindsey,Conventional crop,1,Unknown/Other,Maris Piper,False
388,BPC_07_5718,2007-07-16,2007,IP24,England,Breckland,Volunteer,0,Unknown/Other,Unknown/Other,False
389,BPC_07_5726,2007-07-16,2007,IV2,Scotland,Highland,Conventional crop,1,Unknown/Other,Unknown/Other,False
390,BPC_07_5750,2007-07-17,2007,EX38,England,Torridge,Unknown/Other,0,Unknown/Other,Sarpo Mira,False
391,BPC_07_5746,2007-07-18,2007,PH2,Scotland,Perth and Kinross,Conventional crop,1,Unknown/Other,Unknown/Other,False
392,BPC_07_5790,2007-07-18,2007,YO25,England,East Riding of Yorkshire,Garden/Allotment,0,Unknown/Other,Unknown/Other,False
393,BPC_07_5758,2007-07-19,2007,IP31,England,West Suffolk,Conventional crop,1,Unknown/Other,Unknown/Other,False
394,BPC_07_5778,2007-07-20,2007,DD8,Scotland,Angus,Conventional crop,1,Unknown/Other,Habibi,False
395,BPC_07_5786,2007-07-20,2007,SA48,Wales,Ceredigion,Conventional crop,1,Unknown/Other,Sarpo Mira,False
396,BPC_07_5794,2007-07-20,2007,DD8,Scotland,Angus,Conventional crop,1,Unknown/Other,Estima,False
400,BPC_07_5822,2007-07-24,2007,YO25,England,East Riding of Yorkshire,Conventional crop,1,Unknown/Other,Unknown/Other,False
399,BPC_07_5818,2007-07-24,2007,YO17,England,North Yorkshire,Conventional crop,1,Unknown/Other,Unknown/Other,False
397,BPC_07_5810,2007-07-24,2007,AB45,Scotland,Aberdeenshire,Conventional crop,1,Unknown/Other,Habibi,False
398,BPC_07_5814,2007-07-24,2007,TD12,Scotland,Scottish Borders,Conventional crop,1,Unknown/Other,Unknown/Other,False
408,BPC_07_5898,2007-07-25,2007,YO25,England,East Riding of Yorkshire,Conventional crop,1,Unknown/Other,Nadine,False
401,BPC_07_5826,2007-07-25,2007,TD5,Scotland,Scottish Borders,Conventional crop,1,Unknown/Other,Maris Piper,False
402,BPC_07_5834,2007-07-25,2007,CA6,England,Cumberland,Conventional crop,1,Unknown/Other,Maris Piper,False
403,BPC_07_5838,2007-07-25,2007,DD10,Scotland,Angus,Conventional crop,1,Unknown/Other,Unknown/Other,False
404,BPC_07_5842,2007-07-25,2007,DD10,Scotland,Angus,Conventional crop,1,Unknown/Other,Unknown/Other,False
405,BPC_07_5846,2007-07-25,2007,DG16,Scotland,Dumfries and Galloway,Conventional crop,1,Unknown/Other,Estima,False
406,BPC_07_5850,2007-07-25,2007,EH42,Scotland,East Lothian,Organic crop,1,Unknown/Other,Unknown/Other,False
407,BPC_07_5854,2007-07-25,2007,DD9,Scotland,Angus,Conventional crop,1,Unknown/Other,Maris Piper,False
410,BPC_07_5862,2007-07-26,2007,DD8,Scotland,Angus,Conventional crop,1,Unknown/Other,King Edward,False
411,BPC_07_5866,2007-07-26,2007,KY12,Scotland,Fife,Conventional crop,1,Unknown/Other,Unknown/Other,False
409,BPC_07_5858,2007-07-26,2007,DD8,Scotland,Angus,Conventional crop,1,Unknown/Other,King Edward,False
415,BPC_07_5894,2007-07-27,2007,YO62,England,North Yorkshire,Conventional crop,1,Unknown/Other,Unknown/Other,False
414,BPC_07_5882,2007-07-27,2007,YO25,England,East Riding of Yorkshire,Conventional crop,1,Unknown/Other,Estima,False
413,BPC_07_5878,2007-07-27,2007,DD8,Scotland,Angus,Conventional crop,1,Unknown/Other,Orla,False
412,BPC_07_5870,2007-07-27,2007,YO13,England,North Yorkshire,Conventional crop,1,Unknown/Other,Unknown/Other,False
416,BPC_07_5890,2007-07-28,2007,HR9,England,Herefordshire,Conventional crop,1,Unknown/Other,Pentland Dell,False
417,BPC_07_5886,2007-07-29,2007,HR1,England,Herefordshire,Organic crop,1,Unknown/Other,Unknown/Other,False
418,BPC_07_5914,2007-08-04,2007,DL11,England,North Yorkshire,Conventional crop,1,Unknown/Other,Unknown/Other,False
419,BPC_07_5950,2007-08-08,2007,KA6,Scotland,South Ayrshire,Conventional crop,1,Unknown/Other,Unknown/Other,False
420,BPC_07_5982,2007-08-19,2007,AB51,Scotland,Aberdeenshire,Conventional crop,1,Unknown/Other,Lady Rosetta,False
421,BPC_07_6014,2007-08-30,2007,TD14,Scotland,Scottish Borders,Conventional crop,1,Unknown/Other,Saxon,False
422,BPC_07_6016,2007-08-30,2007,TD11,Scotland,Scottish Borders,Conventional crop,1,Unknown/Other,Estima,False
425,BPC_08_6030,2008-05-08,2008,SA71,Wales,Pembrokeshire,Conventional crop,1,Unknown/Other,Rocket,False
426,BPC_08_6034,2008-05-21,2008,DG9,Scotland,Dumfries and Galloway,Dump,0,Unknown/Other,Unknown/Other,False
429,BPC_08_6046,2008-05-27,2008,TR12,England,Cornwall,Garden/Allotment,0,Unknown/Other,Red Duke of York,False
428,BPC_08_6042,2008-05-27,2008,CT7,England,Thanet,Dump,0,Unknown/Other,Unknown/Other,False
427,BPC_08_6038,2008-05-27,2008,CT7,England,Thanet,Dump,0,Unknown/Other,Unknown/Other,False
430,BPC_08_6050,2008-05-28,2008,SA73,Wales,Pembrokeshire,Conventional crop,1,Unknown/Other,Premiere,False
431,BPC_08_6054,2008-05-28,2008,CT6,England,Canterbury,Dump,0,Unknown/Other,Unknown/Other,False
432,BPC_08_6066,2008-06-04,2008,CV22,England,Rugby,Dump,0,Unknown/Other,Markies,False
433,BPC_08_6070,2008-06-04,2008,IP12,England,East Suffolk,Conventional crop,1,Unknown/Other,Shepody,False
434,BPC_08_6082,2008-06-10,2008,IP13,England,East Suffolk,Volunteer,0,Unknown/Other,Maris Piper,False
435,BPC_08_6086,2008-06-10,2008,SA62,Wales,Pembrokeshire,Conventional crop,1,Unknown/Other,Premiere,False
436,BPC_08_6090,2008-06-10,2008,TF6,England,Telford and Wrekin,Dump,0,Unknown/Other,Maris Piper,False
437,BPC_08_6098,2008-06-11,2008,TA13,England,Somerset,Conventional crop,1,Unknown/Other,Marfona,False
438,BPC_08_6102,2008-06-11,2008,TA13,England,Somerset,Conventional crop,1,Unknown/Other,Maris Bard,False
439,BPC_08_6106,2008-06-12,2008,TR27,England,Cornwall,Conventional crop,1,Unknown/Other,Maris Peer,False
442,BPC_08_6130,2008-06-16,2008,PE26,England,Huntingdonshire,Conventional crop,1,Unknown/Other,Sante,False
440,BPC_08_6114,2008-06-16,2008,CB6,England,East Cambridgeshire,Conventional crop,1,Unknown/Other,Maris Piper,False
441,BPC_08_6118,2008-06-16,2008,CB6,England,East Cambridgeshire,Conventional crop,1,Unknown/Other,Maris Piper,False
443,BPC_08_6122,2008-06-17,2008,TR27,England,Cornwall,Conventional crop,1,Unknown/Other,Maris Peer,False
444,BPC_08_6126,2008-06-17,2008,PE7,England,Huntingdonshire,Dump,0,Unknown/Other,Unknown/Other,False
445,BPC_08_6134,2008-06-17,2008,TA19,England,Somerset,Conventional crop,1,Unknown/Other,Estima,False
446,BPC_08_6138,2008-06-17,2008,CT13,England,Dover,Conventional crop,1,Unknown/Other,Desiree,False
452,BPC_08_6174,2008-06-18,2008,PE7,England,Huntingdonshire,Conventional crop,1,Unknown/Other,Maris Piper,False
447,BPC_08_6142,2008-06-18,2008,AB38,Scotland,Moray,Garden/Allotment,0,Unknown/Other,Duke of York,False
448,BPC_08_6146,2008-06-18,2008,TA19,England,Somerset,Unknown/Other,0,Unknown/Other,Sante,False
449,BPC_08_6150,2008-06-18,2008,TR27,England,Cornwall,Conventional crop,1,Unknown/Other,Maris Peer,False
450,BPC_08_6154,2008-06-18,2008,TR27,England,Cornwall,Conventional crop,1,Unknown/Other,Unknown/Other,False
451,BPC_08_6162,2008-06-18,2008,TR2,England,Cornwall,Conventional crop,1,Unknown/Other,King Edward,False
454,BPC_08_6170,2008-06-19,2008,PE12,England,South Holland,Organic crop,1,Unknown/Other,Unknown/Other,False
453,BPC_08_6166,2008-06-19,2008,PE34,England,South Holland,Conventional crop,1,Unknown/Other,Maris Piper,False
455,BPC_08_6178,2008-06-20,2008,CO4,England,Colchester,Conventional crop,1,Unknown/Other,Marfona,False
456,BPC_08_6226,2008-06-21,2008,GU28,England,Chichester,Conventional crop,1,Unknown/Other,Saxon,False
457,BPC_08_6194,2008-06-23,2008,TR27,England,Cornwall,Conventional crop,1,Unknown/Other,Maris Peer,False
458,BPC_08_6198,2008-06-23,2008,DN10,England,Bassetlaw,Conventional crop,1,Unknown/Other,Lady Rosetta,False
459,BPC_08_6202,2008-06-24,2008,CB7,England,East Cambridgeshire,Dump,0,Unknown/Other,Estima,False
460,BPC_08_6210,2008-06-24,2008,PE26,England,Huntingdonshire,Conventional crop,1,Unknown/Other,Markies,False
461,BPC_08_6222,2008-06-25,2008,AB53,Scotland,Aberdeenshire,Dump,0,Unknown/Other,Unknown/Other,False
462,BPC_08_6230,2008-06-26,2008,SA62,Wales,Pembrokeshire,Conventional crop,1,Unknown/Other,Estima,False
463,BPC_08_6234,2008-06-26,2008,TR27,England,Cornwall,Conventional crop,1,Unknown/Other,Maris Peer,False
464,BPC_08_6238,2008-07-02,2008,TD5,Scotland,Scottish Borders,Conventional crop,1,Unknown/Other,Estima,False
465,BPC_08_6242,2008-07-03,2008,SA62,Wales,Pembrokeshire,Conventional crop,1,Unknown/Other,Oriana,False
466,BPC_08_6246,2008-07-05,2008,TF6,England,Telford and Wrekin,Organic crop,1,Unknown/Other,Vales Emerald,False
467,BPC_08_6250,2008-07-07,2008,WV8,England,South Staffordshire,Organic crop,1,Unknown/Other,Romano,False
468,BPC_08_6262,2008-07-08,2008,TR23,England,Isles of Scilly,Conventional crop,1,Unknown/Other,Unknown/Other,False
469,BPC_08_6258,2008-07-09,2008,TR25,England,Isles of Scilly,Organic crop,1,Unknown/Other,Unknown/Other,False
470,BPC_08_6266,2008-07-10,2008,PL14,England,Cornwall,Conventional crop,1,Unknown/Other,King Edward,False
471,BPC_08_6270,2008-07-10,2008,TR2,England,Cornwall,Conventional crop,1,Unknown/Other,Melody,False
472,BPC_08_6274,2008-07-11,2008,DL10,England,North Yorkshire,Organic crop,1,Unknown/Other,Nicola,False
473,BPC_08_6282,2008-07-11,2008,NR9,England,South Norfolk,Conventional crop,1,Unknown/Other,Unknown/Other,False
474,BPC_08_6286,2008-07-11,2008,YO7,England,North Yorkshire,Organic crop,1,Unknown/Other,Nicola,False
475,BPC_08_6298,2008-07-14,2008,HU17,England,East Riding of Yorkshire,Conventional crop,1,Unknown/Other,Marfona,False
480,BPC_08_6334,2008-07-15,2008,EH42,Scotland,East Lothian,Conventional crop,1,Unknown/Other,Unknown/Other,False
479,BPC_08_6322,2008-07-15,2008,SY20,Wales,Powys,Organic crop,1,Unknown/Other,Unknown/Other,False
478,BPC_08_6318,2008-07-15,2008,TA4,England,Somerset,Conventional crop,1,Unknown/Other,Estima,False
477,BPC_08_6310,2008-07-15,2008,SY4,England,Shropshire,Organic crop,1,Unknown/Other,Orla,False
476,BPC_08_6306,2008-07-15,2008,SY4,England,Shropshire,Organic crop,1,Unknown/Other,Vales Emerald,False
481,08_SP05,2008-07-16,2008,TD15,England,Northumberland,Conventional crop,1,Unknown/Other,Hermes,False
482,08_SWhisson,2008-07-16,2008,DD2,Scotland,Dundee City,Garden/Allotment,0,Unknown/Other,Unknown/Other,False
483,BPC_08_6338,2008-07-17,2008,AB53,Scotland,Aberdeenshire,Conventional crop,1,Unknown/Other,Marfona,False
484,08_SP07,2008-07-18,2008,DD8,Scotland,Angus,Conventional crop,1,Unknown/Other,King Edward,False
485,BPC_08_6342,2008-07-18,2008,IP26,England,King's Lynn and West Norfolk,Conventional crop,1,Unknown/Other,Vales Sovereign,False
486,BPC_08_6346,2008-07-20,2008,LL33,Wales,Conwy,Garden/Allotment,0,Unknown/Other,Unknown/Other,False
487,BPC_08_6350,2008-07-21,2008,YO8,England,North Yorkshire,Conventional crop,1,Unknown/Other,Maris Piper,False
488,BPC_08_6354,2008-07-21,2008,YO25,England,East Riding of Yorkshire,Conventional crop,1,Unknown/Other,King Edward,False
489,BPC_08_6358,2008-07-21,2008,YO43,England,East Riding of Yorkshire,Conventional crop,1,Unknown/Other,Carlita,False
491,BPC_08_6370,2008-07-24,2008,LS24,England,North Yorkshire,Conventional crop,1,Unknown/Other,Russet Burbank,False
490,BPC_08_6366,2008-07-24,2008,LL57,Wales,Gwynedd,Organic crop,1,Unknown/Other,Unknown/Other,False
492,BPC_08_6386,2008-07-25,2008,S81,England,Bassetlaw,Conventional crop,1,Unknown/Other,Unknown/Other,False
493,BPC_08_6390,2008-07-25,2008,AB41,Scotland,Aberdeenshire,Conventional crop,1,Unknown/Other,Unknown/Other,False
494,BPC_08_6394,2008-07-25,2008,LL33,Wales,Conwy,Trial,1,Unknown/Other,Arran Victory,False
495,BPC_08_6474,2008-07-26,2008,LL53,Wales,Gwynedd,Organic crop,1,Unknown/Other,Charlotte,False
496,BPC_08_6326,2008-07-28,2008,SY23,Wales,Ceredigion,Trial,1,Unknown/Other,King Edward,False
497,BPC_08_6398,2008-07-28,2008,SA62,Wales,Pembrokeshire,Conventional crop,1,Unknown/Other,Melody,False
498,BPC_08_6402,2008-07-28,2008,NR21,England,North Norfolk,Volunteer,0,Unknown/Other,Maris Piper,False
499,BPC_08_6410,2008-07-28,2008,KY16,Scotland,Fife,Conventional crop,1,Unknown/Other,King Edward,False
500,BPC_08_6414,2008-07-28,2008,DD6,Scotland,Fife,Volunteer,0,Unknown/Other,Maris Piper,False
501,BPC_08_6478,2008-07-28,2008,LN4,England,North Kesteven,Conventional crop,1,Unknown/Other,Desiree,False
503,BPC_08_6422,2008-07-29,2008,SG8,England,North Hertfordshire,Trial,1,Unknown/Other,Russet Burbank,False
506,BPC_08_6438,2008-07-29,2008,PE11,England,South Holland,Conventional crop,1,Unknown/Other,Romano,False
505,BPC_08_6434,2008-07-29,2008,PE11,England,South Holland,Conventional crop,1,Unknown/Other,Maris Piper,False
502,BPC_08_6418,2008-07-29,2008,SA73,Wales,Pembrokeshire,Conventional crop,1,Unknown/Other,Wilja,False
504,BPC_08_6426,2008-07-29,2008,KY9,Scotland,Fife,Conventional crop,1,Unknown/Other,Saxon,False
507,BPC_08_6430,2008-07-30,2008,YO61,England,North Yorkshire,Conventional crop,1,Unknown/Other,Maris Piper,False
508,BPC_08_6446,2008-07-30,2008,SA48,Wales,Ceredigion,Conventional crop,1,Unknown/Other,Wilja,False
509,BPC_08_6450,2008-07-31,2008,AB41,Scotland,Aberdeenshire,Conventional crop,1,Unknown/Other,Unknown/Other,False
510,BPC_08_6454,2008-07-31,2008,AB41,Scotland,Aberdeenshire,Conventional crop,1,Unknown/Other,Unknown/Other,False
513,BPC_08_6470,2008-08-02,2008,LS25,England,Leeds,Conventional crop,1,Unknown/Other,Unknown/Other,False
511,08_SP09,2008-08-02,2008,DD4,Scotland,Dundee City,Conventional crop,1,Unknown/Other,Wilja,False
512,BPC_08_6462,2008-08-02,2008,YO8,England,North Yorkshire,Conventional crop,1,Unknown/Other,Unknown/Other,False
514,BPC_08_6490,2008-08-02,2008,YO8,England,North Yorkshire,Conventional crop,1,Unknown/Other,Unknown/Other,False
515,BPC_08_6494,2008-08-03,2008,SA44,Wales,Ceredigion,Organic crop,1,Unknown/Other,Marfona,False
516,BPC_08_6498,2008-08-03,2008,OX44,England,South Oxfordshire,Garden/Allotment,0,Unknown/Other,Sante,False
518,BPC_08_6466,2008-08-04,2008,NG22,England,Newark and Sherwood,Conventional crop,1,Unknown/Other,King Edward,False
517,BPC_08_6458,2008-08-04,2008,TD12,Scotland,Scottish Borders,Conventional crop,1,Unknown/Other,Unknown/Other,False
519,BPC_08_6502,2008-08-06,2008,HG3,England,North Yorkshire,Conventional crop,1,Unknown/Other,Morene,False
520,BPC_08_6506,2008-08-07,2008,NP15,Wales,Monmouthshire,Conventional crop,1,Unknown/Other,Estima,False
521,BPC_08_6510,2008-08-07,2008,HR2,England,Herefordshire,Conventional crop,1,Unknown/Other,Estima,False
522,BPC_08_6514,2008-08-08,2008,NP7,Wales,Monmouthshire,Conventional crop,1,Unknown/Other,Estima,False
523,BPC_08_6542,2008-08-08,2008,BA22,England,Somerset,Conventional crop,1,Unknown/Other,Unknown/Other,False
524,BPC_08_6518,2008-08-09,2008,NG32,England,South Kesteven,Conventional crop,1,Unknown/Other,King Edward,False
525,BPC_08_6522,2008-08-10,2008,CA10,England,Westmorland and Furness,Conventional crop,1,Unknown/Other,Premiere,False
526,BPC_08_6530,2008-08-11,2008,AB30,Scotland,Aberdeenshire,Conventional crop,1,Unknown/Other,King Edward,False
529,BPC_08_6546,2008-08-12,2008,DD8,Scotland,Angus,Conventional crop,1,Unknown/Other,Cultra,False
530,BPC_08_6590,2008-08-12,2008,TD6,Scotland,Scottish Borders,Conventional crop,1,Unknown/Other,King Edward,False
527,BPC_08_6534,2008-08-12,2008,DD8,Scotland,Angus,Conventional crop,1,Unknown/Other,Ambo,False
528,BPC_08_6538,2008-08-12,2008,DD8,Scotland,Angus,Conventional crop,1,Unknown/Other,Hermes,False
531,BPC_08_6550,2008-08-13,2008,TA4,England,Somerset,Conventional crop,1,Unknown/Other,Morene,False
532,BPC_08_6554,2008-08-13,2008,SY4,England,Shropshire,Volunteer,0,Unknown/Other,Saturna,False
533,BPC_08_6558,2008-08-13,2008,HR1,England,Herefordshire,Organic crop,1,Unknown/Other,Vales Emerald,False
534,BPC_08_6562,2008-08-13,2008,HR1,England,Herefordshire,Organic crop,1,Unknown/Other,Unknown/Other,False
535,BPC_08_6566,2008-08-13,2008,HR1,England,Herefordshire,Conventional crop,1,Unknown/Other,Estima,False
536,BPC_08_6578,2008-08-13,2008,WV15,England,Shropshire,Conventional crop,1,Unknown/Other,Unknown/Other,False
537,BPC_08_6582,2008-08-13,2008,WV15,England,Shropshire,Conventional crop,1,Unknown/Other,Maris Piper,False
538,BPC_08_6574,2008-08-14,2008,NR12,England,North Norfolk,Conventional crop,1,Unknown/Other,Maris Piper,False
539,BPC_08_6586,2008-08-14,2008,HR9,England,Herefordshire,Conventional crop,1,Unknown/Other,Estima,False
541,BPC_08_6610,2008-08-15,2008,SY8,England,Shropshire,Conventional crop,1,Unknown/Other,Estima,False
540,BPC_08_6598,2008-08-15,2008,CA4,England,Cumberland,Conventional crop,1,Unknown/Other,Cabaret,False
542,BPC_08_6602,2008-08-16,2008,CA4,England,Cumberland,Conventional crop,1,Unknown/Other,Cabaret,False
545,BPC_08_6614,2008-08-18,2008,GL18,England,Forest of Dean,Conventional crop,1,Unknown/Other,Estima,False
544,BPC_08_6606,2008-08-18,2008,KY15,Scotland,Fife,Organic crop,1,Unknown/Other,Desiree,False
543,08_SP12,2008-08-18,2008,AB54,Scotland,Aberdeenshire,Conventional crop,1,Unknown/Other,Maris Piper,False
546,BPC_08_6618,2008-08-19,2008,DD10,Scotland,Angus,Conventional crop,1,Unknown/Other,Unknown/Other,False
547,BPC_08_6622,2008-08-19,2008,AB45,Scotland,Aberdeenshire,Conventional crop,1,Unknown/Other,Unknown/Other,False
548,08_Ayr_Diffs,2008-08-20,2008,KA9,Scotland,South Ayrshire,Trial,1,Unknown/Other,Unknown/Other,False
549,08_Bran,2008-08-20,2008,KA9,Scotland,South Ayrshire,Trial,1,Unknown/Other,Unknown/Other,False
550,BPC_08_6626,2008-08-20,2008,KY15,Scotland,Fife,Conventional crop,1,Unknown/Other,Saxon,False
551,BPC_08_6630,2008-08-20,2008,KY15,Scotland,Fife,Conventional crop,1,Unknown/Other,Saxon,False
552,BPC_08_6634,2008-08-20,2008,CA6,England,Cumberland,Conventional crop,1,Unknown/Other,Estima,False
554,BPC_08_6646,2008-08-21,2008,HG4,England,North Yorkshire,Conventional crop,1,Unknown/Other,Pentland Dell,False
558,BPC_08_6662,2008-08-21,2008,DN17,England,North Lincolnshire,Conventional crop,1,Unknown/Other,Unknown/Other,False
557,BPC_08_6658,2008-08-21,2008,AB30,Scotland,Aberdeenshire,Conventional crop,1,Unknown/Other,Desiree,False
553,BPC_08_6638,2008-08-21,2008,AB41,Scotland,Aberdeenshire,Unknown/Other,0,Unknown/Other,Rooster,False
555,BPC_08_6650,2008-08-21,2008,KA9,Scotland,South Ayrshire,Garden/Allotment,0,Unknown/Other,Desiree,False
556,BPC_08_6654,2008-08-21,2008,AB53,Scotland,Aberdeenshire,Organic crop,1,Unknown/Other,Unknown/Other,False
560,BPC_08_6670,2008-08-22,2008,PH2,Scotland,Perth and Kinross,Conventional crop,1,Unknown/Other,Maris Piper,False
559,BPC_08_6666,2008-08-22,2008,PH2,Scotland,Perth and Kinross,Conventional crop,1,Unknown/Other,Unknown/Other,False
561,BPC_08_6678,2008-08-22,2008,AB32,Scotland,Aberdeenshire,Conventional crop,1,Unknown/Other,Estima,False
565,BPC_08_6742,2008-08-25,2008,SA62,Wales,Pembrokeshire,Trial,1,Unknown/Other,Maris Piper,False
564,BPC_08_6698,2008-08-25,2008,KY16,Scotland,Fife,Conventional crop,1,Unknown/Other,Saxon,False
563,BPC_08_6694,2008-08-25,2008,PH12,Scotland,Angus,Conventional crop,1,Unknown/Other,Saxon,False
562,BPC_08_6682,2008-08-25,2008,DD11,Scotland,Angus,Volunteer,0,Unknown/Other,King Edward,False
574,BPC_08_6750,2008-08-26,2008,LL57,Wales,Gwynedd,Organic crop,1,Unknown/Other,Unknown/Other,False
572,BPC_08_6730,2008-08-26,2008,KY15,Scotland,Fife,Conventional crop,1,Unknown/Other,Maris Piper,False
573,BPC_08_6738,2008-08-26,2008,YO61,England,North Yorkshire,Conventional crop,1,Unknown/Other,Hermes,False
575,BPC_08_6754,2008-08-26,2008,LL57,Wales,Gwynedd,Garden/Allotment,0,Unknown/Other,Unknown/Other,False
571,BPC_08_6726,2008-08-26,2008,KY15,Scotland,Fife,Conventional crop,1,Unknown/Other,Cultra,False
567,BPC_08_6706,2008-08-26,2008,WS15,England,Cannock Chase,Volunteer,0,Unknown/Other,Lady Rosetta,False
569,BPC_08_6714,2008-08-26,2008,KY15,Scotland,Fife,Unknown/Other,0,Unknown/Other,Saxon,False
568,BPC_08_6710,2008-08-26,2008,KY15,Scotland,Fife,Unknown/Other,0,Unknown/Other,Saxon,False
566,BPC_08_6702,2008-08-26,2008,KA6,Scotland,South Ayrshire,Garden/Allotment,0,Unknown/Other,Unknown/Other,False
570,BPC_08_6722,2008-08-26,2008,KY14,Scotland,Fife,Conventional crop,1,Unknown/Other,Fianna,False
576,BPC_08_6758,2008-08-27,2008,DD2,Scotland,Dundee City,Conventional crop,1,Unknown/Other,King Edward,False
577,BPC_08_6770,2008-08-27,2008,KY8,Scotland,Fife,Conventional crop,1,Unknown/Other,Vivaldi,False
578,BPC_08_6774,2008-08-27,2008,KY10,Scotland,Fife,Conventional crop,1,Unknown/Other,Desiree,False
579,BPC_08_6778,2008-08-27,2008,KY12,Scotland,Fife,Conventional crop,1,Unknown/Other,Maris Piper,False
580,BPC_08_6786,2008-08-27,2008,KY8,Scotland,Fife,Conventional crop,1,Unknown/Other,Osprey,False
581,BPC_08_6762,2008-08-28,2008,LE67,England,North West Leicestershire,Conventional crop,1,Unknown/Other,Saturna,False
582,BPC_08_6802,2008-08-28,2008,DD8,Scotland,Angus,Unknown/Other,0,Unknown/Other,Saxon,False
583,BPC_08_6806,2008-08-28,2008,PH2,Scotland,Perth and Kinross,Conventional crop,1,Unknown/Other,Desiree,False
584,BPC_08_6810,2008-08-28,2008,PH2,Scotland,Perth and Kinross,Conventional crop,1,Unknown/Other,King Edward,False
592,BPC_08_6866,2008-08-29,2008,PH2,Scotland,Perth and Kinross,Conventional crop,1,Unknown/Other,Golden Wonder,False
591,BPC_08_6862,2008-08-29,2008,DD4,Scotland,Dundee City,Conventional crop,1,Unknown/Other,Maris Piper,False
589,BPC_08_6850,2008-08-29,2008,DD2,Scotland,Dundee City,Conventional crop,1,Unknown/Other,Cultra,False
590,BPC_08_6858,2008-08-29,2008,DD4,Scotland,Dundee City,Conventional crop,1,Unknown/Other,Osprey,False
587,BPC_08_6842,2008-08-29,2008,DD9,Scotland,Angus,Conventional crop,1,Unknown/Other,Saxon,False
586,BPC_08_6834,2008-08-29,2008,AB30,Scotland,Aberdeenshire,Conventional crop,1,Unknown/Other,Maris Piper,False
585,BPC_08_6746,2008-08-29,2008,TD12,Scotland,Scottish Borders,Unknown/Other,0,Unknown/Other,Unknown/Other,False
588,BPC_08_6846,2008-08-29,2008,DD2,Scotland,Dundee City,Conventional crop,1,Unknown/Other,Cultra,False
605,BPC_08_6974,2008-09-02,2008,EH12,Scotland,City of Edinburgh,Trial,1,Unknown/Other,Kennebec,False
604,BPC_08_6934,2008-09-02,2008,PH12,Scotland,Angus,Conventional crop,1,Unknown/Other,Saxon,False
603,BPC_08_6930,2008-09-02,2008,DD8,Scotland,Angus,Conventional crop,1,Unknown/Other,Unknown/Other,False
602,BPC_08_6926,2008-09-02,2008,KY8,Scotland,Fife,Conventional crop,1,Unknown/Other,Melody,False
601,BPC_08_6922,2008-09-02,2008,KY14,Scotland,Fife,Conventional crop,1,Unknown/Other,Estima,False
600,BPC_08_6918,2008-09-02,2008,KY1,Scotland,Fife,Conventional crop,1,Unknown/Other,Maris Piper,False
599,BPC_08_6914,2008-09-02,2008,KY15,Scotland,Fife,Conventional crop,1,Unknown/Other,Cultra,False
597,BPC_08_6886,2008-09-02,2008,DD6,Scotland,Fife,Conventional crop,1,Unknown/Other,Harmony,False
596,BPC_08_6882,2008-09-02,2008,KY15,Scotland,Fife,Conventional crop,1,Unknown/Other,Saxon,False
595,BPC_08_6878,2008-09-02,2008,KY15,Scotland,Fife,Conventional crop,1,Unknown/Other,King Edward,False
594,BPC_08_6874,2008-09-02,2008,LL33,Wales,Conwy,Garden/Allotment,0,Unknown/Other,Unknown/Other,False
593,BPC_08_6870,2008-09-02,2008,DN10,England,Bassetlaw,Conventional crop,1,Unknown/Other,Saturna,False
598,BPC_08_6890,2008-09-02,2008,PH12,Scotland,Angus,Conventional crop,1,Unknown/Other,Maris Piper,False
612,BPC_08_6958,2008-09-03,2008,DD8,Scotland,Angus,Conventional crop,1,Unknown/Other,Unknown/Other,False
614,BPC_08_6966,2008-09-03,2008,DD7,Scotland,Angus,Conventional crop,1,Unknown/Other,Cultra,False
613,BPC_08_6962,2008-09-03,2008,DD7,Scotland,Angus,Conventional crop,1,Unknown/Other,Cultra,False
611,BPC_08_6954,2008-09-03,2008,DD8,Scotland,Angus,Conventional crop,1,Unknown/Other,Estima,False
615,BPC_08_6970,2008-09-03,2008,NR12,England,North Norfolk,Volunteer,0,Unknown/Other,Unknown/Other,False
609,BPC_08_6946,2008-09-03,2008,DD11,Scotland,Angus,Conventional crop,1,Unknown/Other,Maris Piper,False
608,BPC_08_6942,2008-09-03,2008,DD8,Scotland,Angus,Conventional crop,1,Unknown/Other,Rooster,False
607,BPC_08_6938,2008-09-03,2008,DD8,Scotland,Angus,Volunteer,0,Unknown/Other,Unknown/Other,False
606,BPC_08_6906,2008-09-03,2008,KY16,Scotland,Fife,Conventional crop,1,Unknown/Other,Unknown/Other,False
610,BPC_08_6950,2008-09-03,2008,DD8,Scotland,Angus,Conventional crop,1,Unknown/Other,Unknown/Other,False
625,BPC_08_7018,2008-09-08,2008,KY14,Scotland,Fife,Conventional crop,1,Unknown/Other,Cultra,False
619,BPC_08_6990,2008-09-08,2008,KY15,Scotland,Fife,Conventional crop,1,Unknown/Other,Saxon,False
627,BPC_08_7026,2008-09-08,2008,DE73,England,South Derbyshire,Trial,1,Unknown/Other,Maris Piper,False
624,BPC_08_7014,2008-09-08,2008,KY14,Scotland,Fife,Conventional crop,1,Unknown/Other,Maris Piper,False
626,BPC_08_7022,2008-09-08,2008,SA48,Wales,Ceredigion,Conventional crop,1,Unknown/Other,Majestic,False
623,BPC_08_7006,2008-09-08,2008,EH39,Scotland,East Lothian,Volunteer,0,Unknown/Other,Unknown/Other,False
617,BPC_08_6982,2008-09-08,2008,TR12,England,Cornwall,Garden/Allotment,0,Unknown/Other,Sarpo Mira,False
621,BPC_08_6998,2008-09-08,2008,KY15,Scotland,Fife,Conventional crop,1,Unknown/Other,Saxon,False
620,BPC_08_6994,2008-09-08,2008,KY15,Scotland,Fife,Conventional crop,1,Unknown/Other,Saxon,False
618,BPC_08_6986,2008-09-08,2008,IP28,England,West Suffolk,Organic crop,1,Unknown/Other,Lady Balfour,False
622,BPC_08_7002,2008-09-08,2008,EH41,Scotland,East Lothian,Conventional crop,1,Unknown/Other,Saxon,False
616,BPC_08_6978,2008-09-08,2008,IP12,England,East Suffolk,Conventional crop,1,Unknown/Other,Maris Peer,False
628,BPC_08_7030,2008-09-11,2008,TF10,England,Telford and Wrekin,Conventional crop,1,Unknown/Other,Maris Piper,False
629,BPC_08_7034,2008-09-12,2008,WS8,England,Walsall,Conventional crop,1,Unknown/Other,Markies,False
630,BPC_08_7038,2008-09-13,2008,ST20,England,Stafford,Conventional crop,1,Unknown/Other,Pentland Dell,False
631,BPC_08_7042,2008-09-16,2008,DY14,England,Shropshire,Conventional crop,1,Unknown/Other,Maris Piper,False
632,BPC_08_7050,2008-09-17,2008,PH13,Scotland,Perth and Kinross,Unknown/Other,0,Unknown/Other,Sarpo Mira,False
633,BPC_08_7054,2008-10-02,2008,DD11,Scotland,Angus,Volunteer,0,Unknown/Other,Rooster,False
634,BPC09_7070,2009-03-29,2009,TR12,England,Cornwall,Conventional crop,1,Unknown/Other,Rocket,False
635,BPC09_7086,2009-05-11,2009,TR13,England,Cornwall,Dump,0,Unknown/Other,Unknown/Other,False
636,BPC09_7074,2009-05-12,2009,TR12,England,Cornwall,Volunteer,0,Unknown/Other,Estima,False
639,BPC09_7102,2009-06-23,2009,CT7,England,Thanet,Conventional crop,1,Unknown/Other,Marfona,False
640,BPC09_7106,2009-06-26,2009,CT7,England,Thanet,Conventional crop,1,Unknown/Other,Estima,False
641,BPC09_7110,2009-06-29,2009,TR12,England,Cornwall,Conventional crop,1,Unknown/Other,Sarpo Axona,False
642,BPC09_7118,2009-06-29,2009,IP26,England,King's Lynn and West Norfolk,Conventional crop,1,Unknown/Other,Maris Piper,False
643,BPC09_7122,2009-06-29,2009,DL7,England,North Yorkshire,Organic crop,1,Unknown/Other,Nicola,False
644,BPC09_7126,2009-07-01,2009,TF9,England,Shropshire,Organic crop,1,Unknown/Other,Marfona,False
645,BPC09_7130,2009-07-01,2009,L39,England,West Lancashire,Conventional crop,1,Unknown/Other,Victoria,False
646,BPC09_7142,2009-07-03,2009,CT7,England,Thanet,Conventional crop,1,Unknown/Other,Melody,False
647,BPC09_7146,2009-07-06,2009,TF6,England,Telford and Wrekin,Organic crop,1,Unknown/Other,Lady Balfour,False
648,BPC09_7154,2009-07-07,2009,DD9,Scotland,Angus,Conventional crop,1,Unknown/Other,Bonnie,False
649,BPC09_7182,2009-07-08,2009,HR4,England,Herefordshire,Conventional crop,1,Unknown/Other,Russet Burbank,False
650,BPC09_7166,2009-07-09,2009,TF11,England,Shropshire,Conventional crop,1,Unknown/Other,Unknown/Other,False
651,BPC09_7162,2009-07-09,2009,AB53,Scotland,Aberdeenshire,Conventional crop,1,Unknown/Other,Saxon,False
652,BPC09_7190,2009-07-09,2009,PH1,Scotland,Perth and Kinross,Conventional crop,1,Unknown/Other,Maris Piper,False
653,BPC09_7198,2009-07-10,2009,PE20,England,Boston,Organic crop,1,Unknown/Other,Unknown/Other,False
654,BPC09_7186,2009-07-10,2009,DD4,Scotland,Angus,Organic crop,1,Unknown/Other,Hermes,False
655,BPC09_7202,2009-07-12,2009,DD8,Scotland,Angus,Conventional crop,1,Unknown/Other,Premiere,False
659,BPC09_7218,2009-07-13,2009,DD9,Scotland,Angus,Conventional crop,1,Unknown/Other,Markies,False
658,BPC09_7210,2009-07-13,2009,TF10,England,Telford and Wrekin,Conventional crop,1,Unknown/Other,Accord,False
660,BPC09_7230,2009-07-13,2009,LL76,Wales,Isle of Anglesey,Trial,1,Unknown/Other,Unknown/Other,False
656,BPC09_7174,2009-07-13,2009,NR10,England,Broadland,Conventional crop,1,Unknown/Other,Unknown/Other,False
657,BPC09_7206,2009-07-13,2009,WV7,England,Shropshire,Organic crop,1,Unknown/Other,Romano,False
661,BPC09_7222,2009-07-14,2009,CT3,England,Dover,Conventional crop,1,Unknown/Other,Wilja,False
662,BPC09_7214,2009-07-14,2009,AB41,Scotland,Aberdeenshire,Garden/Allotment,0,Unknown/Other,Rooster,False
663,BPC09_7226,2009-07-14,2009,PH1,Scotland,Perth and Kinross,Conventional crop,1,Unknown/Other,King Edward,False
664,BPC09_7238,2009-07-14,2009,PH1,Scotland,Perth and Kinross,Conventional crop,1,Unknown/Other,Premiere,False
665,BPC09_7242,2009-07-14,2009,PH1,Scotland,Perth and Kinross,Conventional crop,1,Unknown/Other,Almera,False
666,BPC09_7246,2009-07-14,2009,PH1,Scotland,Perth and Kinross,Conventional crop,1,Unknown/Other,Marfona,False
667,BPC09_7234,2009-07-15,2009,NR20,England,Breckland,Conventional crop,1,Unknown/Other,Unknown/Other,False
668,BPC09_7250,2009-07-16,2009,TR2,England,Cornwall,Conventional crop,1,Unknown/Other,Melody,False
669,BPC09_7270,2009-07-19,2009,HR1,England,Herefordshire,Volunteer,0,Unknown/Other,Melody,False
674,BPC09_7274,2009-07-20,2009,LL55,Wales,Gwynedd,Organic crop,1,Unknown/Other,Charlotte,False
673,BPC09_7278,2009-07-20,2009,DD8,Scotland,Angus,Conventional crop,1,Unknown/Other,Savanna,False
672,BPC09_7634,2009-07-20,2009,IP12,England,East Suffolk,Conventional crop,1,Unknown/Other,Maris Peer,False
671,BPC09_7266,2009-07-20,2009,WS14,England,Lichfield,Volunteer,0,Unknown/Other,Unknown/Other,False
670,BPC09_7262,2009-07-20,2009,IP12,England,East Suffolk,Conventional crop,1,Unknown/Other,Maris Piper,False
675,BPC09_7282,2009-07-21,2009,AB51,Scotland,Aberdeenshire,Organic crop,1,Unknown/Other,Vales Emerald,False
676,BPC09_7302,2009-07-22,2009,CT13,England,Dover,Conventional crop,1,Unknown/Other,Nadine,False
687,BPC09_7358,2009-07-23,2009,PH2,Scotland,Perth and Kinross,Conventional crop,1,Unknown/Other,Melody,False
686,BPC09_7354,2009-07-23,2009,PH2,Scotland,Perth and Kinross,Conventional crop,1,Unknown/Other,British Queen,False
685,BPC09_7350,2009-07-23,2009,PH2,Scotland,Perth and Kinross,Conventional crop,1,Unknown/Other,Accord,False
683,BPC09_7342,2009-07-23,2009,PH2,Scotland,Perth and Kinross,Conventional crop,1,Unknown/Other,Record,False
682,BPC09_7338,2009-07-23,2009,KY8,Scotland,Fife,Conventional crop,1,Unknown/Other,Maris Piper,False
684,BPC09_7346,2009-07-23,2009,PH2,Scotland,Perth and Kinross,Conventional crop,1,Unknown/Other,International Kidney,False
680,BPC09_7322,2009-07-23,2009,KY16,Scotland,Fife,Volunteer,0,Unknown/Other,Maris Peer,False
679,BPC09_7318,2009-07-23,2009,NG22,England,Newark and Sherwood,Conventional crop,1,Unknown/Other,Lady Rosetta,False
678,BPC09_7314,2009-07-23,2009,TF6,England,Telford and Wrekin,Volunteer,0,Unknown/Other,Unknown/Other,False
677,BPC09_7310,2009-07-23,2009,IP12,England,East Suffolk,Conventional crop,1,Unknown/Other,Maris Peer,False
681,BPC09_7334,2009-07-23,2009,PH2,Scotland,Perth and Kinross,Conventional crop,1,Unknown/Other,Maris Piper,False
688,BPC09_7330,2009-07-24,2009,IP26,England,King's Lynn and West Norfolk,Conventional crop,1,Unknown/Other,Sante,False
689,BPC09_7326,2009-07-25,2009,PE33,England,King's Lynn and West Norfolk,Conventional crop,1,Unknown/Other,Sante,False
690,BPC09_7374,2009-07-26,2009,HR1,England,Herefordshire,Conventional crop,1,Unknown/Other,Maris Piper,False
691,BPC09_7386,2009-07-26,2009,OX44,England,South Oxfordshire,Garden/Allotment,0,Unknown/Other,Wilja,False
695,BPC09_7446,2009-07-27,2009,KA6,Scotland,South Ayrshire,Garden/Allotment,0,Unknown/Other,Rooster,False
692,BPC09_7362,2009-07-27,2009,CT3,England,Dover,Conventional crop,1,Unknown/Other,Maris Piper,False
693,BPC09_7366,2009-07-27,2009,HR1,England,Herefordshire,Organic crop,1,Unknown/Other,Estima,False
694,BPC09_7390,2009-07-27,2009,AB45,Scotland,Aberdeenshire,Conventional crop,1,Unknown/Other,Maris Peer,False
698,BPC09_7394,2009-07-28,2009,AB53,Scotland,Aberdeenshire,Conventional crop,1,Unknown/Other,Shannon,False
696,BPC09_7378,2009-07-28,2009,HR4,England,Herefordshire,Conventional crop,1,Unknown/Other,Unknown/Other,False
697,BPC09_7382,2009-07-28,2009,SN7,England,Vale of White Horse,Conventional crop,1,Unknown/Other,Blue Danube,False
699,BPC09_7398,2009-07-29,2009,BA21,England,Somerset,Conventional crop,1,Unknown/Other,Shepody,False
700,BPC09_7414,2009-07-29,2009,L39,England,West Lancashire,Conventional crop,1,Unknown/Other,Maris Piper,False
701,BPC09_7402,2009-07-29,2009,AB53,Scotland,Aberdeenshire,Conventional crop,1,Unknown/Other,Shannon,False
702,BPC09_7418,2009-07-29,2009,KY7,Scotland,Fife,Conventional crop,1,Unknown/Other,Saxon,False
703,BPC09_7406,2009-07-30,2009,PR4,England,Fylde,Conventional crop,1,Unknown/Other,Nadine,False
704,BPC09_7410,2009-07-30,2009,TF10,England,Telford and Wrekin,Conventional crop,1,Unknown/Other,Maris Piper,False
705,BPC09_7426,2009-07-30,2009,ST19,England,South Staffordshire,Conventional crop,1,Unknown/Other,Unknown/Other,False
708,BPC09_7454,2009-07-31,2009,WS1,England,Walsall,Conventional crop,1,Unknown/Other,Lady Rosetta,False
706,BPC09_7430,2009-07-31,2009,TF11,England,Shropshire,Conventional crop,1,Unknown/Other,Maris Piper,False
707,BPC09_7434,2009-07-31,2009,PE20,England,Boston,Conventional crop,1,Unknown/Other,Maris Piper,False
709,BPC09_7442,2009-08-02,2009,TR12,England,Cornwall,Garden/Allotment,0,Unknown/Other,Sarpo Mira,False
710,BPC09_7458,2009-08-03,2009,HR8,England,Herefordshire,Volunteer,0,Unknown/Other,Pentland Dell,False
711,BPC09_7462,2009-08-03,2009,WS15,England,Lichfield,Conventional crop,1,Unknown/Other,Lady Rosetta,False
712,BPC09_7466,2009-08-04,2009,DN10,England,Bassetlaw,Conventional crop,1,Unknown/Other,Unknown/Other,False
713,BPC09_7470,2009-08-05,2009,TF6,England,Telford and Wrekin,Conventional crop,1,Unknown/Other,Wilja,False
714,BPC09_7474,2009-08-05,2009,TF6,England,Telford and Wrekin,Conventional crop,1,Unknown/Other,Maris Piper,False
715,BPC09_7478,2009-08-05,2009,PL13,England,Cornwall,Volunteer,0,Unknown/Other,Unknown/Other,False
716,BPC09_7482,2009-08-05,2009,DY7,England,South Staffordshire,Conventional crop,1,Unknown/Other,Maris Piper,False
717,BPC09_7498,2009-08-05,2009,DD10,Scotland,Angus,Conventional crop,1,Unknown/Other,Unknown/Other,False
718,BPC09_7486,2009-08-05,2009,LL53,Wales,Gwynedd,Organic crop,1,Unknown/Other,Charlotte,False
719,BPC09_7490,2009-08-06,2009,NR20,England,South Norfolk,Organic crop,1,Unknown/Other,Unknown/Other,False
720,BPC09_7494,2009-08-06,2009,SA62,Wales,Pembrokeshire,Trial,1,Unknown/Other,Maris Piper,False
722,BPC09_7510,2009-08-09,2009,LL57,Wales,Gwynedd,Dump,0,Unknown/Other,Lady Balfour,False
721,BPC09_7522,2009-08-09,2009,HR1,England,Herefordshire,Conventional crop,1,Unknown/Other,Maris Piper,False
723,BPC09_7438,2009-08-10,2009,PL14,England,Cornwall,Garden/Allotment,0,Unknown/Other,Unknown/Other,False
724,BPC09_7518,2009-08-10,2009,PE11,England,South Holland,Conventional crop,1,Unknown/Other,Maris Piper,False
725,BPC09_7526,2009-08-10,2009,TR8,England,Cornwall,Volunteer,0,Unknown/Other,Unknown/Other,False
727,BPC09_7534,2009-08-11,2009,HR1,England,Herefordshire,Conventional crop,1,Unknown/Other,Pentland Dell,False
728,BPC09_7542,2009-08-11,2009,B79,England,Lichfield,Volunteer,0,Unknown/Other,Maris Piper,False
729,BPC09_7538,2009-08-11,2009,KA5,Scotland,East Ayrshire,Garden/Allotment,0,Unknown/Other,Desiree,False
730,BPC09_7546,2009-08-11,2009,EH21,Scotland,East Lothian,Volunteer,0,Unknown/Other,Desiree,False
731,BPC09_7630,2009-08-11,2009,DD2,Scotland,Dundee City,Garden/Allotment,0,Unknown/Other,Charlotte,False
732,BPC09_7550,2009-08-12,2009,GL18,England,Forest of Dean,Conventional crop,1,Unknown/Other,Desiree,False
733,BPC09_7554,2009-08-12,2009,DD4,Scotland,Angus,Conventional crop,1,Unknown/Other,Lady Balfour,False
735,BPC09_7558,2009-08-13,2009,ST19,England,South Staffordshire,Conventional crop,1,Unknown/Other,Maris Piper,False
734,BPC09_7530,2009-08-13,2009,WS14,England,Lichfield,Volunteer,0,Unknown/Other,Maris Piper,False
736,BPC09_7570,2009-08-14,2009,IP14,England,Mid Suffolk,Garden/Allotment,0,Unknown/Other,Cara,False
737,BPC09_7562,2009-08-14,2009,LL54,Wales,Gwynedd,Organic crop,1,Unknown/Other,Unknown/Other,False
738,BPC09_7566,2009-08-14,2009,LL55,Wales,Gwynedd,Garden/Allotment,0,Unknown/Other,Unknown/Other,False
739,BPC09_7578,2009-08-16,2009,TQ12,England,Teignbridge,Garden/Allotment,0,Unknown/Other,Unknown/Other,False
740,BPC09_7586,2009-08-17,2009,HR7,England,Herefordshire,Trial,1,Unknown/Other,Unknown/Other,False
741,BPC09_7590,2009-08-17,2009,CB2,England,Cambridge,Conventional crop,1,Unknown/Other,King Edward,False
742,BPC09_7594,2009-08-17,2009,SG8,England,South Cambridgeshire,Trial,1,Unknown/Other,Unknown/Other,False
743,BPC09_7598,2009-08-17,2009,WS13,England,Lichfield,Conventional crop,1,Unknown/Other,Unknown/Other,False
744,BPC09_7610,2009-08-17,2009,TD11,Scotland,Scottish Borders,Conventional crop,1,Unknown/Other,Maris Piper,False
745,BPC09_7618,2009-08-17,2009,LL33,Wales,Conwy,Garden/Allotment,0,Unknown/Other,Unknown/Other,False
749,BPC09_7626,2009-08-18,2009,DD6,Scotland,Fife,Garden/Allotment,0,Unknown/Other,Rooster,False
748,BPC09_7642,2009-08-18,2009,CB3,England,Cambridge,Volunteer,0,Unknown/Other,Unknown/Other,False
747,BPC09_7606,2009-08-18,2009,DN22,England,Bassetlaw,Conventional crop,1,Unknown/Other,Lady Rosetta,False
746,BPC09_7602,2009-08-18,2009,S80,England,Bassetlaw,Conventional crop,1,Unknown/Other,Lady Rosetta,False
750,BPC09_7650,2009-08-19,2009,DE73,England,South Derbyshire,Trial,1,Unknown/Other,Maris Piper,False
751,BPC09_7638,2009-08-19,2009,EH41,Scotland,East Lothian,Volunteer,0,Unknown/Other,Maris Piper,False
752,BPC09_7654,2009-08-20,2009,TF10,England,Telford and Wrekin,Conventional crop,1,Unknown/Other,Pentland Dell,False
753,BPC09_7658,2009-08-20,2009,DE13,England,East Staffordshire,Conventional crop,1,Unknown/Other,Unknown/Other,False
754,BPC09_7666,2009-08-20,2009,DE13,England,East Staffordshire,Conventional crop,1,Unknown/Other,Unknown/Other,False
755,BPC09_7662,2009-08-20,2009,DE56,England,Amber Valley,Conventional crop,1,Unknown/Other,Unknown/Other,False
756,BPC09_7646,2009-08-20,2009,EH42,Scotland,East Lothian,Volunteer,0,Unknown/Other,Unknown/Other,False
762,BPC09_7690,2009-08-21,2009,DD11,Scotland,Angus,Conventional crop,1,Unknown/Other,Cultra,False
761,BPC09_7686,2009-08-21,2009,DD11,Scotland,Angus,Conventional crop,1,Unknown/Other,Maris Piper,False
760,BPC09_7682,2009-08-21,2009,AB30,Scotland,Aberdeenshire,Conventional crop,1,Unknown/Other,Estima,False
758,BPC09_7674,2009-08-21,2009,DD7,Scotland,Angus,Volunteer,0,Unknown/Other,Unknown/Other,False
757,BPC09_7670,2009-08-21,2009,AB51,Scotland,Aberdeenshire,Conventional crop,1,Unknown/Other,Maris Piper,False
759,BPC09_7678,2009-08-21,2009,AB30,Scotland,Aberdeenshire,Conventional crop,1,Unknown/Other,Estima,False
763,BPC09_7718,2009-08-23,2009,CB4,England,Cambridge,Volunteer,0,Unknown/Other,Unknown/Other,False
764,BPC09_7722,2009-08-23,2009,CB4,England,Cambridge,Conventional crop,1,Unknown/Other,Desiree,False
765,BPC09_7698,2009-08-24,2009,PH1,Scotland,Perth and Kinross,Garden/Allotment,0,Unknown/Other,Rooster,False
766,BPC09_7710,2009-08-25,2009,TD11,Scotland,Scottish Borders,Garden/Allotment,0,Unknown/Other,Slaney,False
767,BPC09_7714,2009-08-26,2009,PO20,England,Chichester,Conventional crop,1,Unknown/Other,Melody,False
768,BPC09_7726,2009-08-27,2009,DD2,Scotland,Dundee City,Trial,1,Unknown/Other,Nicola,False
769,BPC09_7734,2009-08-28,2009,KY10,Scotland,Fife,Conventional crop,1,Unknown/Other,Saxon,False
770,BPC09_7738,2009-09-01,2009,PH13,Scotland,Perth and Kinross,Conventional crop,1,Unknown/Other,Cultra,False
771,BPC09_7742,2009-09-01,2009,PH2,Scotland,Perth and Kinross,Conventional crop,1,Unknown/Other,Desiree,False
772,BPC09_7750,2009-09-02,2009,DD2,Scotland,Dundee City,Conventional crop,1,Unknown/Other,King Edward,False
773,BPC09_7754,2009-09-07,2009,PH10,Scotland,Perth and Kinross,Conventional crop,1,Unknown/Other,Maris Piper,False
774,BPC09_7758,2009-09-09,2009,DN22,England,Bassetlaw,Volunteer,0,Unknown/Other,Unknown/Other,False
775,BPC09_7762,2009-09-13,2009,CB2,England,Cambridge,Garden/Allotment,0,Unknown/Other,Cara,False
777,BPC09_7770,2009-09-17,2009,SA71,Wales,Pembrokeshire,Volunteer,0,Unknown/Other,Carrera,False
778,BPC09_7778,2009-10-01,2009,KA7,Scotland,South Ayrshire,Trial,1,Unknown/Other,Unknown/Other,False
780,BPC10_7782,2010-06-08,2010,IV30,Scotland,Moray,Conventional crop,1,Unknown/Other,Duke of York,False
781,BPC10_7786,2010-06-25,2010,SA71,Wales,Pembrokeshire,Conventional crop,1,Unknown/Other,Marilyn,False
782,BPC10_7802,2010-07-05,2010,AB43,Scotland,Aberdeenshire,Garden/Allotment,0,Unknown/Other,Duke of York,False
783,BPC10_7798,2010-07-10,2010,TR10,England,Cornwall,Garden/Allotment,0,Unknown/Other,Kestrel,False
785,BPC10_7818,2010-07-14,2010,SA71,Wales,Pembrokeshire,Conventional crop,1,Unknown/Other,Harmony,False
784,BPC10_7814,2010-07-14,2010,SY4,England,Shropshire,Organic crop,1,Unknown/Other,Vales Emerald,False
786,BPC10_7822,2010-07-15,2010,TR27,England,Cornwall,Conventional crop,1,Unknown/Other,Maris Peer,False
787,BPC10_7826,2010-07-15,2010,TR27,England,Cornwall,Conventional crop,1,Unknown/Other,King Edward,False
788,BPC10_7838,2010-07-19,2010,IV30,Scotland,Moray,Organic crop,1,Unknown/Other,Vales Everest,False
789,BPC10_7842,2010-07-20,2010,CT7,England,Thanet,Conventional crop,1,Unknown/Other,Melody,False
790,BPC10_7850,2010-07-21,2010,TF10,England,Telford and Wrekin,Organic crop,1,Unknown/Other,Romano,False
791,BPC10_7866,2010-07-23,2010,WV7,England,Shropshire,Organic crop,1,Unknown/Other,Romano,False
792,BPC10_7874,2010-07-25,2010,LL57,Wales,Gwynedd,Organic crop,1,Unknown/Other,Unknown/Other,False
793,BPC10_7886,2010-07-26,2010,IV12,Scotland,Highland,Conventional crop,1,Unknown/Other,Umatilla Russet,False
794,BPC10_7878,2010-07-26,2010,LL57,Wales,Gwynedd,Dump,0,Unknown/Other,Unknown/Other,False
795,BPC10_7894,2010-07-27,2010,LL55,Wales,Gwynedd,Organic crop,1,Unknown/Other,Unknown/Other,False
799,BPC10_7910,2010-07-28,2010,LL33,Wales,Conwy,Garden/Allotment,0,Unknown/Other,Unknown/Other,False
798,BPC10_7906,2010-07-28,2010,LL33,Wales,Conwy,Conventional crop,1,Unknown/Other,Breeders Seedling,False
796,BPC10_7902,2010-07-28,2010,PL14,England,Cornwall,Conventional crop,1,Unknown/Other,King Edward,False
797,BPC10_7898,2010-07-28,2010,SY23,Wales,Ceredigion,Organic crop,1,Unknown/Other,Maris Bard,False
800,BPC10_7914,2010-07-29,2010,TR2,England,Cornwall,Conventional crop,1,Unknown/Other,Melody,False
801,BPC10_7934,2010-07-29,2010,PH13,Scotland,Perth and Kinross,Organic crop,1,Unknown/Other,Toluca,False
802,BPC10_7922,2010-07-30,2010,PE20,England,Boston,Organic crop,1,Unknown/Other,Sante,False
803,BPC10_8018,2010-08-01,2010,PL14,England,Cornwall,Garden/Allotment,0,Unknown/Other,Unknown/Other,False
804,BPC10_7926,2010-08-02,2010,SY23,Wales,Ceredigion,Conventional crop,1,Unknown/Other,Cara,False
805,BPC10_7930,2010-08-02,2010,LL53,Wales,Gwynedd,Organic crop,1,Unknown/Other,Charlotte,False
806,BPC10_7938,2010-08-05,2010,AB51,Scotland,Aberdeenshire,Conventional crop,1,Unknown/Other,Desiree,False
808,BPC10_7962,2010-08-06,2010,LL54,Wales,Gwynedd,Organic crop,1,Unknown/Other,Unknown/Other,False
807,BPC10_7946,2010-08-06,2010,IV36,Scotland,Moray,Conventional crop,1,Unknown/Other,Saxon,False
809,BPC10_7958,2010-08-09,2010,AB51,Scotland,Aberdeenshire,Conventional crop,1,Unknown/Other,King Edward,False
811,BPC10_7970,2010-08-10,2010,AB45,Scotland,Aberdeenshire,Conventional crop,1,Unknown/Other,Cara,False
812,BPC10_7974,2010-08-10,2010,PH1,Scotland,Perth and Kinross,Volunteer,0,Unknown/Other,Unknown/Other,False
813,BPC10_7978,2010-08-10,2010,AB45,Scotland,Aberdeenshire,Conventional crop,1,Unknown/Other,Kerrs Pink,False
814,BPC10_7998,2010-08-11,2010,TN28,England,Folkestone and Hythe,Conventional crop,1,Unknown/Other,Melody,False
815,BPC10_7982,2010-08-11,2010,KY8,Scotland,Fife,Conventional crop,1,Unknown/Other,Marfona,False
816,BPC10_7986,2010-08-11,2010,PH1,Scotland,Perth and Kinross,Conventional crop,1,Unknown/Other,Shannon,False
817,BPC10_7994,2010-08-11,2010,KY8,Scotland,Fife,Conventional crop,1,Unknown/Other,Unknown/Other,False
818,BPC10_8010,2010-08-12,2010,NP15,Wales,Monmouthshire,Organic crop,1,Unknown/Other,Pentland Javelin,False
820,BPC10_8022,2010-08-16,2010,LL57,Wales,Gwynedd,Garden/Allotment,0,Unknown/Other,Unknown/Other,False
821,BPC10_8026,2010-08-16,2010,LL33,Wales,Conwy,Garden/Allotment,0,Unknown/Other,Unknown/Other,False
819,BPC10_8038,2010-08-16,2010,IV12,Scotland,Highland,Conventional crop,1,Unknown/Other,King Edward,False
822,BPC10_8050,2010-08-16,2010,SA62,Wales,Pembrokeshire,Trial,1,Unknown/Other,Maris Piper,False
827,BPC10_8034,2010-08-17,2010,DD11,Scotland,Angus,Conventional crop,1,Unknown/Other,Vales Sovereign,False
826,BPC10_8030,2010-08-17,2010,DD8,Scotland,Angus,Conventional crop,1,Unknown/Other,Wilja,False
828,BPC10_8046,2010-08-17,2010,AB53,Scotland,Aberdeenshire,Conventional crop,1,Unknown/Other,Marfona,False
824,BPC10_8054,2010-08-17,2010,EN5,England,Barnet,Conventional crop,1,Unknown/Other,Melody,False
823,BPC10_8042,2010-08-17,2010,WN8,England,West Lancashire,Conventional crop,1,Unknown/Other,Maris Piper,False
825,BPC10_8058,2010-08-17,2010,PR4,England,Fylde,Conventional crop,1,Unknown/Other,Maris Piper,False
830,BPC10_8066,2010-08-18,2010,CT12,England,Thanet,Conventional crop,1,Unknown/Other,Melody,False
831,BPC10_8074,2010-08-18,2010,TR1,England,Cornwall,Conventional crop,1,Unknown/Other,Melody,False
829,BPC10_8062,2010-08-18,2010,CT12,England,Thanet,Conventional crop,1,Unknown/Other,Desiree,False
832,BPC10_8070,2010-08-19,2010,TA18,England,Somerset,Conventional crop,1,Unknown/Other,Melody,False
833,BPC10_8078,2010-08-19,2010,YO41,England,East Riding of Yorkshire,Conventional crop,1,Unknown/Other,Unknown/Other,False
834,BPC10_8082,2010-08-19,2010,CO12,England,Tendring,Conventional crop,1,Unknown/Other,King Edward,False
835,BPC10_8086,2010-08-19,2010,SG8,England,South Cambridgeshire,Trial,1,Unknown/Other,Unknown/Other,False
836,BPC10_8090,2010-08-19,2010,LL61,Wales,Isle of Anglesey,Garden/Allotment,0,Unknown/Other,Unknown/Other,False
837,BPC10_8102,2010-08-20,2010,KA6,Scotland,South Ayrshire,Garden/Allotment,0,Unknown/Other,Unknown/Other,False
839,BPC10_8114,2010-08-23,2010,IP26,England,King's Lynn and West Norfolk,Conventional crop,1,Unknown/Other,Maris Piper,False
840,BPC10_8098,2010-08-23,2010,AB42,Scotland,Aberdeenshire,Garden/Allotment,0,Unknown/Other,Rooster,False
841,BPC10_8110,2010-08-23,2010,AB53,Scotland,Aberdeenshire,Conventional crop,1,Unknown/Other,Rooster,False
842,BPC10_8122,2010-08-23,2010,DD2,Scotland,Dundee City,Conventional crop,1,Unknown/Other,King Edward,False
843,BPC10_8126,2010-08-25,2010,OX27,England,Cherwell,Conventional crop,1,Unknown/Other,Russet Burbank,False
844,BPC10_8130,2010-08-26,2010,IP12,England,East Suffolk,Conventional crop,1,Unknown/Other,Maris Peer,False
845,BPC10_8134,2010-08-27,2010,TA19,England,Somerset,Conventional crop,1,Unknown/Other,Melody,False
846,BPC10_8142,2010-08-29,2010,PH2,Scotland,Perth and Kinross,Garden/Allotment,0,Unknown/Other,Charlotte,False
847,BPC10_8146,2010-08-31,2010,DD9,Scotland,Angus,Conventional crop,1,Unknown/Other,Desiree,False
848,BPC10_8150,2010-08-31,2010,KY15,Scotland,Fife,Conventional crop,1,Unknown/Other,Cultra,False
849,BPC10_8154,2010-09-03,2010,NR12,England,North Norfolk,Dump,0,Unknown/Other,Markies,False
850,BPC10_8158,2010-09-03,2010,EH40,Scotland,East Lothian,Conventional crop,1,Unknown/Other,Maris Piper,False
851,BPC10_8162,2010-09-07,2010,IP24,England,Breckland,Volunteer,0,Unknown/Other,Asterix,False
852,BPC10_8166,2010-09-08,2010,IP12,England,East Suffolk,Conventional crop,1,Unknown/Other,Maris Peer,False
853,BPC10_8170,2010-09-10,2010,IP12,England,East Suffolk,Conventional crop,1,Unknown/Other,Carlingford,False
854,BPC10_8174,2010-09-13,2010,HR9,England,Herefordshire,Dump,0,Unknown/Other,Unknown/Other,False
855,BPC10_8186,2010-09-13,2010,DD2,Scotland,Dundee City,Garden/Allotment,0,Unknown/Other,Maris Piper,False
856,BPC10_8190,2010-09-20,2010,KY15,Scotland,Fife,Conventional crop,1,Unknown/Other,Maris Piper,False
857,BPC10_8194,2010-09-20,2010,KY15,Scotland,Fife,Dump,0,Unknown/Other,Unknown/Other,False
858,BPC10_8202,2010-09-22,2010,CB24,England,South Cambridgeshire,Volunteer,0,Unknown/Other,Unknown/Other,False
859,BPC10_8214,2010-09-23,2010,IP12,England,East Suffolk,Conventional crop,1,Unknown/Other,Carlingford,False
860,BPC10_8206,2010-09-24,2010,HR9,England,Herefordshire,Volunteer,0,Unknown/Other,Unknown/Other,False
861,BPC10_8222,2010-09-30,2010,KA6,Scotland,South Ayrshire,Trial,1,Unknown/Other,King Edward,False
862,PCL11_8230,2011-06-28,2011,KY1,Scotland,Fife,Conventional crop,1,Unknown/Other,Cultra,False
863,PCL11_8242,2011-07-04,2011,IV30,Scotland,Moray,Garden/Allotment,0,Unknown/Other,Duke of York,False
864,PCL11_8246,2011-07-07,2011,KY15,Scotland,Fife,Dump,0,Unknown/Other,Harmony,False
865,PCL11_8258,2011-07-07,2011,KY14,Scotland,Fife,Conventional crop,1,Unknown/Other,Charlotte,False
875,PCL11_8302,2011-07-12,2011,KY16,Scotland,Fife,Conventional crop,1,Unknown/Other,Rooster,False
874,PCL11_8298,2011-07-12,2011,KY10,Scotland,Fife,Conventional crop,1,Unknown/Other,Osprey,False
873,PCL11_8294,2011-07-12,2011,KY14,Scotland,Fife,Conventional crop,1,Unknown/Other,Saxon,False
872,PCL11_8286,2011-07-12,2011,KY15,Scotland,Fife,Volunteer,0,Unknown/Other,Maris Piper,False
871,PCL11_8282,2011-07-12,2011,DD8,Scotland,Angus,Dump,0,Unknown/Other,Unknown/Other,False
869,PCL11_8274,2011-07-12,2011,KY8,Scotland,Fife,Conventional crop,1,Unknown/Other,Maris Piper,False
868,PCL11_8270,2011-07-12,2011,KY8,Scotland,Fife,Conventional crop,1,Unknown/Other,Estima,False
867,PCL11_8266,2011-07-12,2011,DD8,Scotland,Angus,Conventional crop,1,Unknown/Other,Premiere,False
866,PCL11_8262,2011-07-12,2011,DD8,Scotland,Angus,Conventional crop,1,Unknown/Other,Premiere,False
870,PCL11_8278,2011-07-12,2011,DD8,Scotland,Angus,Conventional crop,1,Unknown/Other,Harmony,False
876,PCL11_8306,2011-07-13,2011,EH42,Scotland,East Lothian,Conventional crop,1,Unknown/Other,Unknown/Other,False
877,PCL11_8438,2011-07-15,2011,PO20,England,Chichester,Garden/Allotment,0,Unknown/Other,Charlotte,False
878,PCL11_8314,2011-07-16,2011,PL14,England,Cornwall,Garden/Allotment,0,Unknown/Other,Unknown/Other,False
887,PCL11_8354,2011-07-18,2011,DD9,Scotland,Angus,Conventional crop,1,Unknown/Other,Markies,False
891,PCL11_8346,2011-07-18,2011,SA48,Wales,Ceredigion,Conventional crop,1,Unknown/Other,Unknown/Other,False
890,PCL11_8370,2011-07-18,2011,KY15,Scotland,Fife,Conventional crop,1,Unknown/Other,Saxon,False
889,PCL11_8366,2011-07-18,2011,KY15,Scotland,Fife,Conventional crop,1,Unknown/Other,Saxon,False
888,PCL11_8362,2011-07-18,2011,KY15,Scotland,Fife,Conventional crop,1,Unknown/Other,Saxon,False
886,PCL11_8342,2011-07-18,2011,KY15,Scotland,Fife,Conventional crop,1,Unknown/Other,Estima,False
880,PCL11_8322,2011-07-18,2011,KY16,Scotland,Fife,Conventional crop,1,Unknown/Other,Vales Sovereign,False
884,PCL11_8338,2011-07-18,2011,KY15,Scotland,Fife,Conventional crop,1,Unknown/Other,Cultra,False
883,PCL11_8334,2011-07-18,2011,KY15,Scotland,Fife,Conventional crop,1,Unknown/Other,Maris Piper,False
882,PCL11_8330,2011-07-18,2011,KY15,Scotland,Fife,Conventional crop,1,Unknown/Other,Slaney,False
881,PCL11_8326,2011-07-18,2011,KY16,Scotland,Fife,Conventional crop,1,Unknown/Other,Burren,False
885,PCL11_8374,2011-07-18,2011,KY15,Scotland,Fife,Conventional crop,1,Unknown/Other,Cultra,False
879,PCL11_8318,2011-07-18,2011,KY16,Scotland,Fife,Conventional crop,1,Unknown/Other,Fontane,False
898,PCL11_8410,2011-07-20,2011,DD10,Scotland,Angus,Conventional crop,1,Unknown/Other,Savanna,False
897,PCL11_8398,2011-07-20,2011,DD4,Scotland,Angus,Organic crop,1,Unknown/Other,Hermes,False
895,PCL11_8390,2011-07-20,2011,KY16,Scotland,Fife,Conventional crop,1,Unknown/Other,Druid,False
896,PCL11_8394,2011-07-20,2011,KY16,Scotland,Fife,Conventional crop,1,Unknown/Other,Saxon,False
893,PCL11_8378,2011-07-20,2011,KY16,Scotland,Fife,Conventional crop,1,Unknown/Other,Markies,False
892,PCL11_8406,2011-07-20,2011,TR4,England,Cornwall,Organic crop,1,Unknown/Other,Unknown/Other,False
894,PCL11_8382,2011-07-20,2011,KY16,Scotland,Fife,Conventional crop,1,Unknown/Other,Hermes,False
899,PCL11_8434,2011-07-21,2011,IV12,Scotland,Highland,Organic crop,1,Unknown/Other,Vales Emerald,False
900,PCL11_8402,2011-07-21,2011,SA44,Wales,Ceredigion,Conventional crop,1,Unknown/Other,King Edward,False
905,PCL11_8426,2011-07-22,2011,KY15,Scotland,Fife,Conventional crop,1,Unknown/Other,Atlantic,False
901,PCL11_8414,2011-07-22,2011,KY16,Scotland,Fife,Conventional crop,1,Unknown/Other,Maris Piper,False
902,PCL11_8430,2011-07-22,2011,KY16,Scotland,Fife,Conventional crop,1,Unknown/Other,Maris Piper,False
903,PCL11_8418,2011-07-22,2011,KY14,Scotland,Fife,Conventional crop,1,Unknown/Other,Picasso,False
904,PCL11_8422,2011-07-22,2011,KY14,Scotland,Fife,Conventional crop,1,Unknown/Other,Markies,False
906,PCL11_8442,2011-07-22,2011,EH37,Scotland,Midlothian,Conventional crop,1,Unknown/Other,Maris Piper,False
907,PCL11_8446,2011-07-23,2011,AB53,Scotland,Aberdeenshire,Dump,0,Unknown/Other,Unknown/Other,False
908,PCL11_8450,2011-07-25,2011,TD14,Scotland,Scottish Borders,Conventional crop,1,Unknown/Other,Maris Piper,False
909,PCL11_8470,2011-07-27,2011,NR11,England,North Norfolk,Conventional crop,1,Unknown/Other,Estima,False
910,PCL11_8462,2011-07-27,2011,SA48,Wales,Ceredigion,Conventional crop,1,Unknown/Other,King Edward,False
911,PCL11_8490,2011-07-28,2011,PH1,Scotland,Perth and Kinross,Garden/Allotment,0,Unknown/Other,Rooster,False
912,PCL11_8942,2011-07-28,2011,DD2,Scotland,Dundee City,Trial,1,Unknown/Other,Unknown/Other,False
921,PCL11_8518,2011-07-29,2011,LL57,Wales,Gwynedd,Garden/Allotment,0,Unknown/Other,Pink Fir Apple,False
920,PCL11_8514,2011-07-29,2011,LL55,Wales,Gwynedd,Organic crop,1,Unknown/Other,Orla,False
919,PCL11_8510,2011-07-29,2011,KY8,Scotland,Fife,Conventional crop,1,Unknown/Other,Unknown/Other,False
917,PCL11_8486,2011-07-29,2011,PH2,Scotland,Perth and Kinross,Conventional crop,1,Unknown/Other,King Edward,False
918,PCL11_8506,2011-07-29,2011,KY8,Scotland,Fife,Conventional crop,1,Unknown/Other,Marfona,False
915,PCL11_8478,2011-07-29,2011,KY14,Scotland,Fife,Conventional crop,1,Unknown/Other,Saxon,False
914,PCL11_8474,2011-07-29,2011,KY7,Scotland,Fife,Conventional crop,1,Unknown/Other,Saxon,False
913,PCL11_8502,2011-07-29,2011,NR12,England,North Norfolk,Dump,0,Unknown/Other,Markies,False
916,PCL11_8482,2011-07-29,2011,KY14,Scotland,Fife,Conventional crop,1,Unknown/Other,Cultra,False
922,PCL11_8522,2011-07-30,2011,LL33,Wales,Conwy,Unknown/Other,0,Unknown/Other,Unknown/Other,False
931,PCL11_8566,2011-08-01,2011,KY8,Scotland,Fife,Conventional crop,1,Unknown/Other,Harmony,False
936,PCL11_8530,2011-08-01,2011,LL57,Wales,Gwynedd,Organic crop,1,Unknown/Other,Charlotte,False
935,PCL11_8582,2011-08-01,2011,PH12,Scotland,Angus,Conventional crop,1,Unknown/Other,Harmony,False
934,PCL11_8578,2011-08-01,2011,PH12,Scotland,Angus,Conventional crop,1,Unknown/Other,Saxon,False
933,PCL11_8574,2011-08-01,2011,KY1,Scotland,Fife,Conventional crop,1,Unknown/Other,Maris Piper,False
930,PCL11_8558,2011-08-01,2011,KY8,Scotland,Fife,Conventional crop,1,Unknown/Other,Maris Piper,False
932,PCL11_8570,2011-08-01,2011,KY8,Scotland,Fife,Conventional crop,1,Unknown/Other,Saxon,False
928,PCL11_8550,2011-08-01,2011,KY7,Scotland,Fife,Conventional crop,1,Unknown/Other,Saxon,False
923,PCL11_8526,2011-08-01,2011,TR27,England,Cornwall,Conventional crop,1,Unknown/Other,Estima,False
924,PCL11_8534,2011-08-01,2011,KY13,Scotland,Perth and Kinross,Conventional crop,1,Unknown/Other,Saxon,False
925,PCL11_8538,2011-08-01,2011,KY13,Scotland,Perth and Kinross,Conventional crop,1,Unknown/Other,Saxon,False
929,PCL11_8554,2011-08-01,2011,KY7,Scotland,Fife,Conventional crop,1,Unknown/Other,Saxon,False
926,PCL11_8542,2011-08-01,2011,KY7,Scotland,Fife,Conventional crop,1,Unknown/Other,Maris Piper,False
927,PCL11_8546,2011-08-01,2011,KY7,Scotland,Fife,Conventional crop,1,Unknown/Other,Maris Piper,False
937,PCL11_8586,2011-08-02,2011,TR12,England,Cornwall,Conventional crop,1,Unknown/Other,Pentland Dell,False
938,PCL11_8970,2011-08-03,2011,KY10,Scotland,Fife,Conventional crop,1,Unknown/Other,Saxon,False
939,PCL11_8974,2011-08-03,2011,DD11,Scotland,Angus,Conventional crop,1,Unknown/Other,Charlotte,False
945,PCL11_8906,2011-08-05,2011,KY7,Scotland,Fife,Volunteer,0,Unknown/Other,Saxon,False
944,PCL11_8902,2011-08-05,2011,PH1,Scotland,Perth and Kinross,Conventional crop,1,Unknown/Other,Maris Piper,False
943,PCL11_8898,2011-08-05,2011,KY1,Scotland,Fife,Conventional crop,1,Unknown/Other,Cultra,False
946,PCL11_8946,2011-08-05,2011,DD3,Scotland,Angus,Garden/Allotment,0,Unknown/Other,Maris Piper,False
941,PCL11_8890,2011-08-05,2011,KY2,Scotland,Fife,Conventional crop,1,Unknown/Other,Estima,False
940,PCL11_8886,2011-08-05,2011,KY10,Scotland,Fife,Conventional crop,1,Unknown/Other,Estima,False
942,PCL11_8894,2011-08-05,2011,KY1,Scotland,Fife,Conventional crop,1,Unknown/Other,Harmony,False
947,PCL11_8910,2011-08-08,2011,PH1,Scotland,Perth and Kinross,Conventional crop,1,Unknown/Other,Maris Piper,False
948,PCL11_8914,2011-08-08,2011,PH12,Scotland,Angus,Conventional crop,1,Unknown/Other,Harmony,False
949,PCL11_8918,2011-08-08,2011,KY13,Scotland,Perth and Kinross,Conventional crop,1,Unknown/Other,Saxon,False
950,PCL11_8982,2011-08-08,2011,IV2,Scotland,Highland,Organic crop,1,Unknown/Other,Vales Emerald,False
951,PCL11_8986,2011-08-09,2011,EH39,Scotland,East Lothian,Volunteer,0,Unknown/Other,Maris Piper,False
952,PCL11_8990,2011-08-09,2011,KY15,Scotland,Fife,Conventional crop,1,Unknown/Other,Cultra,False
953,PCL11_8994,2011-08-09,2011,KY15,Scotland,Fife,Conventional crop,1,Unknown/Other,Saxon,False
956,PCL11_8934,2011-08-10,2011,KY13,Scotland,Perth and Kinross,Conventional crop,1,Unknown/Other,Maris Piper,False
954,PCL11_8926,2011-08-10,2011,KY13,Scotland,Perth and Kinross,Dump,0,Unknown/Other,Unknown/Other,False
955,PCL11_8930,2011-08-10,2011,KY13,Scotland,Perth and Kinross,Conventional crop,1,Unknown/Other,Saxon,False
958,PCL11_8950,2011-08-12,2011,PH14,Scotland,Perth and Kinross,Garden/Allotment,0,Unknown/Other,Charlotte,False
957,PCL11_8998,2011-08-12,2011,OX27,England,Cherwell,Conventional crop,1,Unknown/Other,Russet Burbank,False
959,PCL11_9002,2011-08-14,2011,AB14,Scotland,Aberdeen City,Garden/Allotment,0,Unknown/Other,Estima,False
960,PCL11_9006,2011-08-14,2011,LL53,Wales,Gwynedd,Organic crop,1,Unknown/Other,Charlotte,False
961,PCL11_8590,2011-08-15,2011,PH14,Scotland,Perth and Kinross,Conventional crop,1,Unknown/Other,King Edward,False
962,PCL11_8954,2011-08-15,2011,PH2,Scotland,Perth and Kinross,Garden/Allotment,0,Unknown/Other,International Kidney,False
963,PCL11_9038,2011-08-15,2011,DD2,Scotland,Dundee City,Trial,1,Unknown/Other,Unknown/Other,False
964,PCL11_8598,2011-08-16,2011,IV12,Scotland,Highland,Conventional crop,1,Unknown/Other,Russet Burbank,False
965,PCL11_9010,2011-08-16,2011,SA48,Wales,Ceredigion,Organic crop,1,Unknown/Other,King Edward,False
966,PCL11_8614,2011-08-17,2011,TD15,England,Northumberland,Conventional crop,1,Unknown/Other,Maris Piper,False
967,PCL11_8626,2011-08-17,2011,KY10,Scotland,Fife,Conventional crop,1,Unknown/Other,Saxon,False
968,PCL11_8958,2011-08-17,2011,DD2,Scotland,Dundee City,Garden/Allotment,0,Unknown/Other,Maris Piper,False
975,PCL11_8666,2011-08-18,2011,TD6,Scotland,Scottish Borders,Dump,0,Unknown/Other,King Edward,False
974,PCL11_8662,2011-08-18,2011,DD6,Scotland,Fife,Conventional crop,1,Unknown/Other,Saxon,False
973,PCL11_8658,2011-08-18,2011,DD6,Scotland,Fife,Conventional crop,1,Unknown/Other,Hermes,False
969,PCL11_8638,2011-08-18,2011,KY10,Scotland,Fife,Conventional crop,1,Unknown/Other,Maris Piper,False
971,PCL11_8650,2011-08-18,2011,KY8,Scotland,Fife,Conventional crop,1,Unknown/Other,Melody,False
970,PCL11_8642,2011-08-18,2011,KY10,Scotland,Fife,Conventional crop,1,Unknown/Other,Cultra,False
972,PCL11_8654,2011-08-18,2011,DD5,Scotland,Dundee City,Volunteer,0,Unknown/Other,Maris Piper,False
982,PCL11_8694,2011-08-19,2011,DD6,Scotland,Fife,Conventional crop,1,Unknown/Other,Harmony,False
985,PCL11_8770,2011-08-19,2011,KY16,Scotland,Fife,Conventional crop,1,Unknown/Other,King Edward,False
984,PCL11_8766,2011-08-19,2011,KY12,Scotland,Fife,Conventional crop,1,Unknown/Other,Maris Piper,False
983,PCL11_8702,2011-08-19,2011,DD7,Scotland,Angus,Conventional crop,1,Unknown/Other,Cultra,False
986,PCL11_8774,2011-08-19,2011,KY16,Scotland,Fife,Conventional crop,1,Unknown/Other,King Edward,False
981,PCL11_8690,2011-08-19,2011,DD6,Scotland,Fife,Conventional crop,1,Unknown/Other,Harmony,False
979,PCL11_8686,2011-08-19,2011,DD6,Scotland,Fife,Conventional crop,1,Unknown/Other,Saxon,False
978,PCL11_8682,2011-08-19,2011,DD6,Scotland,Fife,Conventional crop,1,Unknown/Other,Saxon,False
977,PCL11_8678,2011-08-19,2011,DD11,Scotland,Angus,Conventional crop,1,Unknown/Other,Cultra,False
976,PCL11_8674,2011-08-19,2011,DD11,Scotland,Angus,Conventional crop,1,Unknown/Other,Cultra,False
980,PCL11_8698,2011-08-19,2011,DD6,Scotland,Fife,Conventional crop,1,Unknown/Other,Saxon,False
987,PCL11_8706,2011-08-20,2011,TD5,Scotland,Scottish Borders,Conventional crop,1,Unknown/Other,Desiree,False
988,PCL11_8718,2011-08-22,2011,EH41,Scotland,East Lothian,Organic crop,1,Unknown/Other,Blue Danube,False
989,PCL11_8722,2011-08-22,2011,EH41,Scotland,East Lothian,Organic crop,1,Unknown/Other,Blue Danube,False
990,PCL11_8962,2011-08-22,2011,DD2,Scotland,Dundee City,Garden/Allotment,0,Unknown/Other,Stirling,False
1001,PCL11_8762,2011-08-24,2011,EH32,Scotland,East Lothian,Conventional crop,1,Unknown/Other,Marfona,False
1000,PCL11_8758,2011-08-24,2011,EH30,Scotland,City of Edinburgh,Conventional crop,1,Unknown/Other,Estima,False
999,PCL11_8754,2011-08-24,2011,EH32,Scotland,East Lothian,Conventional crop,1,Unknown/Other,Maris Piper,False
998,PCL11_8746,2011-08-24,2011,EH39,Scotland,East Lothian,Conventional crop,1,Unknown/Other,Saturna,False
997,PCL11_8742,2011-08-24,2011,EH39,Scotland,East Lothian,Conventional crop,1,Unknown/Other,Fianna,False
992,PCL11_8726,2011-08-24,2011,EH39,Scotland,East Lothian,Conventional crop,1,Unknown/Other,Marfona,False
995,PCL11_8738,2011-08-24,2011,EH39,Scotland,East Lothian,Conventional crop,1,Unknown/Other,Markies,False
994,PCL11_8734,2011-08-24,2011,EH39,Scotland,East Lothian,Conventional crop,1,Unknown/Other,Lady Rosetta,False
993,PCL11_8730,2011-08-24,2011,EH39,Scotland,East Lothian,Conventional crop,1,Unknown/Other,Cultra,False
991,PCL11_8646,2011-08-24,2011,KY10,Scotland,Fife,Conventional crop,1,Unknown/Other,Maris Piper,False
996,PCL11_8750,2011-08-24,2011,EH39,Scotland,East Lothian,Conventional crop,1,Unknown/Other,Markies,False
1006,PCL11_8794,2011-08-25,2011,DD11,Scotland,Angus,Volunteer,0,Unknown/Other,Slaney,False
1005,PCL11_8790,2011-08-25,2011,PH13,Scotland,Perth and Kinross,Conventional crop,1,Unknown/Other,Saxon,False
1007,PCL11_8798,2011-08-25,2011,DD11,Scotland,Angus,Conventional crop,1,Unknown/Other,King Edward,False
1003,PCL11_8782,2011-08-25,2011,PH13,Scotland,Perth and Kinross,Conventional crop,1,Unknown/Other,Estima,False
1002,PCL11_8778,2011-08-25,2011,L39,England,West Lancashire,Conventional crop,1,Unknown/Other,Maris Piper,False
1004,PCL11_8786,2011-08-25,2011,PH13,Scotland,Perth and Kinross,Conventional crop,1,Unknown/Other,Estima,False
1008,PCL11_8802,2011-08-28,2011,KY16,Scotland,Fife,Conventional crop,1,Unknown/Other,Nectar,False
1009,PCL11_8814,2011-08-28,2011,PH13,Scotland,Perth and Kinross,Conventional crop,1,Unknown/Other,Harmony,False
1010,PCL11_8818,2011-08-29,2011,PH13,Scotland,Perth and Kinross,Conventional crop,1,Unknown/Other,Estima,False
1011,PCL11_8822,2011-08-29,2011,PH1,Scotland,Perth and Kinross,Conventional crop,1,Unknown/Other,Maris Piper,False
1012,PCL11_8826,2011-08-29,2011,PH1,Scotland,Perth and Kinross,Conventional crop,1,Unknown/Other,Maris Piper,False
1013,PCL11_8830,2011-08-30,2011,SA71,Wales,Pembrokeshire,Volunteer,0,Unknown/Other,Harmony,False
1014,PCL11_8846,2011-09-01,2011,CA4,England,Cumberland,Conventional crop,1,Unknown/Other,Ramos,False
1015,PCL11_8842,2011-09-01,2011,IV30,Scotland,Moray,Conventional crop,1,Unknown/Other,Unknown/Other,False
1016,PCL11_8854,2011-09-07,2011,IP12,England,East Suffolk,Conventional crop,1,Unknown/Other,Carlingford,False
1017,PCL11_8882,2011-09-12,2011,CB2,England,Cambridge,Trial,1,Unknown/Other,Maris Piper,False
1018,PCL11_9018,2011-09-15,2011,SA48,Wales,Ceredigion,Conventional crop,1,Unknown/Other,King Edward,False
1019,PCL11_9022,2011-09-16,2011,TD5,Scotland,Scottish Borders,Conventional crop,1,Unknown/Other,King Edward,False
1020,PCL11_9026,2011-09-19,2011,SY23,Wales,Ceredigion,Garden/Allotment,0,Unknown/Other,Unknown/Other,False
1021,PCL11_9034,2011-09-22,2011,NR4,England,Norwich,Trial,1,Unknown/Other,Desiree,False
1022,MSC_11_0017,2011-09-30,2011,DN22,England,Bassetlaw,Unknown/Other,0,Unknown/Other,Unknown/Other,False
1024,PCL11_9042,2011-10-04,2011,NR21,England,North Norfolk,Volunteer,0,Unknown/Other,Unknown/Other,False
1026,PCL12_9050,2012-04-26,2012,TR18,England,Cornwall,Plastic,0,Unknown/Other,Maris Peer,False
1027,PCL12_9054,2012-05-14,2012,TR18,England,Cornwall,Conventional crop,1,Unknown/Other,Unknown/Other,False
1028,PCL12_9058,2012-05-16,2012,HR9,England,Herefordshire,Dump,0,Unknown/Other,Lady Rosetta,False
1029,PCL12_9066,2012-05-30,2012,TR14,England,Cornwall,Conventional crop,1,Unknown/Other,Unknown/Other,False
1030,PCL12_9070,2012-05-31,2012,TD6,Scotland,Scottish Borders,Dump,0,Unknown/Other,Maris Piper,False
1031,PCL12_9074,2012-06-06,2012,TR12,England,Cornwall,Conventional crop,1,Unknown/Other,Maris Peer,False
1032,PCL12_9078,2012-06-09,2012,SA71,Wales,Pembrokeshire,Conventional crop,1,Unknown/Other,Gemson,False
1033,PCL12_9082,2012-06-13,2012,CT7,England,Thanet,Conventional crop,1,Unknown/Other,Marfona,False
1034,PCL12_9086,2012-06-14,2012,CT7,England,Thanet,Conventional crop,1,Unknown/Other,Maris Peer,False
1037,PCL12_9098,2012-06-18,2012,LL33,Wales,Conwy,Dump,0,Unknown/Other,Unknown/Other,False
1036,PCL12_9090,2012-06-18,2012,LL33,Wales,Conwy,Garden/Allotment,0,Unknown/Other,Unknown/Other,False
1035,PCL12_9094,2012-06-18,2012,TR12,England,Cornwall,Conventional crop,1,Unknown/Other,Charlotte,False
1038,PCL12_9102,2012-06-19,2012,GU29,England,Chichester,Conventional crop,1,Unknown/Other,Victoria,False
1039,PCL12_9110,2012-06-20,2012,CW6,England,Cheshire West and Chester,Conventional crop,1,Unknown/Other,Victoria,False
1040,PCL12_9106,2012-06-20,2012,TD12,Scotland,Scottish Borders,Conventional crop,1,Unknown/Other,Estima,False
1041,PCL12_9114,2012-06-21,2012,CT7,England,Thanet,Conventional crop,1,Unknown/Other,Desiree,False
1042,PCL12_9118,2012-06-22,2012,NR10,England,Broadland,Conventional crop,1,Unknown/Other,Unknown/Other,False
1043,PCL12_9122,2012-06-25,2012,TA13,England,Somerset,Conventional crop,1,Unknown/Other,Melody,False
1044,PCL12_9130,2012-06-26,2012,CT7,England,Thanet,Conventional crop,1,Unknown/Other,King Edward,False
1045,PCL12_9134,2012-06-26,2012,NR10,England,Broadland,Conventional crop,1,Unknown/Other,Unknown/Other,False
1046,PCL12_9138,2012-06-26,2012,PE20,England,Boston,Conventional crop,1,Unknown/Other,Maris Piper,False
1047,PCL12_9150,2012-06-26,2012,DN17,England,North Lincolnshire,Conventional crop,1,Unknown/Other,Melody,False
1048,PCL12_9146,2012-06-28,2012,GU28,England,Chichester,Conventional crop,1,Unknown/Other,Exquisa,False
1049,PCL12_9154,2012-06-28,2012,NR11,England,North Norfolk,Conventional crop,1,Unknown/Other,Unknown/Other,False
1050,PCL12_9162,2012-06-29,2012,EH12,Scotland,City of Edinburgh,Conventional crop,1,Unknown/Other,King Edward,False
1051,PCL12_9186,2012-07-02,2012,NR29,England,Great Yarmouth,Conventional crop,1,Unknown/Other,Desiree,False
1052,PCL12_9190,2012-07-02,2012,TR11,England,Cornwall,Conventional crop,1,Unknown/Other,Exquisa,False
1053,PCL12_9298,2012-07-02,2012,DN17,England,North Lincolnshire,Conventional crop,1,Unknown/Other,Sagitta,False
1054,PCL12_9166,2012-07-02,2012,KY10,Scotland,Fife,Dump,0,Unknown/Other,Unknown/Other,False
1055,PCL12_9170,2012-07-02,2012,KY8,Scotland,Fife,Dump,0,Unknown/Other,Unknown/Other,False
1056,PCL12_9174,2012-07-02,2012,TD6,Scotland,Scottish Borders,Conventional crop,1,Unknown/Other,Maris Piper,False
1057,PCL12_9178,2012-07-02,2012,KY8,Scotland,Fife,Conventional crop,1,Unknown/Other,Slaney,False
1059,PCL12_9198,2012-07-03,2012,TA19,England,Somerset,Conventional crop,1,Unknown/Other,Estima,False
1060,PCL12_9202,2012-07-03,2012,PE20,England,Boston,Conventional crop,1,Unknown/Other,Maris Piper,False
1061,PCL12_9210,2012-07-03,2012,PE20,England,Boston,Conventional crop,1,Unknown/Other,Maris Piper,False
1058,PCL12_9194,2012-07-03,2012,TA19,England,Somerset,Conventional crop,1,Unknown/Other,Blue Belle,False
1068,PCL12_9206,2012-07-04,2012,LL74,Wales,Isle of Anglesey,Conventional crop,1,Unknown/Other,Casablanca,False
1067,PCL12_9282,2012-07-04,2012,NR12,England,Broadland,Conventional crop,1,Unknown/Other,Unknown/Other,False
1066,PCL12_9250,2012-07-04,2012,TA14,England,Somerset,Conventional crop,1,Unknown/Other,Blue Belle,False
1065,PCL12_9242,2012-07-04,2012,CT3,England,Dover,Conventional crop,1,Unknown/Other,Daisy,False
1063,PCL12_9222,2012-07-04,2012,TA19,England,Somerset,Conventional crop,1,Unknown/Other,Unknown/Other,False
1062,PCL12_9218,2012-07-04,2012,NR10,England,Broadland,Conventional crop,1,Unknown/Other,Unknown/Other,False
1064,PCL12_9230,2012-07-04,2012,PE14,England,King's Lynn and West Norfolk,Conventional crop,1,Unknown/Other,Challenger,False
1069,PCL12_9258,2012-07-05,2012,WN8,England,West Lancashire,Conventional crop,1,Unknown/Other,Fontane,False
1070,PCL12_9286,2012-07-05,2012,L40,England,West Lancashire,Conventional crop,1,Unknown/Other,Victoria,False
1071,PCL12_9294,2012-07-05,2012,TQ7,England,South Hams,Conventional crop,1,Unknown/Other,Marfona,False
1072,PCL12_9302,2012-07-05,2012,PR9,England,West Lancashire,Conventional crop,1,Unknown/Other,Harmony,False
1073,PCL12_9306,2012-07-05,2012,PR9,England,West Lancashire,Conventional crop,1,Unknown/Other,Harmony,False
1074,PCL12_9214,2012-07-05,2012,KY16,Scotland,Fife,Conventional crop,1,Unknown/Other,Slaney,False
1075,PCL12_9266,2012-07-05,2012,PH13,Scotland,Perth and Kinross,Conventional crop,1,Unknown/Other,Nicola,False
1076,PCL12_9270,2012-07-05,2012,PH13,Scotland,Perth and Kinross,Conventional crop,1,Unknown/Other,Marfona,False
1077,PCL12_9274,2012-07-05,2012,KY16,Scotland,Fife,Conventional crop,1,Unknown/Other,Markies,False
1078,PCL12_9278,2012-07-05,2012,KY15,Scotland,Fife,Conventional crop,1,Unknown/Other,Picasso,False
1082,PCL12_9482,2012-07-06,2012,PE6,England,Peterborough,Conventional crop,1,Unknown/Other,King Edward,False
1081,PCL12_9398,2012-07-06,2012,WA11,England,St. Helens,Conventional crop,1,Unknown/Other,Orchestra,False
1080,PCL12_9314,2012-07-06,2012,WS15,England,East Staffordshire,Conventional crop,1,Unknown/Other,Unknown/Other,False
1079,PCL12_9310,2012-07-06,2012,DE13,England,East Staffordshire,Conventional crop,1,Unknown/Other,Unknown/Other,False
1083,PCL12_9318,2012-07-07,2012,SA48,Wales,Ceredigion,Conventional crop,1,Unknown/Other,King Edward,False
1084,PCL12_9326,2012-07-08,2012,DD11,Scotland,Angus,Conventional crop,1,Unknown/Other,Desiree,False
1102,PCL12_9350,2012-07-09,2012,LL53,Wales,Gwynedd,Organic crop,1,Unknown/Other,Karlena,False
1101,PCL12_9370,2012-07-09,2012,PH1,Scotland,Perth and Kinross,Conventional crop,1,Unknown/Other,Nectar,False
1096,PCL12_9502,2012-07-09,2012,DN17,England,North Lincolnshire,Conventional crop,1,Unknown/Other,Unknown/Other,False
1100,PCL12_9354,2012-07-09,2012,DD11,Scotland,Angus,Conventional crop,1,Unknown/Other,Maris Piper,False
1099,PCL12_9346,2012-07-09,2012,KY15,Scotland,Fife,Conventional crop,1,Unknown/Other,Maris Piper,False
1098,PCL12_10146,2012-07-09,2012,SO23,England,Winchester,Garden/Allotment,0,Unknown/Other,Maris Piper,False
1097,PCL12_9506,2012-07-09,2012,DN17,England,North Lincolnshire,Conventional crop,1,Unknown/Other,Unknown/Other,False
1103,PCL12_9758,2012-07-09,2012,LL53,Wales,Gwynedd,Conventional crop,1,Unknown/Other,Unknown/Other,False
1095,PCL12_9434,2012-07-09,2012,DN14,England,East Riding of Yorkshire,Conventional crop,1,Unknown/Other,Melody,False
1087,PCL12_9338,2012-07-09,2012,TA19,England,Somerset,Conventional crop,1,Unknown/Other,Maris Piper,False
1093,PCL12_9386,2012-07-09,2012,PL30,England,Cornwall,Conventional crop,1,Unknown/Other,King Edward,False
1092,PCL12_9382,2012-07-09,2012,PL14,England,Cornwall,Conventional crop,1,Unknown/Other,King Edward,False
1091,PCL12_9378,2012-07-09,2012,PE23,England,East Lindsey,Conventional crop,1,Unknown/Other,Unknown/Other,False
1090,PCL12_9374,2012-07-09,2012,PE23,England,East Lindsey,Conventional crop,1,Unknown/Other,Picasso,False
1089,PCL12_9362,2012-07-09,2012,PE12,England,South Holland,Conventional crop,1,Unknown/Other,Maris Piper,False
1088,PCL12_9342,2012-07-09,2012,TA13,England,Somerset,Conventional crop,1,Unknown/Other,Estima,False
1086,PCL12_9334,2012-07-09,2012,TA19,England,Somerset,Conventional crop,1,Unknown/Other,Estima,False
1085,PCL12_9330,2012-07-09,2012,TA19,England,Somerset,Conventional crop,1,Unknown/Other,Marfona,False
1094,PCL12_9410,2012-07-09,2012,HR8,England,Herefordshire,Organic crop,1,Unknown/Other,Sylvana,False
1115,PCL12_9790,2012-07-10,2012,EH32,Scotland,East Lothian,Conventional crop,1,Unknown/Other,Maris Piper,False
1114,PCL12_9430,2012-07-10,2012,TD3,Scotland,Scottish Borders,Conventional crop,1,Unknown/Other,Unknown/Other,False
1113,PCL12_9418,2012-07-10,2012,DD3,Scotland,Angus,Conventional crop,1,Unknown/Other,Maris Piper,False
1112,PCL12_9394,2012-07-10,2012,DD9,Scotland,Angus,Conventional crop,1,Unknown/Other,Burren,False
1111,PCL12_9730,2012-07-10,2012,PL14,England,Cornwall,Garden/Allotment,0,Unknown/Other,Unknown/Other,False
1110,PCL12_9534,2012-07-10,2012,GU4,England,Guildford,Garden/Allotment,0,Unknown/Other,Charlotte,False
1109,PCL12_9510,2012-07-10,2012,WV16,England,Shropshire,Conventional crop,1,Unknown/Other,Maris Piper,False
1107,PCL12_9422,2012-07-10,2012,YO25,England,East Riding of Yorkshire,Conventional crop,1,Unknown/Other,Melody,False
1106,PCL12_9414,2012-07-10,2012,L40,England,West Lancashire,Conventional crop,1,Unknown/Other,Maris Piper,False
1105,PCL12_9406,2012-07-10,2012,PE13,England,Fenland,Conventional crop,1,Unknown/Other,Mozart,False
1104,PCL12_9402,2012-07-10,2012,PE12,England,South Holland,Conventional crop,1,Unknown/Other,Maris Piper,False
1108,PCL12_9498,2012-07-10,2012,NE71,England,Northumberland,Conventional crop,1,Unknown/Other,Unknown/Other,False
1126,PCL12_9450,2012-07-11,2012,DD8,Scotland,Angus,Conventional crop,1,Unknown/Other,Fambo,False
1134,PCL12_9494,2012-07-11,2012,LL57,Wales,Gwynedd,Garden/Allotment,0,Unknown/Other,Unknown/Other,False
1133,PCL12_9546,2012-07-11,2012,DD8,Scotland,Angus,Conventional crop,1,Unknown/Other,King Edward,False
1132,PCL12_9486,2012-07-11,2012,EH39,Scotland,East Lothian,Conventional crop,1,Unknown/Other,Unknown/Other,False
1130,PCL12_9466,2012-07-11,2012,EH32,Scotland,East Lothian,Conventional crop,1,Unknown/Other,Unknown/Other,False
1129,PCL12_9462,2012-07-11,2012,EH33,Scotland,East Lothian,Conventional crop,1,Unknown/Other,Unknown/Other,False
1128,PCL12_9458,2012-07-11,2012,PH13,Scotland,Perth and Kinross,Conventional crop,1,Unknown/Other,Maris Piper,False
1127,PCL12_9454,2012-07-11,2012,PH13,Scotland,Perth and Kinross,Conventional crop,1,Unknown/Other,Estima,False
1125,PCL12_9446,2012-07-11,2012,DD11,Scotland,Angus,Dump,0,Unknown/Other,Rooster,False
1131,PCL12_9474,2012-07-11,2012,TD5,Scotland,Scottish Borders,Conventional crop,1,Unknown/Other,Unknown/Other,False
1123,PCL12_9438,2012-07-11,2012,EH21,Scotland,East Lothian,Conventional crop,1,Unknown/Other,Unknown/Other,False
1122,PCL12_9582,2012-07-11,2012,LS24,England,North Yorkshire,Conventional crop,1,Unknown/Other,Russet Burbank,False
1121,PCL12_9578,2012-07-11,2012,IP26,England,Breckland,Volunteer,0,Unknown/Other,Lady Rosetta,False
1120,PCL12_9574,2012-07-11,2012,OX44,England,South Oxfordshire,Organic crop,1,Unknown/Other,Nadine,False
1119,PCL12_9570,2012-07-11,2012,DN17,England,North Lincolnshire,Conventional crop,1,Unknown/Other,Maris Piper,False
1118,PCL12_9538,2012-07-11,2012,SY4,England,Shropshire,Conventional crop,1,Unknown/Other,Perline,False
1117,PCL12_9530,2012-07-11,2012,TF6,England,Telford and Wrekin,Conventional crop,1,Unknown/Other,Perline,False
1116,PCL12_9478,2012-07-11,2012,LS22,England,Leeds,Conventional crop,1,Unknown/Other,Unknown/Other,False
1124,PCL12_9442,2012-07-11,2012,DD11,Scotland,Angus,Dump,0,Unknown/Other,Slaney,False
1142,PCL12_9594,2012-07-12,2012,LL65,Wales,Isle of Anglesey,Organic crop,1,Unknown/Other,Unknown/Other,False
1140,PCL12_9562,2012-07-12,2012,SY4,England,Shropshire,Conventional crop,1,Unknown/Other,Unknown/Other,False
1141,PCL12_9614,2012-07-12,2012,IP12,England,East Suffolk,Conventional crop,1,Unknown/Other,King Edward,False
1139,PCL12_9550,2012-07-12,2012,YO60,England,North Yorkshire,Conventional crop,1,Unknown/Other,Unknown/Other,False
1135,PCL12_9514,2012-07-12,2012,HR9,England,Herefordshire,Garden/Allotment,0,Unknown/Other,Maris Bard,False
1137,PCL12_9522,2012-07-12,2012,LS25,England,North Yorkshire,Conventional crop,1,Unknown/Other,Unknown/Other,False
1136,PCL12_9518,2012-07-12,2012,CT7,England,Thanet,Conventional crop,1,Unknown/Other,King Edward,False
1138,PCL12_9542,2012-07-12,2012,PO12,England,Gosport,Garden/Allotment,0,Unknown/Other,Unknown/Other,False
1143,PCL12_9566,2012-07-13,2012,NN8,England,North Northamptonshire,Conventional crop,1,Unknown/Other,Maris Piper,False
1144,PCL12_9590,2012-07-13,2012,L39,England,West Lancashire,Conventional crop,1,Unknown/Other,Nadine,False
1145,PCL12_9598,2012-07-13,2012,NR18,England,South Norfolk,Conventional crop,1,Unknown/Other,Mirabel,False
1146,PCL12_9606,2012-07-13,2012,YO43,England,East Riding of Yorkshire,Conventional crop,1,Unknown/Other,Unknown/Other,False
1147,PCL12_9610,2012-07-13,2012,IP12,England,East Suffolk,Organic crop,1,Unknown/Other,Marfona,False
1148,PCL12_9646,2012-07-13,2012,PO18,England,Chichester,Conventional crop,1,Unknown/Other,Gemson,False
1149,PCL12_9686,2012-07-13,2012,NR12,England,Broadland,Conventional crop,1,Unknown/Other,Unknown/Other,False
1150,PCL12_10110,2012-07-13,2012,WR6,England,Malvern Hills,Conventional crop,1,Unknown/Other,Unknown/Other,False
1151,PCL12_9586,2012-07-13,2012,AB53,Scotland,Aberdeenshire,Conventional crop,1,Unknown/Other,Kennebec,False
1152,PCL12_9602,2012-07-13,2012,DD6,Scotland,Fife,Conventional crop,1,Unknown/Other,Maris Piper,False
1153,PCL12_10174,2012-07-13,2012,EH41,Scotland,East Lothian,Conventional crop,1,Unknown/Other,Maris Piper,False
1158,PCL12_9626,2012-07-14,2012,NP12,Wales,Caerphilly,Garden/Allotment,0,Unknown/Other,Unknown/Other,False
1157,PCL12_9638,2012-07-14,2012,AB53,Scotland,Aberdeenshire,Conventional crop,1,Unknown/Other,Desiree,False
1155,PCL12_9622,2012-07-14,2012,IP14,England,Mid Suffolk,Garden/Allotment,0,Unknown/Other,Marfona,False
1154,PCL12_9618,2012-07-14,2012,WV8,England,South Staffordshire,Garden/Allotment,0,Unknown/Other,Unknown/Other,False
1156,PCL12_9642,2012-07-14,2012,YO25,England,East Riding of Yorkshire,Garden/Allotment,0,Unknown/Other,Unknown/Other,False
1159,PCL12_9630,2012-07-15,2012,SY12,England,Shropshire,Conventional crop,1,Unknown/Other,Unknown/Other,False
1160,PCL12_9826,2012-07-15,2012,DD8,Scotland,Angus,Conventional crop,1,Unknown/Other,Desiree,False
1161,PCL12_9830,2012-07-15,2012,KY1,Scotland,Fife,Conventional crop,1,Unknown/Other,Nectar,False
1172,PCL12_10118,2012-07-16,2012,CO5,England,Colchester,Conventional crop,1,Unknown/Other,King Edward,False
1179,PCL12_10050,2012-07-16,2012,DL4,England,County Durham,Garden/Allotment,0,Unknown/Other,Unknown/Other,False
1178,PCL12_9702,2012-07-16,2012,KA6,Scotland,South Ayrshire,Conventional crop,1,Unknown/Other,King Edward,False
1177,PCL12_9678,2012-07-16,2012,PH12,Scotland,Angus,Conventional crop,1,Unknown/Other,Saxon,False
1176,PCL12_9674,2012-07-16,2012,PH13,Scotland,Perth and Kinross,Conventional crop,1,Unknown/Other,King Edward,False
1175,PCL12_9670,2012-07-16,2012,DD11,Scotland,Angus,Conventional crop,1,Unknown/Other,Rooster,False
1174,PCL12_9650,2012-07-16,2012,TD13,Scotland,Scottish Borders,Conventional crop,1,Unknown/Other,Unknown/Other,False
1173,PCL12_10150,2012-07-16,2012,CB6,England,East Cambridgeshire,Conventional crop,1,Unknown/Other,Maris Piper,False
1171,PCL12_10114,2012-07-16,2012,SY10,England,Shropshire,Conventional crop,1,Unknown/Other,Unknown/Other,False
1164,PCL12_9690,2012-07-16,2012,YO42,England,East Riding of Yorkshire,Conventional crop,1,Unknown/Other,Fontane,False
1169,PCL12_9718,2012-07-16,2012,DL7,England,North Yorkshire,Organic crop,1,Unknown/Other,Unknown/Other,False
1168,PCL12_9714,2012-07-16,2012,PE20,England,Boston,Conventional crop,1,Unknown/Other,Estima,False
1167,PCL12_9710,2012-07-16,2012,PE20,England,Boston,Conventional crop,1,Unknown/Other,Melody,False
1166,PCL12_9698,2012-07-16,2012,TD15,England,Northumberland,Conventional crop,1,Unknown/Other,Unknown/Other,False
1165,PCL12_9694,2012-07-16,2012,DN21,England,West Lindsey,Conventional crop,1,Unknown/Other,Marfona,False
1163,PCL12_9666,2012-07-16,2012,YO41,England,East Riding of Yorkshire,Unknown/Other,0,Unknown/Other,Hermes,False
1162,PCL12_9662,2012-07-16,2012,TR8,England,Cornwall,Conventional crop,1,Unknown/Other,Lady Rosetta,False
1170,PCL12_10038,2012-07-16,2012,CM3,England,Braintree,Garden/Allotment,0,Unknown/Other,Unknown/Other,False
1192,PCL12_9834,2012-07-17,2012,NR17,England,Breckland,Conventional crop,1,Unknown/Other,Unknown/Other,False
1193,PCL12_9910,2012-07-17,2012,TR9,England,Cornwall,Conventional crop,1,Unknown/Other,Lady Rosetta,False
1194,PCL12_10126,2012-07-17,2012,DY7,England,South Staffordshire,Conventional crop,1,Unknown/Other,Maris Piper,False
1195,PCL12_10130,2012-07-17,2012,DY7,England,South Staffordshire,Conventional crop,1,Unknown/Other,Pentland Dell,False
1198,PCL12_10122,2012-07-17,2012,KA6,Scotland,South Ayrshire,Garden/Allotment,0,Unknown/Other,Unknown/Other,False
1196,PCL12_9722,2012-07-17,2012,AB54,Scotland,Aberdeenshire,Garden/Allotment,0,Unknown/Other,Duke of York,False
1197,PCL12_9766,2012-07-17,2012,KA6,Scotland,South Ayrshire,Unknown/Other,0,Unknown/Other,King Edward,False
1191,PCL12_9822,2012-07-17,2012,DN36,England,East Lindsey,Garden/Allotment,0,Unknown/Other,Maris Bard,False
1199,PCL12_9706,2012-07-17,2012,SY23,Wales,Ceredigion,Organic crop,1,Unknown/Other,Desiree,False
1190,PCL12_9818,2012-07-17,2012,TR3,England,Cornwall,Conventional crop,1,Unknown/Other,Maris Peer,False
1183,PCL12_9754,2012-07-17,2012,HU12,England,East Riding of Yorkshire,Conventional crop,1,Unknown/Other,Unknown/Other,False
1188,PCL12_9810,2012-07-17,2012,TR14,England,Cornwall,Conventional crop,1,Unknown/Other,Lady Rosetta,False
1187,PCL12_9806,2012-07-17,2012,YO26,England,North Yorkshire,Conventional crop,1,Unknown/Other,Unknown/Other,False
1186,PCL12_9802,2012-07-17,2012,NR14,England,South Norfolk,Conventional crop,1,Unknown/Other,Unknown/Other,False
1185,PCL12_9770,2012-07-17,2012,HU11,England,East Riding of Yorkshire,Conventional crop,1,Unknown/Other,Unknown/Other,False
1184,PCL12_9762,2012-07-17,2012,TR3,England,Cornwall,Conventional crop,1,Unknown/Other,Lady Rosetta,False
1182,PCL12_9750,2012-07-17,2012,YO43,England,East Riding of Yorkshire,Conventional crop,1,Unknown/Other,Unknown/Other,False
1181,PCL12_9734,2012-07-17,2012,PO20,England,Chichester,Garden/Allotment,0,Unknown/Other,Charlotte,False
1180,PCL12_9726,2012-07-17,2012,LN1,England,West Lindsey,Conventional crop,1,Unknown/Other,Unknown/Other,False
1189,PCL12_9814,2012-07-17,2012,TR14,England,Cornwall,Conventional crop,1,Unknown/Other,Maris Peer,False
1213,PCL12_9974,2012-07-18,2012,NR10,England,Broadland,Conventional crop,1,Unknown/Other,Unknown/Other,False
1214,PCL12_9842,2012-07-18,2012,KY15,Scotland,Fife,Conventional crop,1,Unknown/Other,Nectar,False
1215,PCL12_9850,2012-07-18,2012,KY15,Scotland,Fife,Conventional crop,1,Unknown/Other,Banba,False
1216,PCL12_9854,2012-07-18,2012,KY16,Scotland,Fife,Conventional crop,1,Unknown/Other,Maris Piper,False
1220,PCL12_9878,2012-07-18,2012,EH22,Scotland,Midlothian,Conventional crop,1,Unknown/Other,Unknown/Other,False
1218,PCL12_9862,2012-07-18,2012,TD6,Scotland,Scottish Borders,Conventional crop,1,Unknown/Other,Saxon,False
1219,PCL12_9870,2012-07-18,2012,TD6,Scotland,Scottish Borders,Conventional crop,1,Unknown/Other,Maris Piper,False
1212,PCL12_9970,2012-07-18,2012,SY4,England,Shropshire,Conventional crop,1,Unknown/Other,Perline,False
1221,PCL12_9914,2012-07-18,2012,EH36,Scotland,East Lothian,Conventional crop,1,Unknown/Other,Unknown/Other,False
1217,PCL12_9858,2012-07-18,2012,DD8,Scotland,Angus,Conventional crop,1,Unknown/Other,Brooke,False
1211,PCL12_9966,2012-07-18,2012,SY4,England,Shropshire,Conventional crop,1,Unknown/Other,Perline,False
1208,PCL12_9922,2012-07-18,2012,NR28,England,North Norfolk,Conventional crop,1,Unknown/Other,Unknown/Other,False
1209,PCL12_9926,2012-07-18,2012,PO18,England,Chichester,Conventional crop,1,Unknown/Other,Maris Piper,False
1207,PCL12_9918,2012-07-18,2012,NR28,England,North Norfolk,Conventional crop,1,Unknown/Other,Unknown/Other,False
1206,PCL12_9906,2012-07-18,2012,NR20,England,Breckland,Conventional crop,1,Unknown/Other,Fontane,False
1205,PCL12_9902,2012-07-18,2012,NR12,England,Broadland,Conventional crop,1,Unknown/Other,Fontane,False
1204,PCL12_9898,2012-07-18,2012,NR12,England,Broadland,Conventional crop,1,Unknown/Other,Unknown/Other,False
1203,PCL12_9894,2012-07-18,2012,PE38,England,King's Lynn and West Norfolk,Conventional crop,1,Unknown/Other,Morene,False
1202,PCL12_9886,2012-07-18,2012,NR11,England,North Norfolk,Conventional crop,1,Unknown/Other,Unknown/Other,False
1201,PCL12_9882,2012-07-18,2012,TF11,England,Shropshire,Conventional crop,1,Unknown/Other,Sylvana,False
1200,PCL12_9846,2012-07-18,2012,LN4,England,North Kesteven,Conventional crop,1,Unknown/Other,Saxon,False
1210,PCL12_9958,2012-07-18,2012,NG20,England,Bassetlaw,Conventional crop,1,Unknown/Other,King Edward,False
1229,PCL12_9982,2012-07-19,2012,SS16,England,Basildon,Garden/Allotment,0,Unknown/Other,Kestrel,False
1232,PCL12_9938,2012-07-19,2012,IV12,Scotland,Highland,Conventional crop,1,Unknown/Other,King Edward,False
1231,PCL12_9998,2012-07-19,2012,PR4,England,Fylde,Conventional crop,1,Unknown/Other,Nadine,False
1230,PCL12_9994,2012-07-19,2012,PR4,England,Fylde,Conventional crop,1,Unknown/Other,Maris Piper,False
1228,PCL12_9978,2012-07-19,2012,HR4,England,Herefordshire,Conventional crop,1,Unknown/Other,Maris Piper,False
1233,PCL12_9990,2012-07-19,2012,EH41,Scotland,East Lothian,Conventional crop,1,Unknown/Other,Charlotte,False
1226,PCL12_9954,2012-07-19,2012,TA7,England,Somerset,Conventional crop,1,Unknown/Other,Estima,False
1225,PCL12_9950,2012-07-19,2012,S81,England,Bassetlaw,Conventional crop,1,Unknown/Other,Fontane,False
1224,PCL12_9946,2012-07-19,2012,CT3,England,Dover,Conventional crop,1,Unknown/Other,Maris Piper,False
1223,PCL12_9942,2012-07-19,2012,CT3,England,Dover,Conventional crop,1,Unknown/Other,Markies,False
1222,PCL12_9930,2012-07-19,2012,IP26,England,Breckland,Organic crop,1,Unknown/Other,Unknown/Other,False
1227,PCL12_9962,2012-07-19,2012,PE8,England,North Northamptonshire,Garden/Allotment,0,Unknown/Other,Unknown/Other,False
1243,PCL12_10030,2012-07-20,2012,DD8,Scotland,Angus,Conventional crop,1,Unknown/Other,Rooster,False
1242,PCL12_10022,2012-07-20,2012,DD8,Scotland,Angus,Conventional crop,1,Unknown/Other,Marfona,False
1241,PCL12_10026,2012-07-20,2012,DD8,Scotland,Angus,Conventional crop,1,Unknown/Other,Maris Piper,False
1244,PCL12_10254,2012-07-20,2012,SA46,Wales,Ceredigion,Organic crop,1,Unknown/Other,Estima,False
1239,PCL12_10058,2012-07-20,2012,YO42,England,East Riding of Yorkshire,Conventional crop,1,Unknown/Other,Fontane,False
1240,PCL12_9874,2012-07-20,2012,DD8,Scotland,Angus,Conventional crop,1,Unknown/Other,Maris Piper,False
1238,PCL12_10054,2012-07-20,2012,YO18,England,North Yorkshire,Conventional crop,1,Unknown/Other,Fontane,False
1237,PCL12_10018,2012-07-20,2012,CT3,England,Dover,Conventional crop,1,Unknown/Other,Maris Piper,False
1236,PCL12_10014,2012-07-20,2012,L40,England,West Lancashire,Conventional crop,1,Unknown/Other,Unknown/Other,False
1235,PCL12_10010,2012-07-20,2012,DN7,England,Doncaster,Conventional crop,1,Unknown/Other,Unknown/Other,False
1234,PCL12_9778,2012-07-20,2012,YO25,England,East Riding of Yorkshire,Conventional crop,1,Unknown/Other,Unknown/Other,False
1245,PCL12_10042,2012-07-21,2012,CV23,England,Rugby,Conventional crop,1,Unknown/Other,Markies,False
1246,PCL12_10046,2012-07-21,2012,TF11,England,Shropshire,Conventional crop,1,Unknown/Other,Unknown/Other,False
1251,PCL12_10078,2012-07-23,2012,EH35,Scotland,East Lothian,Conventional crop,1,Unknown/Other,Sylvana,False
1250,PCL12_10074,2012-07-23,2012,EH34,Scotland,East Lothian,Conventional crop,1,Unknown/Other,Maris Piper,False
1249,PCL12_10070,2012-07-23,2012,B79,England,Tamworth,Conventional crop,1,Unknown/Other,Unknown/Other,False
1248,PCL12_10066,2012-07-23,2012,CM3,England,Chelmsford,Conventional crop,1,Unknown/Other,King Edward,False
1247,PCL12_10062,2012-07-23,2012,RH18,England,Wealden,Garden/Allotment,0,Unknown/Other,Unknown/Other,False
1267,PCL12_10246,2012-07-24,2012,CF5,Wales,Vale of Glamorgan,Garden/Allotment,0,Unknown/Other,Unknown/Other,False
1266,PCL12_10170,2012-07-24,2012,LL30,Wales,Conwy,Conventional crop,1,Unknown/Other,Unknown/Other,False
1265,PCL12_10226,2012-07-24,2012,DD10,Scotland,Angus,Conventional crop,1,Unknown/Other,King Edward,False
1263,PCL12_10194,2012-07-24,2012,EH41,Scotland,East Lothian,Conventional crop,1,Unknown/Other,Saxon,False
1262,PCL12_10186,2012-07-24,2012,EH39,Scotland,East Lothian,Conventional crop,1,Unknown/Other,Cabaret,False
1261,PCL12_10182,2012-07-24,2012,EH39,Scotland,East Lothian,Conventional crop,1,Unknown/Other,Lady Rosetta,False
1260,PCL12_10214,2012-07-24,2012,KY15,Scotland,Fife,Conventional crop,1,Unknown/Other,Maris Piper,False
1264,PCL12_10206,2012-07-24,2012,KY14,Scotland,Fife,Conventional crop,1,Unknown/Other,Picasso,False
1258,PCL12_10094,2012-07-24,2012,KY10,Scotland,Fife,Conventional crop,1,Unknown/Other,Marfona,False
1257,PCL12_10090,2012-07-24,2012,KY16,Scotland,Fife,Conventional crop,1,Unknown/Other,Fontane,False
1256,PCL12_10086,2012-07-24,2012,AB41,Scotland,Aberdeenshire,Conventional crop,1,Unknown/Other,Hermes,False
1255,PCL12_10002,2012-07-24,2012,EH29,Scotland,City of Edinburgh,Conventional crop,1,Unknown/Other,Unknown/Other,False
1254,PCL12_10282,2012-07-24,2012,ME14,England,Maidstone,Garden/Allotment,0,Unknown/Other,Maris Piper,False
1253,PCL12_10138,2012-07-24,2012,YO43,England,East Riding of Yorkshire,Conventional crop,1,Unknown/Other,Saffi,False
1252,PCL12_10082,2012-07-24,2012,LS24,England,North Yorkshire,Conventional crop,1,Unknown/Other,Markies,False
1259,PCL12_10106,2012-07-24,2012,KY15,Scotland,Fife,Conventional crop,1,Unknown/Other,Maris Piper,False
1268,PCL12_10142,2012-07-25,2012,PH13,Scotland,Perth and Kinross,Conventional crop,1,Unknown/Other,Maris Piper,False
1269,PCL12_10178,2012-07-25,2012,AB55,Scotland,Moray,Conventional crop,1,Unknown/Other,Hermes,False
1270,PCL12_10166,2012-07-25,2012,LL55,Wales,Gwynedd,Garden/Allotment,0,Unknown/Other,Charlotte,False
1275,PCL12_10242,2012-07-26,2012,WV8,England,South Staffordshire,Conventional crop,1,Unknown/Other,Maris Piper,False
1273,PCL12_10234,2012-07-26,2012,SY7,England,Shropshire,Conventional crop,1,Unknown/Other,Melody,False
1274,PCL12_10238,2012-07-26,2012,SY7,England,Shropshire,Conventional crop,1,Unknown/Other,Sylvana,False
1271,PCL12_10222,2012-07-26,2012,L40,England,West Lancashire,Conventional crop,1,Unknown/Other,Maris Piper,False
1272,PCL12_10230,2012-07-26,2012,SY7,England,Shropshire,Conventional crop,1,Unknown/Other,King Edward,False
1276,PCL12_10358,2012-07-27,2012,CB8,England,East Cambridgeshire,Organic crop,1,Unknown/Other,Charlotte,False
1277,PCL12_10270,2012-07-30,2012,LN1,England,West Lindsey,Conventional crop,1,Unknown/Other,Fontane,False
1278,PCL12_10278,2012-07-30,2012,CB7,England,East Cambridgeshire,Volunteer,0,Unknown/Other,Maris Piper,False
1279,PCL12_10286,2012-07-30,2012,CB7,England,East Cambridgeshire,Volunteer,0,Unknown/Other,Maris Piper,False
1280,PCL12_10290,2012-07-30,2012,IP26,England,Breckland,Conventional crop,1,Unknown/Other,Maris Peer,False
1281,PCL12_10314,2012-07-30,2012,NG3,England,Nottingham,Garden/Allotment,0,Unknown/Other,Unknown/Other,False
1282,PCL12_10294,2012-07-31,2012,TN26,England,Ashford,Conventional crop,1,Unknown/Other,Melody,False
1283,PCL12_10302,2012-07-31,2012,HD6,England,Calderdale,Garden/Allotment,0,Unknown/Other,Picasso,False
1284,PCL12_10322,2012-07-31,2012,GU29,England,Chichester,Conventional crop,1,Unknown/Other,Saturna,False
1285,PCL12_10366,2012-07-31,2012,CB22,England,South Cambridgeshire,Conventional crop,1,Unknown/Other,Maris Piper,False
1286,PCL12_10306,2012-07-31,2012,DD9,Scotland,Angus,Conventional crop,1,Unknown/Other,Vales Sovereign,False
1291,PCL12_10298,2012-08-01,2012,PH2,Scotland,Perth and Kinross,Conventional crop,1,Unknown/Other,Maris Piper,False
1292,PCL12_10318,2012-08-01,2012,SA48,Wales,Ceredigion,Conventional crop,1,Unknown/Other,King Edward,False
1290,PCL12_10398,2012-08-01,2012,CM3,England,Braintree,Conventional crop,1,Unknown/Other,King Edward,False
1289,PCL12_10350,2012-08-01,2012,TQ7,England,South Hams,Conventional crop,1,Unknown/Other,Estima,False
1288,PCL12_10334,2012-08-01,2012,DL8,England,North Yorkshire,Conventional crop,1,Unknown/Other,Maris Piper,False
1287,PCL12_10326,2012-08-01,2012,PE32,England,Breckland,Volunteer,0,Unknown/Other,Unknown/Other,False
1293,PCL12_10338,2012-08-02,2012,SK5,England,Stockport,Garden/Allotment,0,Unknown/Other,King Edward,False
1294,PCL12_10346,2012-08-02,2012,TF9,England,Shropshire,Garden/Allotment,0,Unknown/Other,Unknown/Other,False
1295,PCL12_10354,2012-08-02,2012,IP12,England,East Suffolk,Conventional crop,1,Unknown/Other,Marfona,False
1296,PCL12_10374,2012-08-02,2012,HR9,England,Herefordshire,Conventional crop,1,Unknown/Other,Maris Piper,False
1297,PCL12_10342,2012-08-02,2012,PH1,Scotland,Perth and Kinross,Conventional crop,1,Unknown/Other,Rooster,False
1298,PCL12_10394,2012-08-03,2012,PH13,Scotland,Perth and Kinross,Conventional crop,1,Unknown/Other,Romeo,False
1299,PCL12_10382,2012-08-03,2012,SY21,Wales,Powys,Garden/Allotment,0,Unknown/Other,Arran Pilot,False
1301,PCL12_10386,2012-08-06,2012,AB52,Scotland,Aberdeenshire,Conventional crop,1,Unknown/Other,Vivaldi,False
1302,PCL12_10406,2012-08-06,2012,AB41,Scotland,Aberdeenshire,Conventional crop,1,Unknown/Other,Osprey,False
1300,PCL12_10422,2012-08-06,2012,OX27,England,Cherwell,Volunteer,0,Unknown/Other,Russet Burbank,False
1303,PCL12_10426,2012-08-07,2012,YO7,England,North Yorkshire,Conventional crop,1,Unknown/Other,Hermes,False
1304,PCL12_10414,2012-08-07,2012,DD2,Scotland,Angus,Garden/Allotment,0,Unknown/Other,Unknown/Other,False
1305,PCL12_10418,2012-08-07,2012,PH2,Scotland,Perth and Kinross,Garden/Allotment,0,Unknown/Other,Unknown/Other,False
1306,PCL12_10402,2012-08-08,2012,SY23,Wales,Ceredigion,Conventional crop,1,Unknown/Other,Romano,False
1307,PCL12_10450,2012-08-09,2012,HR1,England,Herefordshire,Garden/Allotment,0,Unknown/Other,Unknown/Other,False
1308,PCL12_10410,2012-08-09,2012,FK16,Scotland,Stirling,Garden/Allotment,0,Unknown/Other,Unknown/Other,False
1309,PCL12_10438,2012-08-09,2012,DD5,Scotland,Angus,Conventional crop,1,Unknown/Other,Saxon,False
1310,PCL12_10466,2012-08-12,2012,HR9,England,Herefordshire,Volunteer,0,Unknown/Other,Amora,False
1311,PCL12_10470,2012-08-12,2012,SY23,Wales,Ceredigion,Conventional crop,1,Unknown/Other,King Edward,False
1312,PCL12_10482,2012-08-13,2012,DD10,Scotland,Angus,Conventional crop,1,Unknown/Other,Habibi,False
1316,PCL12_10578,2012-08-14,2012,SA44,Wales,Ceredigion,Conventional crop,1,Unknown/Other,Unknown/Other,False
1315,PCL12_10498,2012-08-14,2012,AB41,Scotland,Aberdeenshire,Garden/Allotment,0,Unknown/Other,Banba,False
1314,PCL12_10494,2012-08-14,2012,PE12,England,South Holland,Conventional crop,1,Unknown/Other,Melody,False
1313,PCL12_10490,2012-08-14,2012,PE12,England,South Holland,Conventional crop,1,Unknown/Other,Melody,False
1317,PCL12_10502,2012-08-15,2012,PE31,England,King's Lynn and West Norfolk,Conventional crop,1,Unknown/Other,Venezia,False
1318,PCL12_10530,2012-08-15,2012,TN29,England,Folkestone and Hythe,Conventional crop,1,Unknown/Other,Melody,False
1319,PCL12_10534,2012-08-15,2012,TN29,England,Folkestone and Hythe,Conventional crop,1,Unknown/Other,Orchestra,False
1320,PCL12_10510,2012-08-15,2012,TD10,Scotland,Scottish Borders,Conventional crop,1,Unknown/Other,Estima,False
1321,PCL12_10514,2012-08-15,2012,TD11,Scotland,Scottish Borders,Conventional crop,1,Unknown/Other,Estima,False
1322,PCL12_10518,2012-08-15,2012,TD11,Scotland,Scottish Borders,Conventional crop,1,Unknown/Other,Estima,False
1323,PCL12_10522,2012-08-15,2012,TD11,Scotland,Scottish Borders,Conventional crop,1,Unknown/Other,Estima,False
1324,PCL12_10538,2012-08-16,2012,PH2,Scotland,Perth and Kinross,Conventional crop,1,Unknown/Other,King Edward,False
1325,PCL12_10542,2012-08-16,2012,AB53,Scotland,Aberdeenshire,Conventional crop,1,Unknown/Other,King Edward,False
1330,PCL12_10562,2012-08-17,2012,KY1,Scotland,Fife,Conventional crop,1,Unknown/Other,Unknown/Other,False
1329,PCL12_10558,2012-08-17,2012,KY1,Scotland,Fife,Conventional crop,1,Unknown/Other,Unknown/Other,False
1327,PCL12_10550,2012-08-17,2012,AB53,Scotland,Aberdeenshire,Organic crop,1,Unknown/Other,Rooster,False
1326,PCL12_10462,2012-08-17,2012,KY10,Scotland,Fife,Conventional crop,1,Unknown/Other,Harmony,False
1328,PCL12_10554,2012-08-17,2012,DD10,Scotland,Angus,Conventional crop,1,Unknown/Other,Unknown/Other,False
1331,PCL12_10570,2012-08-20,2012,TF10,England,Telford and Wrekin,Conventional crop,1,Unknown/Other,Estima,False
1332,PCL12_10574,2012-08-20,2012,YO17,England,North Yorkshire,Garden/Allotment,0,Unknown/Other,Yukon Gold,False
1333,PCL12_10590,2012-08-23,2012,DD2,Scotland,Angus,Garden/Allotment,0,Unknown/Other,Lady Balfour,False
1334,PCL12_10594,2012-08-23,2012,PH10,Scotland,Perth and Kinross,Volunteer,0,Unknown/Other,Unknown/Other,False
1335,PCL12_10598,2012-08-23,2012,DG5,Scotland,Dumfries and Galloway,Garden/Allotment,0,Unknown/Other,Unknown/Other,False
1337,PCL12_10582,2012-08-28,2012,DD9,Scotland,Angus,Conventional crop,1,Unknown/Other,Casablanca,False
1336,PCL12_10602,2012-08-28,2012,LE4,England,Charnwood,Garden/Allotment,0,Unknown/Other,Unknown/Other,False
1338,PCL12_10606,2012-08-28,2012,DG12,Scotland,Dumfries and Galloway,Conventional crop,1,Unknown/Other,Lady Rosetta,False
1340,PCL12_10614,2012-08-29,2012,IV12,Scotland,Highland,Conventional crop,1,Unknown/Other,Russet Burbank,False
1339,PCL12_10622,2012-08-29,2012,TW9,England,Richmond upon Thames,Garden/Allotment,0,Unknown/Other,Pink Fir Apple,False
1341,PCL12_10618,2012-08-30,2012,WS15,England,East Staffordshire,Conventional crop,1,Unknown/Other,Unknown/Other,False
1342,PCL12_10626,2012-09-03,2012,LL57,Wales,Gwynedd,Garden/Allotment,0,Unknown/Other,Unknown/Other,False
1343,PCL12_10630,2012-09-05,2012,PE10,England,South Kesteven,Conventional crop,1,Unknown/Other,Cabaret,False
1344,PCL12_10634,2012-09-06,2012,DD10,Scotland,Angus,Conventional crop,1,Unknown/Other,Unknown/Other,False
1345,PCL12_10642,2012-09-09,2012,IP24,England,Breckland,Conventional crop,1,Unknown/Other,Maris Peer,False
1346,PCL12_10646,2012-09-10,2012,PE12,England,South Holland,Conventional crop,1,Unknown/Other,Maris Piper,False
1348,PCL12_10650,2012-10-03,2012,PE16,England,Fenland,Conventional crop,1,Unknown/Other,Ramos,False
1349,PCL_13_10702,2013-07-06,2013,SA48,Wales,Ceredigion,Volunteer,0,Unknown/Other,King Edward,False
1350,PCL_13_10706,2013-07-10,2013,TR12,England,Cornwall,Conventional crop,1,Unknown/Other,Maris Peer,False
1351,PCL_13_10710,2013-07-15,2013,CT12,England,Thanet,Conventional crop,1,Unknown/Other,King Edward,False
1352,PCL_13_10718,2013-07-16,2013,TR12,England,Cornwall,Conventional crop,1,Unknown/Other,King Edward,False
1353,PCL_13_10730,2013-07-23,2013,TR2,England,Cornwall,Conventional crop,1,Unknown/Other,Unknown/Other,False
1354,PCL_13_10742,2013-07-24,2013,TF10,England,Telford and Wrekin,Organic crop,1,Unknown/Other,Charlotte,False
1355,PCL_13_10734,2013-07-25,2013,PE31,England,King's Lynn and West Norfolk,Conventional crop,1,Unknown/Other,Venezia,False
1356,PCL_13_10770,2013-08-05,2013,RH18,England,Wealden,Unknown/Other,0,Unknown/Other,Unknown/Other,False
1357,PCL_13_10778,2013-08-07,2013,KA9,Scotland,South Ayrshire,Trial,1,Unknown/Other,King Edward,False
1358,PCL_13_10782,2013-08-08,2013,DG1,Scotland,Dumfries and Galloway,Volunteer,0,Unknown/Other,Ambassador,False
1359,PCL_13_10786,2013-08-09,2013,LL55,Wales,Gwynedd,Organic crop,1,Unknown/Other,Unknown/Other,False
1360,PCL_13_10798,2013-08-11,2013,LL53,Wales,Gwynedd,Organic crop,1,Unknown/Other,Charlotte,False
1361,PCL_13_10802,2013-08-12,2013,YO61,England,North Yorkshire,Conventional crop,1,Unknown/Other,Fontane,False
1362,PCL_13_10806,2013-08-12,2013,DD11,Scotland,Angus,Conventional crop,1,Unknown/Other,Maris Piper,False
1363,PCL_13_10810,2013-08-13,2013,L40,England,West Lancashire,Conventional crop,1,Unknown/Other,Harmony,False
1364,PCL_13_10814,2013-08-14,2013,DG12,Scotland,Dumfries and Galloway,Conventional crop,1,Unknown/Other,Maris Piper,False
1367,PCL_13_10830,2013-08-15,2013,ST20,England,Stafford,Dump,0,Unknown/Other,Maris Piper,False
1365,PCL_13_10818,2013-08-15,2013,PL1,England,Plymouth,Conventional crop,1,Unknown/Other,King Edward,False
1366,PCL_13_10826,2013-08-15,2013,PL1,England,Plymouth,Conventional crop,1,Unknown/Other,Jelly,False
1368,PCL_13_10834,2013-08-16,2013,PR3,England,Wyre,Volunteer,0,Unknown/Other,Unknown/Other,False
1369,PCL_13_10838,2013-08-19,2013,KA9,Scotland,South Ayrshire,Unknown/Other,0,Unknown/Other,King Edward,False
1370,PCL_13_10842,2013-08-20,2013,TN29,England,Folkestone and Hythe,Conventional crop,1,Unknown/Other,Melody,False
1371,PCL_13_10846,2013-08-21,2013,TF10,England,Telford and Wrekin,Conventional crop,1,Unknown/Other,Maris Piper,False
1372,PCL_13_10858,2013-08-22,2013,TF11,England,Shropshire,Conventional crop,1,Unknown/Other,Maris Piper,False
1373,PCL_13_10862,2013-08-22,2013,TF11,England,Shropshire,Conventional crop,1,Unknown/Other,Maris Piper,False
1374,PCL_13_10874,2013-08-23,2013,IP12,England,East Suffolk,Conventional crop,1,Unknown/Other,Maris Peer,False
1375,PCL_13_10866,2013-08-23,2013,KA9,Scotland,South Ayrshire,Unknown/Other,0,Unknown/Other,Desiree,False
1376,PCL_13_10882,2013-08-25,2013,AB41,Scotland,Aberdeenshire,Unknown/Other,0,Unknown/Other,Rooster,False
1377,PCL_13_10890,2013-08-27,2013,PH1,Scotland,Perth and Kinross,Organic crop,1,Unknown/Other,Cara,False
1379,PCL_13_10898,2013-08-28,2013,TA19,England,Somerset,Conventional crop,1,Unknown/Other,Melody,False
1378,PCL_13_10894,2013-08-28,2013,BA22,England,Somerset,Conventional crop,1,Unknown/Other,Melody,False
1380,PCL_13_10902,2013-08-29,2013,TF9,England,Shropshire,Conventional crop,1,Unknown/Other,Maris Piper,False
1381,PCL_13_10906,2013-08-29,2013,HX7,England,Calderdale,Unknown/Other,0,Unknown/Other,Shetland Black,False
1382,PCL_13_10910,2013-08-30,2013,L40,England,West Lancashire,Conventional crop,1,Unknown/Other,Victoria,False
1383,PCL_13_10922,2013-08-31,2013,L40,England,West Lancashire,Conventional crop,1,Unknown/Other,Harmony,False
1384,PCL_13_10926,2013-09-01,2013,L39,England,West Lancashire,Conventional crop,1,Unknown/Other,Maris Piper,False
1385,PCL_13_10930,2013-09-01,2013,L40,England,West Lancashire,Conventional crop,1,Unknown/Other,Wilja,False
1386,PCL_13_10914,2013-09-01,2013,LL53,Wales,Gwynedd,Organic crop,1,Unknown/Other,Verity,False
1387,PCL_13_10918,2013-09-02,2013,SA62,Wales,Pembrokeshire,Conventional crop,1,Unknown/Other,King Edward,False
1388,PCL_13_10934,2013-09-03,2013,WV6,England,South Staffordshire,Conventional crop,1,Unknown/Other,Morene,False
1392,PCL_13_10954,2013-09-04,2013,LL57,Wales,Gwynedd,Unknown/Other,0,Unknown/Other,Unknown/Other,False
1391,PCL_13_10950,2013-09-04,2013,LL57,Wales,Gwynedd,Unknown/Other,0,Unknown/Other,Unknown/Other,False
1390,PCL_13_10946,2013-09-04,2013,TF10,England,Telford and Wrekin,Conventional crop,1,Unknown/Other,Maris Piper,False
1389,PCL_13_10958,2013-09-04,2013,TA19,England,Somerset,Conventional crop,1,Unknown/Other,Melody,False
1393,PCL_13_10966,2013-09-05,2013,CB22,England,South Cambridgeshire,Trial,1,Unknown/Other,Maris Piper,False
1394,PCL_13_10942,2013-09-05,2013,KY16,Scotland,Fife,Volunteer,0,Unknown/Other,Vales Sovereign,False
1395,PCL_13_10974,2013-09-09,2013,L40,England,West Lancashire,Conventional crop,1,Unknown/Other,Eos,False
1396,PCL_13_10978,2013-09-09,2013,L40,England,West Lancashire,Conventional crop,1,Unknown/Other,Nadine,False
1397,PCL_13_10982,2013-09-09,2013,L40,England,West Lancashire,Unknown/Other,0,Unknown/Other,Melody,False
1398,PCL_13_10986,2013-09-09,2013,L40,England,West Lancashire,Conventional crop,1,Unknown/Other,Maris Piper,False
1399,PCL_13_10990,2013-09-09,2013,L39,England,West Lancashire,Unknown/Other,0,Unknown/Other,Wilja,False
1400,PCL_13_10970,2013-09-10,2013,BD20,England,Bradford,Unknown/Other,0,Unknown/Other,Sarpo Axona,False
1401,PCL_13_10994,2013-09-11,2013,L40,England,West Lancashire,Conventional crop,1,Unknown/Other,Maris Piper,False
1403,PCL_13_11002,2013-09-13,2013,TD14,Scotland,Scottish Borders,Volunteer,0,Unknown/Other,Maris Piper,False
1402,PCL_13_10998,2013-09-13,2013,IP12,England,East Suffolk,Conventional crop,1,Unknown/Other,Carlingford,False
1404,PCL_13_11018,2013-09-19,2013,GU11,England,Rushmoor,Unknown/Other,0,Unknown/Other,Unknown/Other,False
1405,PCL_13_11022,2013-09-22,2013,CB23,England,South Cambridgeshire,Unknown/Other,0,Unknown/Other,Cara,False
1406,PCL_13_11030,2013-09-22,2013,BS3,England,Bristol,Unknown/Other,0,Unknown/Other,Unknown/Other,False
1407,PCL_13_11038,2013-10-03,2013,LL57,Wales,Gwynedd,Unknown/Other,0,Unknown/Other,Unknown/Other,False
1408,PCL_13_11046,2013-10-08,2013,LL25,Wales,Conwy,Unknown/Other,0,Unknown/Other,Unknown/Other,False
1409,PCL_13_11042,2013-10-09,2013,IP11,England,East Suffolk,Volunteer,0,Unknown/Other,Maris Piper,False
1410,PCL_13_11050,2013-10-10,2013,IP12,England,East Suffolk,Conventional crop,1,Unknown/Other,Maris Peer,False
1411,PCL_13_11058,2013-10-16,2013,PE33,England,King's Lynn and West Norfolk,Volunteer,0,Unknown/Other,Maris Peer,False
1412,PCL_14_MSC_14_005,2014-05-01,2014,TR2,England,Cornwall,Dump,0,Unknown/Other,Unknown/Other,False
1413,PCL_14_11070,2014-05-06,2014,NR11,England,North Norfolk,Dump,0,Unknown/Other,Unknown/Other,False
1414,PCL_14_11074,2014-05-15,2014,WA7,England,Halton,Conventional crop,1,Unknown/Other,Maris Bard,False
1415,PCL_14_11078,2014-05-20,2014,TF9,England,Shropshire,Conventional crop,1,Unknown/Other,Perline,False
1416,PCL_14_11082,2014-05-21,2014,PE32,England,King's Lynn and West Norfolk,Dump,0,Unknown/Other,Maris Piper,False
1417,PCL_14_11086,2014-05-26,2014,WS14,England,Lichfield,Dump,0,Unknown/Other,Markies,False
1418,PCL_14_11090,2014-05-27,2014,CW8,England,Cheshire West and Chester,Conventional crop,1,Unknown/Other,Premiere,False
1419,PCL_14_11094,2014-05-27,2014,IP10,England,East Suffolk,Conventional crop,1,Unknown/Other,Marfona,False
1420,PCL_14_11098,2014-05-28,2014,CT7,England,Thanet,Conventional crop,1,Unknown/Other,Melody,False
1421,PCL_14_11102,2014-05-29,2014,PR4,England,Fylde,Conventional crop,1,Unknown/Other,Accord,False
1422,PCL_14_11106,2014-05-29,2014,PR4,England,Fylde,Conventional crop,1,Unknown/Other,Unknown/Other,False
1423,PCL_14_11110,2014-05-29,2014,TR12,England,Cornwall,Organic crop,1,Unknown/Other,Swift,False
1424,PCL_14_11114,2014-05-30,2014,CV23,England,Rugby,Dump,0,Unknown/Other,Markies,False
1425,PCL_14_11162,2014-05-30,2014,KA26,Scotland,South Ayrshire,Conventional crop,1,Unknown/Other,Unknown/Other,False
1429,PCL_14_11126,2014-06-02,2014,TR3,England,Cornwall,Dump,0,Unknown/Other,Pentland Javelin,False
1428,PCL_14_11122,2014-06-02,2014,TF9,England,Shropshire,Conventional crop,1,Unknown/Other,Maris Peer,False
1427,PCL_14_11170,2014-06-02,2014,TF5,England,Telford and Wrekin,Conventional crop,1,Unknown/Other,Maris Piper,False
1426,PCL_14_11166,2014-06-02,2014,TF8,England,Telford and Wrekin,Conventional crop,1,Unknown/Other,Ambassador,False
1430,PCL_14_11174,2014-06-03,2014,TF11,England,Shropshire,Conventional crop,1,Unknown/Other,Maris Piper,False
1431,PCL_14_11178,2014-06-03,2014,TF9,England,Shropshire,Conventional crop,1,Unknown/Other,Marfona,False
1432,PCL_14_11134,2014-06-04,2014,YO62,England,North Yorkshire,Conventional crop,1,Unknown/Other,Royal,False
1433,PCL_14_11138,2014-06-04,2014,CT3,England,Canterbury,Conventional crop,1,Unknown/Other,Desiree,False
1434,PCL_14_11142,2014-06-04,2014,CT7,England,Thanet,Conventional crop,1,Unknown/Other,Melody,False
1435,PCL_14_11146,2014-06-04,2014,CT7,England,Thanet,Conventional crop,1,Unknown/Other,King Edward,False
1436,PCL_14_11150,2014-06-05,2014,NR18,England,South Norfolk,Conventional crop,1,Unknown/Other,Unknown/Other,False
1437,PCL_14_11186,2014-06-06,2014,SY4,England,Shropshire,Conventional crop,1,Unknown/Other,Perline,False
1438,PCL_14_11194,2014-06-06,2014,PL24,England,Cornwall,Organic crop,1,Unknown/Other,Unknown/Other,False
1440,PCL_14_11206,2014-06-09,2014,NG33,England,South Kesteven,Organic crop,1,Unknown/Other,Unknown/Other,False
1441,PCL_14_11210,2014-06-09,2014,PR4,England,Fylde,Conventional crop,1,Unknown/Other,Accord,False
1439,PCL_14_11202,2014-06-09,2014,DN14,England,East Riding of Yorkshire,Conventional crop,1,Unknown/Other,Marfona,False
1444,PCL_14_11222,2014-06-10,2014,YO41,England,East Riding of Yorkshire,Conventional crop,1,Unknown/Other,Royal,False
1443,PCL_14_11218,2014-06-10,2014,ST21,England,Stafford,Conventional crop,1,Unknown/Other,Markies,False
1442,PCL_14_11214,2014-06-10,2014,L39,England,West Lancashire,Conventional crop,1,Unknown/Other,Victoria,False
1445,PCL_14_11226,2014-06-11,2014,LS23,England,Leeds,Conventional crop,1,Unknown/Other,Unknown/Other,False
1446,PCL_14_11234,2014-06-12,2014,SA71,Wales,Pembrokeshire,Conventional crop,1,Unknown/Other,Gemson,False
1447,PCL_14_11238,2014-06-12,2014,TF10,England,Telford and Wrekin,Conventional crop,1,Unknown/Other,Sifra,False
1448,PCL_14_11242,2014-06-12,2014,TF11,England,Shropshire,Conventional crop,1,Unknown/Other,Sifra,False
1449,PCL_14_11254,2014-06-12,2014,NR32,England,East Suffolk,Conventional crop,1,Unknown/Other,Venezia,False
1450,PCL_14_11310,2014-06-12,2014,PE32,England,King's Lynn and West Norfolk,Conventional crop,1,Unknown/Other,Fontane,False
1452,PCL_14_11250,2014-06-13,2014,TF11,England,Shropshire,Conventional crop,1,Unknown/Other,Maris Piper,False
1451,PCL_14_11246,2014-06-13,2014,NR12,England,Broadland,Conventional crop,1,Unknown/Other,Maris Piper,False
1453,PCL_14_11262,2014-06-14,2014,TN9,England,Tonbridge and Malling,Organic crop,1,Unknown/Other,Unknown/Other,False
1454,PCL_14_11266,2014-06-14,2014,L40,England,West Lancashire,Conventional crop,1,Unknown/Other,Maris Piper,False
1455,PCL_14_11314,2014-06-14,2014,WV7,England,Shropshire,Conventional crop,1,Unknown/Other,Maris Piper,False
1456,PCL_14_11470,2014-06-15,2014,SY5,England,Shropshire,Conventional crop,1,Unknown/Other,Maris Piper,False
1464,PCL_14_11478,2014-06-16,2014,SY4,England,Shropshire,Conventional crop,1,Unknown/Other,Maris Piper,False
1468,PCL_14_11286,2014-06-16,2014,LL33,Wales,Conwy,Organic crop,1,Unknown/Other,Unknown/Other,False
1466,PCL_14_11298,2014-06-16,2014,LL77,Wales,Isle of Anglesey,Organic crop,1,Unknown/Other,Unknown/Other,False
1465,PCL_14_11270,2014-06-16,2014,KA6,Scotland,East Ayrshire,Organic crop,1,Unknown/Other,Home Guard,False
1463,PCL_14_11474,2014-06-16,2014,SY4,England,Shropshire,Conventional crop,1,Unknown/Other,Maris Piper,False
1467,PCL_14_11282,2014-06-16,2014,LL33,Wales,Conwy,Organic crop,1,Unknown/Other,Unknown/Other,False
1461,PCL_14_11290,2014-06-16,2014,YO62,England,North Yorkshire,Organic crop,1,Unknown/Other,Maris Piper,False
1460,PCL_14_11278,2014-06-16,2014,TF8,England,Telford and Wrekin,Conventional crop,1,Unknown/Other,Ambassador,False
1459,PCL_14_11274,2014-06-16,2014,WV16,England,Shropshire,Conventional crop,1,Unknown/Other,Morene,False
1458,PCL_14_11318,2014-06-16,2014,WV15,England,Shropshire,Conventional crop,1,Unknown/Other,Unknown/Other,False
1457,PCL_14_11302,2014-06-16,2014,WS15,England,Cannock Chase,Conventional crop,1,Unknown/Other,Unknown/Other,False
1462,PCL_14_11294,2014-06-16,2014,CV9,England,Hinckley and Bosworth,Conventional crop,1,Unknown/Other,Unknown/Other,False
1469,PCL_14_11306,2014-06-17,2014,PE23,England,East Lindsey,Conventional crop,1,Unknown/Other,Accord,False
1470,PCL_14_11482,2014-06-17,2014,NP12,Wales,Caerphilly,Organic crop,1,Unknown/Other,Unknown/Other,False
1471,PCL_14_11322,2014-06-18,2014,NR10,England,Broadland,Conventional crop,1,Unknown/Other,Maris Piper,False
1472,PCL_14_11326,2014-06-18,2014,NR10,England,Broadland,Conventional crop,1,Unknown/Other,Premiere,False
1473,PCL_14_11338,2014-06-18,2014,TQ7,England,South Hams,Conventional crop,1,Unknown/Other,Marfona,False
1474,PCL_14_11362,2014-06-18,2014,L39,England,West Lancashire,Volunteer,0,Unknown/Other,Unknown/Other,False
1481,PCL_14_11354,2014-06-19,2014,PE20,England,Boston,Conventional crop,1,Unknown/Other,Maris Piper,False
1480,PCL_14_11350,2014-06-19,2014,PE11,England,South Holland,Conventional crop,1,Unknown/Other,Sagitta,False
1479,PCL_14_11346,2014-06-19,2014,PE11,England,South Holland,Conventional crop,1,Unknown/Other,Maris Piper,False
1477,PCL_14_11334,2014-06-19,2014,PE20,England,Boston,Organic crop,1,Unknown/Other,Unknown/Other,False
1476,PCL_14_11358,2014-06-19,2014,PE12,England,South Holland,Conventional crop,1,Unknown/Other,Unknown/Other,False
1475,PCL_14_11330,2014-06-19,2014,PE12,England,South Holland,Conventional crop,1,Unknown/Other,Unknown/Other,False
1478,PCL_14_11342,2014-06-19,2014,DN17,England,North Lincolnshire,Conventional crop,1,Unknown/Other,Melody,False
1490,PCL_14_11406,2014-06-20,2014,AB45,Scotland,Aberdeenshire,Conventional crop,1,Unknown/Other,Cara,False
1482,PCL_14_11378,2014-06-20,2014,TR11,England,Cornwall,Conventional crop,1,Unknown/Other,Lady Rosetta,False
1483,PCL_14_11382,2014-06-20,2014,PR2,England,Preston,Conventional crop,1,Unknown/Other,Maris Bard,False
1484,PCL_14_11386,2014-06-20,2014,PR3,England,Preston,Conventional crop,1,Unknown/Other,Wilja,False
1485,PCL_14_11390,2014-06-20,2014,BA21,England,Somerset,Conventional crop,1,Unknown/Other,Sylvana,False
1486,PCL_14_11394,2014-06-20,2014,PE12,England,South Holland,Conventional crop,1,Unknown/Other,Ramos,False
1487,PCL_14_11398,2014-06-20,2014,PE12,England,South Holland,Conventional crop,1,Unknown/Other,Markies,False
1488,PCL_14_11366,2014-06-20,2014,SY4,England,Shropshire,Conventional crop,1,Unknown/Other,Perline,False
1489,PCL_14_11370,2014-06-20,2014,PR4,England,Fylde,Volunteer,0,Unknown/Other,Victoria,False
1491,PCL_14_11374,2014-06-20,2014,IV36,Scotland,Moray,Conventional crop,1,Unknown/Other,VR808,False
1492,PCL_14_11402,2014-06-21,2014,SA71,Wales,Pembrokeshire,Conventional crop,1,Unknown/Other,Belana,False
1493,PCL_14_11410,2014-06-22,2014,AB45,Scotland,Aberdeenshire,Conventional crop,1,Unknown/Other,Charlotte,False
1494,PCL_14_11414,2014-06-22,2014,LL77,Wales,Isle of Anglesey,Organic crop,1,Unknown/Other,Unknown/Other,False
1495,PCL_14_11422,2014-06-23,2014,S80,England,Bolsover,Conventional crop,1,Unknown/Other,Marfona,False
1496,PCL_14_11426,2014-06-23,2014,TD14,Scotland,Scottish Borders,Conventional crop,1,Unknown/Other,Maris Piper,False
1497,PCL_14_11418,2014-06-23,2014,TD10,Scotland,Scottish Borders,Conventional crop,1,Unknown/Other,Unknown/Other,False
1510,PCL_14_11462,2014-06-24,2014,AB53,Scotland,Aberdeenshire,Conventional crop,1,Unknown/Other,Burren,False
1509,PCL_14_11458,2014-06-24,2014,AB45,Scotland,Aberdeenshire,Conventional crop,1,Unknown/Other,Olympus,False
1508,PCL_14_11454,2014-06-24,2014,TD6,Scotland,Scottish Borders,Conventional crop,1,Unknown/Other,Maris Piper,False
1507,PCL_14_11450,2014-06-24,2014,TD8,Scotland,Scottish Borders,Conventional crop,1,Unknown/Other,Maris Piper,False
1506,PCL_14_11446,2014-06-24,2014,DD8,Scotland,Angus,Conventional crop,1,Unknown/Other,Maris Bard,False
1505,PCL_14_11442,2014-06-24,2014,DD8,Scotland,Angus,Conventional crop,1,Unknown/Other,Rooster,False
1504,PCL_14_11438,2014-06-24,2014,DD8,Scotland,Angus,Conventional crop,1,Unknown/Other,Rooster,False
1503,PCL_14_11434,2014-06-24,2014,DD8,Scotland,Angus,Conventional crop,1,Unknown/Other,Rooster,False
1502,PCL_14_11494,2014-06-24,2014,KY16,Scotland,Fife,Conventional crop,1,Unknown/Other,Marfona,False
1501,PCL_14_11490,2014-06-24,2014,KY12,Scotland,Fife,Conventional crop,1,Unknown/Other,Maris Piper,False
1500,PCL_14_11550,2014-06-24,2014,WS13,England,Lichfield,Conventional crop,1,Unknown/Other,Maris Piper,False
1499,PCL_14_11486,2014-06-24,2014,WS9,England,Walsall,Conventional crop,1,Unknown/Other,Unknown/Other,False
1498,PCL_14_11466,2014-06-24,2014,S80,England,Bolsover,Conventional crop,1,Unknown/Other,Unknown/Other,False
1511,PCL_14_11502,2014-06-25,2014,WS15,England,Cannock Chase,Trial,1,Unknown/Other,Unknown/Other,False
1512,PCL_14_11506,2014-06-25,2014,PH13,Scotland,Perth and Kinross,Conventional crop,1,Unknown/Other,Sylvana,False
1520,PCL_14_11538,2014-06-26,2014,SA46,Wales,Ceredigion,Organic crop,1,Unknown/Other,Unknown/Other,False
1519,PCL_14_11522,2014-06-26,2014,PH1,Scotland,Perth and Kinross,Conventional crop,1,Unknown/Other,Maris Piper,False
1518,PCL_14_11518,2014-06-26,2014,AB45,Scotland,Aberdeenshire,Conventional crop,1,Unknown/Other,Atlantic,False
1517,PCL_14_11514,2014-06-26,2014,KY16,Scotland,Fife,Conventional crop,1,Unknown/Other,Marfona,False
1515,PCL_14_11530,2014-06-26,2014,L40,England,West Lancashire,Conventional crop,1,Unknown/Other,Maris Piper,False
1514,PCL_14_11526,2014-06-26,2014,CW6,England,Cheshire West and Chester,Volunteer,0,Unknown/Other,Unknown/Other,False
1513,PCL_14_11510,2014-06-26,2014,CW6,England,Cheshire West and Chester,Volunteer,0,Unknown/Other,Unknown/Other,False
1516,PCL_14_11554,2014-06-26,2014,L40,England,West Lancashire,Conventional crop,1,Unknown/Other,Victoria,False
1521,PCL_14_11542,2014-06-29,2014,IP12,England,East Suffolk,Organic crop,1,Unknown/Other,Marfona,False
1522,PCL_14_11558,2014-06-30,2014,DD11,Scotland,Angus,Conventional crop,1,Unknown/Other,Maris Piper,False
1523,PCL_14_11586,2014-07-01,2014,FY6,England,Wyre,Conventional crop,1,Unknown/Other,Miranda,False
1529,PCL_14_11578,2014-07-02,2014,DD8,Scotland,Angus,Conventional crop,1,Unknown/Other,Maris Piper,False
1530,PCL_14_11582,2014-07-02,2014,TD6,Scotland,Scottish Borders,Conventional crop,1,Unknown/Other,Maris Piper,False
1528,PCL_14_11570,2014-07-02,2014,DD8,Scotland,Angus,Conventional crop,1,Unknown/Other,Osprey,False
1527,PCL_14_11574,2014-07-02,2014,DD8,Scotland,Angus,Conventional crop,1,Unknown/Other,Osprey,False
1526,PCL_14_11598,2014-07-02,2014,AB45,Scotland,Aberdeenshire,Conventional crop,1,Unknown/Other,Atlantic,False
1525,PCL_14_11566,2014-07-02,2014,TD11,Scotland,Scottish Borders,Conventional crop,1,Unknown/Other,Maris Piper,False
1524,PCL_14_11562,2014-07-02,2014,TF10,England,Telford and Wrekin,Conventional crop,1,Unknown/Other,Sylvana,False
1531,PCL_14_11610,2014-07-04,2014,BA22,England,Somerset,Conventional crop,1,Unknown/Other,Orchestra,False
1532,PCL_14_11622,2014-07-04,2014,S10,England,Sheffield,Organic crop,1,Unknown/Other,Charlotte,False
1533,PCL_14_11614,2014-07-04,2014,IV36,Scotland,Moray,Conventional crop,1,Unknown/Other,Rooster,False
1534,PCL_14_11602,2014-07-04,2014,DD9,Scotland,Angus,Conventional crop,1,Unknown/Other,Picasso,False
1535,PCL_14_11606,2014-07-04,2014,DD8,Scotland,Angus,Conventional crop,1,Unknown/Other,Rooster,False
1536,PCL_14_11618,2014-07-05,2014,LL33,Wales,Conwy,Conventional crop,1,Unknown/Other,Unknown/Other,False
1537,PCL_14_11626,2014-07-05,2014,LL57,Wales,Gwynedd,Organic crop,1,Unknown/Other,Pink Fir Apple,False
1544,PCL_14_11682,2014-07-06,2014,DD8,Scotland,Angus,Conventional crop,1,Unknown/Other,Shepody,False
1543,PCL_14_11678,2014-07-06,2014,DD8,Scotland,Angus,Conventional crop,1,Unknown/Other,Cabaret,False
1546,PCL_14_11630,2014-07-06,2014,NP12,Wales,Caerphilly,Organic crop,1,Unknown/Other,Unknown/Other,False
1542,PCL_14_11674,2014-07-06,2014,DD8,Scotland,Angus,Conventional crop,1,Unknown/Other,Hermes,False
1545,PCL_14_11686,2014-07-06,2014,DD9,Scotland,Angus,Conventional crop,1,Unknown/Other,Markies,False
1540,PCL_14_11666,2014-07-06,2014,DD9,Scotland,Angus,Conventional crop,1,Unknown/Other,Picasso,False
1539,PCL_14_11662,2014-07-06,2014,KY16,Scotland,Fife,Conventional crop,1,Unknown/Other,Banba,False
1541,PCL_14_11670,2014-07-06,2014,DD9,Scotland,Angus,Conventional crop,1,Unknown/Other,Picasso,False
1538,PCL_14_11634,2014-07-06,2014,YO60,England,North Yorkshire,Organic crop,1,Unknown/Other,Foremost,False
1547,PCL_14_11646,2014-07-07,2014,YO61,England,North Yorkshire,Organic crop,1,Unknown/Other,Charlotte,False
1548,PCL_14_11642,2014-07-07,2014,DD8,Scotland,Angus,Conventional crop,1,Unknown/Other,Cara,False
1549,PCL_14_11742,2014-07-07,2014,DD10,Scotland,Angus,Conventional crop,1,Unknown/Other,Unknown/Other,False
1550,PCL_14_11650,2014-07-07,2014,DD10,Scotland,Angus,Conventional crop,1,Unknown/Other,Slaney,False
1551,PCL_14_11690,2014-07-07,2014,PH1,Scotland,Perth and Kinross,Conventional crop,1,Unknown/Other,Maris Piper,False
1552,PCL_14_11638,2014-07-07,2014,SA10,Wales,Neath Port Talbot,Organic crop,1,Unknown/Other,Nicola,False
1561,PCL_14_11694,2014-07-08,2014,DD9,Scotland,Angus,Conventional crop,1,Unknown/Other,Nieta,False
1560,PCL_14_11734,2014-07-08,2014,DD8,Scotland,Angus,Conventional crop,1,Unknown/Other,Maris Piper,False
1559,PCL_14_11730,2014-07-08,2014,AB51,Scotland,Aberdeenshire,Conventional crop,1,Unknown/Other,Unknown/Other,False
1558,PCL_14_11726,2014-07-08,2014,DD9,Scotland,Angus,Conventional crop,1,Unknown/Other,Estima,False
1554,PCL_14_11710,2014-07-08,2014,AB39,Scotland,Aberdeenshire,Conventional crop,1,Unknown/Other,Pentland Dell,False
1556,PCL_14_11718,2014-07-08,2014,AB39,Scotland,Aberdeenshire,Conventional crop,1,Unknown/Other,Desiree,False
1555,PCL_14_11714,2014-07-08,2014,AB39,Scotland,Aberdeenshire,Conventional crop,1,Unknown/Other,Royal,False
1553,PCL_14_11698,2014-07-08,2014,S10,England,Sheffield,Organic crop,1,Unknown/Other,Pentland Javelin,False
1557,PCL_14_11722,2014-07-08,2014,AB39,Scotland,Aberdeenshire,Conventional crop,1,Unknown/Other,Rosegarden,False
1562,PCL_14_11750,2014-07-09,2014,PE13,England,Fenland,Volunteer,0,Unknown/Other,Unknown/Other,False
1563,PCL_14_11754,2014-07-09,2014,EH40,Scotland,East Lothian,Conventional crop,1,Unknown/Other,Unknown/Other,False
1568,PCL_14_11762,2014-07-10,2014,PH12,Scotland,Perth and Kinross,Conventional crop,1,Unknown/Other,Saxon,False
1567,PCL_14_11758,2014-07-10,2014,PH12,Scotland,Perth and Kinross,Conventional crop,1,Unknown/Other,Harmony,False
1569,PCL_14_11766,2014-07-10,2014,PH12,Scotland,Perth and Kinross,Conventional crop,1,Unknown/Other,Saxon,False
1565,PCL_14_11774,2014-07-10,2014,AB54,Scotland,Aberdeenshire,Conventional crop,1,Unknown/Other,Apache,False
1564,PCL_14_11770,2014-07-10,2014,TF10,England,Telford and Wrekin,Conventional crop,1,Unknown/Other,Estima,False
1566,PCL_14_11778,2014-07-10,2014,AB54,Scotland,Aberdeenshire,Garden/Allotment,0,Unknown/Other,Unknown/Other,False
1570,PCL_14_11794,2014-07-11,2014,WR15,England,Malvern Hills,Conventional crop,1,Unknown/Other,Unknown/Other,False
1571,PCL_14_11798,2014-07-11,2014,GU29,England,Chichester,Conventional crop,1,Unknown/Other,Olympus,False
1572,PCL_14_11786,2014-07-11,2014,AB30,Scotland,Aberdeenshire,Conventional crop,1,Unknown/Other,Premiere,False
1573,PCL_14_11790,2014-07-11,2014,DD9,Scotland,Angus,Conventional crop,1,Unknown/Other,Saxon,False
1574,PCL_14_11806,2014-07-14,2014,CT3,England,Canterbury,Conventional crop,1,Unknown/Other,Markies,False
1575,PCL_14_11814,2014-07-14,2014,GU29,England,Chichester,Conventional crop,1,Unknown/Other,Agria,False
1576,PCL_14_11830,2014-07-14,2014,SY2,England,Shropshire,Conventional crop,1,Unknown/Other,Lady Claire,False
1577,PCL_14_11834,2014-07-14,2014,SY4,England,Shropshire,Conventional crop,1,Unknown/Other,Lady Rosetta,False
1578,PCL_14_11838,2014-07-14,2014,SY5,England,Shropshire,Conventional crop,1,Unknown/Other,Lady Claire,False
1579,PCL_14_11818,2014-07-14,2014,DD10,Scotland,Angus,Conventional crop,1,Unknown/Other,Maris Piper,False
1580,PCL_14_11802,2014-07-14,2014,DD8,Scotland,Angus,Conventional crop,1,Unknown/Other,Desiree,False
1582,PCL_14_11826,2014-07-15,2014,DD10,Scotland,Angus,Conventional crop,1,Unknown/Other,Maris Piper,False
1581,PCL_14_11822,2014-07-15,2014,DD10,Scotland,Angus,Conventional crop,1,Unknown/Other,Ratte,False
1583,PCL_14_11858,2014-07-16,2014,DN17,England,North Lincolnshire,Conventional crop,1,Unknown/Other,Marfona,False
1584,PCL_14_11862,2014-07-16,2014,CB24,England,South Cambridgeshire,Organic crop,1,Unknown/Other,Ratte,False
1585,PCL_14_11866,2014-07-16,2014,TA7,England,Somerset,Conventional crop,1,Unknown/Other,Maris Piper,False
1586,PCL_14_11886,2014-07-16,2014,TR2,England,Cornwall,Conventional crop,1,Unknown/Other,King Edward,False
1587,PCL_14_11846,2014-07-16,2014,KY16,Scotland,Fife,Conventional crop,1,Unknown/Other,Maris Piper,False
1588,PCL_14_11850,2014-07-16,2014,DD10,Scotland,Angus,Conventional crop,1,Unknown/Other,Savanna,False
1589,PCL_14_11882,2014-07-18,2014,CT3,England,Canterbury,Conventional crop,1,Unknown/Other,Maris Piper,False
1590,PCL_14_11938,2014-07-18,2014,DE6,England,Derbyshire Dales,Conventional crop,1,Unknown/Other,Ambassador,False
1591,PCL_14_11874,2014-07-18,2014,PH2,Scotland,Perth and Kinross,Conventional crop,1,Unknown/Other,Hermes,False
1592,PCL_14_11878,2014-07-18,2014,KY10,Scotland,Fife,Conventional crop,1,Unknown/Other,Slaney,False
1597,PCL_14_11914,2014-07-21,2014,SY23,Wales,Ceredigion,Conventional crop,1,Unknown/Other,King Edward,False
1598,PCL_14_11918,2014-07-21,2014,SA48,Wales,Ceredigion,Conventional crop,1,Unknown/Other,Russet Burbank,False
1596,PCL_14_11910,2014-07-21,2014,SA48,Wales,Ceredigion,Conventional crop,1,Unknown/Other,King Edward,False
1594,PCL_14_11902,2014-07-21,2014,TD12,Scotland,Scottish Borders,Conventional crop,1,Unknown/Other,Unknown/Other,False
1593,PCL_14_11898,2014-07-21,2014,IP25,England,Breckland,Conventional crop,1,Unknown/Other,Maris Peer,False
1595,PCL_14_11906,2014-07-21,2014,DG5,Scotland,Dumfries and Galloway,Garden/Allotment,0,Unknown/Other,Unknown/Other,False
1599,PCL_14_11922,2014-07-22,2014,IP26,England,King's Lynn and West Norfolk,Volunteer,0,Unknown/Other,Lady Rosetta,False
1600,PCL_14_11926,2014-07-22,2014,HX7,England,Calderdale,Organic crop,1,Unknown/Other,Swift,False
1601,PCL_14_11930,2014-07-23,2014,CB23,England,South Cambridgeshire,Organic crop,1,Unknown/Other,Desiree,False
1602,PCL_14_11966,2014-07-23,2014,CT4,England,Canterbury,Conventional crop,1,Unknown/Other,Ramos,False
1603,PCL_14_11934,2014-07-23,2014,SA48,Wales,Ceredigion,Conventional crop,1,Unknown/Other,Saturna,False
1604,PCL_14_11970,2014-07-24,2014,PE7,England,Huntingdonshire,Conventional crop,1,Unknown/Other,King Edward,False
1605,PCL_14_11942,2014-07-24,2014,CB24,England,South Cambridgeshire,Organic crop,1,Unknown/Other,Cara,False
1606,PCL_14_11946,2014-07-24,2014,AB21,Scotland,Aberdeenshire,Organic crop,1,Unknown/Other,Duke of York,False
1607,PCL_14_11950,2014-07-24,2014,DD8,Scotland,Angus,Organic crop,1,Unknown/Other,Cosmos,False
1609,PCL_14_11978,2014-07-27,2014,LL54,Wales,Gwynedd,Organic crop,1,Unknown/Other,Unknown/Other,False
1608,PCL_14_12002,2014-07-27,2014,WN8,England,West Lancashire,Conventional crop,1,Unknown/Other,Maris Piper,False
1611,PCL_14_12014,2014-07-28,2014,BA22,England,Somerset,Conventional crop,1,Unknown/Other,Melody,False
1612,PCL_14_11982,2014-07-28,2014,KY14,Scotland,Fife,Conventional crop,1,Unknown/Other,Maris Piper,False
1613,PCL_14_11986,2014-07-28,2014,KY14,Scotland,Fife,Conventional crop,1,Unknown/Other,Maris Piper,False
1614,PCL_14_11990,2014-07-28,2014,KY14,Scotland,Fife,Conventional crop,1,Unknown/Other,Orchestra,False
1615,PCL_14_11994,2014-07-28,2014,DD10,Scotland,Angus,Conventional crop,1,Unknown/Other,Maris Piper,False
1616,PCL_14_11998,2014-07-28,2014,DD11,Scotland,Angus,Conventional crop,1,Unknown/Other,Harmony,False
1617,PCL_14_11974,2014-07-28,2014,IV30,Scotland,Moray,Volunteer,0,Unknown/Other,Rooster,False
1610,PCL_14_11958,2014-07-28,2014,CM3,England,Braintree,Organic crop,1,Unknown/Other,Unknown/Other,False
1620,PCL_14_12010,2014-07-29,2014,PH1,Scotland,Perth and Kinross,Conventional crop,1,Unknown/Other,Orchestra,False
1618,PCL_14_12018,2014-07-29,2014,S10,England,Sheffield,Organic crop,1,Unknown/Other,Unknown/Other,False
1619,PCL_14_12022,2014-07-29,2014,BS3,England,Bristol,Organic crop,1,Unknown/Other,Cara,False
1622,PCL_14_12030,2014-07-30,2014,AB54,Scotland,Aberdeenshire,Organic crop,1,Unknown/Other,Vivaldi,False
1621,PCL_14_12034,2014-07-30,2014,TF10,England,Telford and Wrekin,Volunteer,0,Unknown/Other,Unknown/Other,False
1623,PCL_14_12102,2014-07-31,2014,SY11,England,Shropshire,Unknown/Other,0,Unknown/Other,VR808,False
1624,PCL_14_12038,2014-07-31,2014,LL53,Wales,Gwynedd,Organic crop,1,Unknown/Other,Orla,False
1625,PCL_14_12042,2014-08-01,2014,TA4,England,Somerset,Conventional crop,1,Unknown/Other,Maris Piper,False
1626,PCL_14_12046,2014-08-03,2014,S41,England,Chesterfield,Organic crop,1,Unknown/Other,Unknown/Other,False
1627,PCL_14_12050,2014-08-04,2014,KY14,Scotland,Fife,Conventional crop,1,Unknown/Other,Maris Piper,False
1628,PCL_14_12098,2014-08-05,2014,TN29,England,Folkestone and Hythe,Conventional crop,1,Unknown/Other,Melody,False
1629,PCL_14_12054,2014-08-05,2014,AB41,Scotland,Aberdeenshire,Garden/Allotment,0,Unknown/Other,Maris Piper,False
1630,PCL_14_12062,2014-08-05,2014,KY15,Scotland,Fife,Conventional crop,1,Unknown/Other,Harmony,False
1631,PCL_14_12066,2014-08-05,2014,KY15,Scotland,Fife,Conventional crop,1,Unknown/Other,Saxon,False
1632,PCL_14_12070,2014-08-05,2014,KY15,Scotland,Fife,Conventional crop,1,Unknown/Other,Saxon,False
1633,PCL_14_12078,2014-08-05,2014,KY10,Scotland,Fife,Conventional crop,1,Unknown/Other,Maris Piper,False
1637,PCL_14_12074,2014-08-06,2014,LL53,Wales,Gwynedd,Organic crop,1,Unknown/Other,Charlotte,False
1636,PCL_14_12094,2014-08-06,2014,DD11,Scotland,Angus,Conventional crop,1,Unknown/Other,King Edward,False
1634,PCL_14_12086,2014-08-06,2014,YO43,England,East Riding of Yorkshire,Conventional crop,1,Unknown/Other,Nectar,False
1635,PCL_14_12090,2014-08-06,2014,DD10,Scotland,Angus,Conventional crop,1,Unknown/Other,King Edward,False
1638,PCL_14_12122,2014-08-07,2014,PH14,Scotland,Perth and Kinross,Organic crop,1,Unknown/Other,Nicola,False
1639,PCL_14_12106,2014-08-08,2014,CV21,England,Rugby,Organic crop,1,Unknown/Other,Picasso,False
1640,PCL_14_12110,2014-08-08,2014,KY10,Scotland,Fife,Conventional crop,1,Unknown/Other,Saxon,False
1641,PCL_14_12118,2014-08-08,2014,DD6,Scotland,Fife,Conventional crop,1,Unknown/Other,Orchestra,False
1642,PCL_14_12142,2014-08-08,2014,SA48,Wales,Ceredigion,Trial,1,Unknown/Other,Maris Piper,False
1643,PCL_14_12126,2014-08-10,2014,SY21,Wales,Powys,Conventional crop,1,Unknown/Other,Sarpo Mira,False
1645,PCL_14_12138,2014-08-11,2014,DD10,Scotland,Angus,Conventional crop,1,Unknown/Other,Unknown/Other,False
1644,PCL_14_12134,2014-08-11,2014,DD10,Scotland,Angus,Conventional crop,1,Unknown/Other,Unknown/Other,False
1646,PCL_14_12130,2014-08-11,2014,LL57,Wales,Gwynedd,Organic crop,1,Unknown/Other,Unknown/Other,False
1647,PCL_14_12146,2014-08-13,2014,LL29,Wales,Conwy,Conventional crop,1,Unknown/Other,Unknown/Other,False
1648,PCL_14_12178,2014-08-13,2014,LL54,Wales,Gwynedd,Organic crop,1,Unknown/Other,Unknown/Other,False
1653,PCL_14_12186,2014-08-14,2014,KA6,Scotland,East Ayrshire,Trial,1,Unknown/Other,10.Z.47A2,False
1654,PCL_14_12170,2014-08-14,2014,LL53,Wales,Gwynedd,Organic crop,1,Unknown/Other,Unknown/Other,False
1652,PCL_14_12182,2014-08-14,2014,AB42,Scotland,Aberdeenshire,Conventional crop,1,Unknown/Other,Maris Piper,False
1649,PCL_14_12158,2014-08-14,2014,HR2,England,Herefordshire,Conventional crop,1,Unknown/Other,Melody,False
1650,PCL_14_12166,2014-08-14,2014,TA7,England,Somerset,Conventional crop,1,Unknown/Other,Sylvana,False
1651,PCL_14_12174,2014-08-14,2014,DG2,Scotland,Dumfries and Galloway,Conventional crop,1,Unknown/Other,Eos,False
1656,PCL_14_12206,2014-08-19,2014,TS12,England,Redcar and Cleveland,Dump,0,Unknown/Other,Unknown/Other,False
1657,PCL_14_12194,2014-08-20,2014,DD2,Scotland,Angus,Garden/Allotment,0,Unknown/Other,Charlotte,False
1658,PCL_14_12198,2014-08-20,2014,DD2,Scotland,Angus,Trial,1,Unknown/Other,Maris Piper,False
1659,PCL_14_12210,2014-08-21,2014,SY16,Wales,Powys,Organic crop,1,Unknown/Other,Lady Balfour,False
1660,PCL_14_12214,2014-08-22,2014,IP12,England,East Suffolk,Unknown/Other,0,Unknown/Other,Bambino,False
1661,PCL_14_12218,2014-08-22,2014,IP12,England,East Suffolk,Conventional crop,1,Unknown/Other,Gemson,False
1662,PCL_14_12234,2014-08-22,2014,PL14,England,Cornwall,Organic crop,1,Unknown/Other,Unknown/Other,False
1664,PCL_14_12230,2014-08-28,2014,PH2,Scotland,Perth and Kinross,Conventional crop,1,Unknown/Other,Rooster,False
1663,PCL_14_12222,2014-08-28,2014,WA3,England,Warrington,Organic crop,1,Unknown/Other,Unknown/Other,False
1665,PCL_14_12238,2014-09-01,2014,KY13,Scotland,Perth and Kinross,Conventional crop,1,Unknown/Other,Sylvana,False
1666,PCL_14_12242,2014-09-03,2014,WA6,England,Cheshire West and Chester,Volunteer,0,Unknown/Other,Unknown/Other,False
1667,PCL_14_12246,2014-09-03,2014,L40,England,West Lancashire,Conventional crop,1,Unknown/Other,Kestrel,False
1668,PCL_14_12250,2014-09-08,2014,IP12,England,East Suffolk,Conventional crop,1,Unknown/Other,Maris Peer,False
1669,PCL_14_12258,2014-09-11,2014,TR12,England,Cornwall,Organic crop,1,Unknown/Other,Sarpo Mira,False
1670,PCL_14_12266,2014-09-16,2014,LL53,Wales,Gwynedd,Organic crop,1,Unknown/Other,Sarpo Mira,False
1672,PCL_2015_12306,2015-07-01,2015,CT12,England,Thanet,Conventional crop,1,Unknown/Other,King Edward,False
1673,PCL_2015_12294,2015-07-01,2015,KA6,Scotland,South Ayrshire,Unknown/Other,0,Unknown/Other,Unknown/Other,False
1674,PCL_2015_12318,2015-07-07,2015,AB30,Scotland,Aberdeenshire,Conventional crop,1,Unknown/Other,Hermes,False
1675,PCL_2015_12326,2015-07-13,2015,E10,England,Waltham Forest,Unknown/Other,0,Unknown/Other,Unknown/Other,False
1676,PCL_2015_12330,2015-07-16,2015,TR12,England,Cornwall,Garden/Allotment,0,Unknown/Other,Sarpo Mira,False
1678,PCL_2015_12346,2015-07-20,2015,SA48,Wales,Ceredigion,Conventional crop,1,Unknown/Other,King Edward,False
1677,PCL_2015_12338,2015-07-20,2015,YO62,England,North Yorkshire,Conventional crop,1,Unknown/Other,Hermes,False
1679,PCL_2015_12350,2015-07-21,2015,AB45,Scotland,Aberdeenshire,Conventional crop,1,Unknown/Other,Atlantic,False
1680,PCL_2015_12362,2015-07-23,2015,IV30,Scotland,Moray,Dump,0,Unknown/Other,Unknown/Other,False
1681,PCL_2015_12358,2015-07-24,2015,AB53,Scotland,Aberdeenshire,Conventional crop,1,Unknown/Other,Arsenal,False
1682,PCL_2015_12370,2015-07-27,2015,SA62,Wales,Pembrokeshire,Conventional crop,1,Unknown/Other,Melody,False
1683,PCL_2015_12382,2015-07-30,2015,DD9,Scotland,Angus,Conventional crop,1,Unknown/Other,Markies,False
1684,PCL_2015_12390,2015-07-31,2015,AB53,Scotland,Aberdeenshire,Volunteer,0,Unknown/Other,Atlantic,False
1685,PCL_2015_12394,2015-07-31,2015,AB53,Scotland,Aberdeenshire,Volunteer,0,Unknown/Other,Unknown/Other,False
1686,PCL_2015_12398,2015-07-31,2015,AB45,Scotland,Aberdeenshire,Volunteer,0,Unknown/Other,Unknown/Other,False
1688,PCL_2015_12414,2015-08-04,2015,IP24,England,Breckland,Conventional crop,1,Unknown/Other,Maris Piper,False
1687,PCL_2015_12410,2015-08-04,2015,BS3,England,Bristol,Garden/Allotment,0,Unknown/Other,Unknown/Other,False
1691,PCL_2015_12418,2015-08-05,2015,SA71,Wales,Pembrokeshire,Volunteer,0,Unknown/Other,Ingrid,False
1689,PCL_2015_12422,2015-08-05,2015,CW6,England,Cheshire West and Chester,Conventional crop,1,Unknown/Other,Unknown/Other,False
1690,PCL_2015_12426,2015-08-05,2015,NR10,England,Broadland,Conventional crop,1,Unknown/Other,King Edward,False
1692,PCL_2015_12450,2015-08-06,2015,DD2,Scotland,Angus,Trial,1,Unknown/Other,Maris Piper,False
1693,PCL_2015_12434,2015-08-07,2015,SY4,England,Shropshire,Conventional crop,1,Unknown/Other,Perline,False
1694,PCL_2015_12438,2015-08-07,2015,AB53,Scotland,Aberdeenshire,Organic crop,1,Unknown/Other,Unknown/Other,False
1695,PCL_2015_12442,2015-08-07,2015,AB53,Scotland,Aberdeenshire,Organic crop,1,Unknown/Other,Unknown/Other,False
1696,PCL_2015_12446,2015-08-10,2015,LL53,Wales,Gwynedd,Organic crop,1,Unknown/Other,Unknown/Other,False
1698,PCL_2015_12458,2015-08-11,2015,IV8,Scotland,Highland,Conventional crop,1,Unknown/Other,Unknown/Other,False
1697,PCL_2015_12454,2015-08-11,2015,DD8,Scotland,Angus,Dump,0,Unknown/Other,Wilja,False
1699,PCL_2015_12462,2015-08-13,2015,DD2,Scotland,Angus,Trial,1,Unknown/Other,Maris Piper,False
1704,PCL_2015_12498,2015-08-17,2015,SA48,Wales,Ceredigion,Conventional crop,1,Unknown/Other,King Edward,False
1703,PCL_2015_12474,2015-08-17,2015,SA48,Wales,Ceredigion,Conventional crop,1,Unknown/Other,King Edward,False
1705,PCL_2015_12470,2015-08-17,2015,SY23,Wales,Ceredigion,Conventional crop,1,Unknown/Other,King Edward,False
1701,PCL_2015_12478,2015-08-17,2015,KY6,Scotland,Fife,Conventional crop,1,Unknown/Other,Maris Piper,False
1702,PCL_2015_12466,2015-08-17,2015,SA48,Wales,Ceredigion,Conventional crop,1,Unknown/Other,King Edward,False
1700,PCL_2015_12506,2015-08-17,2015,IP24,England,Breckland,Conventional crop,1,Unknown/Other,Unknown/Other,False
1706,PCL_2015_12490,2015-08-18,2015,PR3,England,Wyre,Conventional crop,1,Unknown/Other,Fontane,False
1707,PCL_2015_12494,2015-08-18,2015,LA2,England,Lancaster,Conventional crop,1,Unknown/Other,Maris Piper,False
1708,PCL_2015_12486,2015-08-18,2015,NP12,Wales,Caerphilly,Garden/Allotment,0,Unknown/Other,Unknown/Other,False
1709,PCL_2015_12502,2015-08-19,2015,LL57,Wales,Gwynedd,Organic crop,1,Unknown/Other,Unknown/Other,False
1710,PCL_2015_12510,2015-08-21,2015,PR4,England,Fylde,Conventional crop,1,Unknown/Other,Accord,False
1711,PCL_2015_12530,2015-08-23,2015,RH8,England,Tandridge,Garden/Allotment,0,Unknown/Other,Unknown/Other,False
1712,PCL_2015_12514,2015-08-23,2015,IP12,England,East Suffolk,Conventional crop,1,Unknown/Other,Maris Peer,False
1713,PCL_2015_12518,2015-08-24,2015,WA11,England,St. Helens,Unknown/Other,0,Unknown/Other,Wilja,False
1714,PCL_2015_12522,2015-08-24,2015,AB41,Scotland,Aberdeenshire,Garden/Allotment,0,Unknown/Other,Estima,False
1715,PCL_2015_12526,2015-08-25,2015,YO17,England,North Yorkshire,Dump,0,Unknown/Other,Markies,False
1717,PCL_2015_12538,2015-09-02,2015,LL33,Wales,Conwy,Trial,1,Unknown/Other,Unknown/Other,False
1716,PCL_2015_12534,2015-09-02,2015,LL33,Wales,Conwy,Conventional crop,1,Unknown/Other,Maris Peer,False
1718,PCL_2015_12542,2015-09-03,2015,L39,England,West Lancashire,Conventional crop,1,Unknown/Other,Unknown/Other,False
1719,PCL_2015_12558,2015-09-07,2015,CB22,England,South Cambridgeshire,Trial,1,Unknown/Other,Unknown/Other,False
1720,PCL_2015_12546,2015-09-09,2015,AB51,Scotland,Aberdeenshire,Conventional crop,1,Unknown/Other,Markies,False
1722,PCL_2015_12550,2015-09-13,2015,WA6,England,Cheshire West and Chester,Volunteer,0,Unknown/Other,Unknown/Other,False
1723,PCL_2015_12554,2015-09-15,2015,CB24,England,South Cambridgeshire,Garden/Allotment,0,Unknown/Other,Cara,False
1724,PCL_2015_12562,2015-09-22,2015,IP24,England,Breckland,Volunteer,0,Unknown/Other,Maris Piper,False
1725,PCL_2015_12566,2015-09-23,2015,TF10,England,Telford and Wrekin,Conventional crop,1,Unknown/Other,Royal,False
1726,PCL_2015_12574,2015-09-23,2015,KA6,Scotland,South Ayrshire,Trial,1,Unknown/Other,Arran Pilot,False
1727,PCL_2015_12570,2015-09-24,2015,SM5,England,Sutton,Garden/Allotment,0,Unknown/Other,Unknown/Other,False
1728,PCL_2015_12578,2015-10-20,2015,CT7,England,Thanet,Volunteer,0,Unknown/Other,Unknown/Other,False
1732,2016_12618,2016-04-12,2016,TR12,England,Cornwall,Plastic,0,Unknown/Other,Rocket,False
1734,2016_12606,2016-06-01,2016,TR20,England,Cornwall,Conventional crop,1,Very severe,Lady Rosetta,False
1733,2016_12598,2016-06-01,2016,ST20,England,Stafford,Garden/Allotment,0,Very severe,Unknown/Other,False
1735,2016_12614,2016-06-08,2016,TF11,England,Shropshire,Conventional crop,1,Single plant,Royal,False
1736,2016_12622,2016-06-09,2016,WA7,England,Halton,Conventional crop,1,Several patches,Maris Bard,False
1737,2016_12626,2016-06-09,2016,TR12,England,Cornwall,Garden/Allotment,0,Scattered through field,Kestrel,False
1738,2016_12630,2016-06-13,2016,TF10,England,Telford and Wrekin,Conventional crop,1,Single plant,Premiere,False
1739,2016_12634,2016-06-13,2016,PE7,England,Huntingdonshire,Dump,0,Several patches,Maris Piper,False
1740,2016_12638,2016-06-16,2016,IV8,Scotland,Highland,Dump,0,Single plant,Unknown/Other,False
1741,2016_12646,2016-06-18,2016,LL33,Wales,Conwy,Garden/Allotment,0,Several patches,Unknown/Other,False
1749,2016_12814,2016-06-20,2016,CT6,England,Canterbury,Unknown/Other,0,Scattered through field,Maris Piper,False
1748,2016_12786,2016-06-20,2016,AL5,England,St Albans,Garden/Allotment,0,Patch,Unknown/Other,False
1746,2016_12678,2016-06-20,2016,NR14,England,South Norfolk,Conventional crop,1,Scattered through field,Estima,False
1747,2016_12682,2016-06-20,2016,NR14,England,South Norfolk,Conventional crop,1,Scattered through field,Premiere,False
1744,2016_12658,2016-06-20,2016,CT7,England,Thanet,Conventional crop,1,Single plant,Desiree,False
1743,2016_12654,2016-06-20,2016,PE20,England,Boston,Conventional crop,1,Several patches,Maris Piper,False
1742,2016_12650,2016-06-20,2016,PE11,England,South Holland,Conventional crop,1,Several patches,Maris Piper,False
1745,2016_12666,2016-06-20,2016,PE12,England,South Holland,Conventional crop,1,Scattered through field,Maris Piper,False
1750,2016_12670,2016-06-21,2016,CT7,England,Thanet,Conventional crop,1,Scattered through field,King Edward,False
1751,2016_12686,2016-06-21,2016,WA8,England,Halton,Conventional crop,1,Single plant,Maris Piper,False
1752,2016_12690,2016-06-21,2016,NR18,England,South Norfolk,Conventional crop,1,Several patches,Estima,False
1753,2016_12702,2016-06-21,2016,IP26,England,King's Lynn and West Norfolk,Conventional crop,1,Single plant,Maris Peer,False
1758,2016_12758,2016-06-22,2016,SP5,England,Wiltshire,Garden/Allotment,0,Patch,Unknown/Other,False
1754,2016_12698,2016-06-22,2016,CB7,England,East Cambridgeshire,Conventional crop,1,Patch,Sagitta,False
1755,2016_12710,2016-06-22,2016,CB7,England,East Cambridgeshire,Conventional crop,1,Scattered through field,Sagitta,False
1756,2016_12706,2016-06-22,2016,WA4,England,Warrington,Conventional crop,1,Patch,Premiere,False
1757,2016_12714,2016-06-22,2016,SY4,England,Shropshire,Conventional crop,1,Several patches,Venezia,False
1761,2016_12762,2016-06-23,2016,PE12,England,South Holland,Conventional crop,1,Patch,Markies,False
1759,2016_12722,2016-06-23,2016,TF11,England,Shropshire,Conventional crop,1,Scattered through field,Maris Piper,False
1760,2016_12734,2016-06-23,2016,IP26,England,King's Lynn and West Norfolk,Conventional crop,1,Scattered through field,Infinity,False
1762,2016_12738,2016-06-24,2016,TF10,England,Telford and Wrekin,Conventional crop,1,Scattered through field,Maris Piper,False
1763,2016_12742,2016-06-24,2016,NR9,England,South Norfolk,Conventional crop,1,Several patches,Unknown/Other,False
1765,2016_12750,2016-06-25,2016,PR4,England,Fylde,Conventional crop,1,Patch,Accord,False
1766,2016_12754,2016-06-26,2016,GU1,England,Guildford,Unknown/Other,0,Patch,Unknown/Other,False
1767,2016_12862,2016-06-26,2016,TF11,England,Shropshire,Conventional crop,1,Single plant,Morene,False
1771,2016_12778,2016-06-27,2016,PE10,England,South Kesteven,Conventional crop,1,Single plant,Ramos,False
1770,2016_12774,2016-06-27,2016,CT3,England,Canterbury,Conventional crop,1,Scattered through field,Sagitta,False
1772,2016_12782,2016-06-27,2016,PE13,England,Fenland,Conventional crop,1,Scattered through field,Melody,False
1768,2016_12766,2016-06-27,2016,PE10,England,South Kesteven,Conventional crop,1,Scattered through field,Challenger,False
1769,2016_12770,2016-06-27,2016,PE38,England,King's Lynn and West Norfolk,Conventional crop,1,Scattered through field,Arsenal,False
1773,2016_12790,2016-06-28,2016,CH3,England,Cheshire West and Chester,Volunteer,0,Single plant,Unknown/Other,False
1774,2016_12798,2016-06-28,2016,DL10,England,North Yorkshire,Conventional crop,1,Several patches,Unknown/Other,False
1775,2016_12802,2016-06-28,2016,PE32,England,King's Lynn and West Norfolk,Conventional crop,1,Scattered through field,Unknown/Other,False
1776,2016_12826,2016-06-28,2016,BS3,England,Bristol,Garden/Allotment,0,Scattered through field,Unknown/Other,False
1777,2016_12858,2016-06-28,2016,TF11,England,Shropshire,Conventional crop,1,Scattered through field,Maris Piper,False
1782,2016_12838,2016-06-29,2016,IP10,England,East Suffolk,Conventional crop,1,Single plant,Unknown/Other,False
1778,2016_12818,2016-06-29,2016,CT7,England,Thanet,Conventional crop,1,Several patches,Desiree,False
1779,2016_12822,2016-06-29,2016,DN21,England,West Lindsey,Conventional crop,1,Several patches,Melody,False
1780,2016_12830,2016-06-29,2016,CB22,England,South Cambridgeshire,Conventional crop,1,Scattered through field,Russet Burbank,False
1781,2016_12834,2016-06-29,2016,CT7,England,Thanet,Conventional crop,1,Scattered through field,King Edward,False
1784,2016_12846,2016-07-01,2016,CB6,England,East Cambridgeshire,Conventional crop,1,Patch,Markies,False
1785,2016_12854,2016-07-01,2016,IP12,England,East Suffolk,Conventional crop,1,Scattered through field,Estima,False
1783,2016_12842,2016-07-01,2016,LN4,England,North Kesteven,Conventional crop,1,Scattered through field,Maris Piper,False
1786,2016_12874,2016-07-02,2016,PE12,England,South Holland,Conventional crop,1,Patch,Maris Piper,False
1787,2016_12878,2016-07-03,2016,CM3,England,Chelmsford,Garden/Allotment,0,Scattered through field,Unknown/Other,False
1788,2016_12938,2016-07-03,2016,CB23,England,South Cambridgeshire,Garden/Allotment,0,Single plant,Unknown/Other,False
1789,2016_12890,2016-07-04,2016,YO11,England,North Yorkshire,Conventional crop,1,Single plant,Fontane,False
1790,2016_12894,2016-07-04,2016,OX33,England,South Oxfordshire,Conventional crop,1,Scattered through field,Saxon,False
1791,2016_12914,2016-07-04,2016,TF6,England,Telford and Wrekin,Conventional crop,1,Several patches,Maris Piper,False
1792,2016_13038,2016-07-04,2016,YO8,England,North Yorkshire,Garden/Allotment,0,Scattered through field,Unknown/Other,False
1795,2016_12934,2016-07-05,2016,CB24,England,South Cambridgeshire,Garden/Allotment,0,Single plant,Cara,False
1793,2016_12902,2016-07-05,2016,PE23,England,East Lindsey,Volunteer,0,Several patches,Unknown/Other,False
1794,2016_12930,2016-07-05,2016,CB24,England,South Cambridgeshire,Garden/Allotment,0,Single plant,Juliana,False
1798,2016_12918,2016-07-06,2016,WS14,England,Lichfield,Conventional crop,1,Several patches,Unknown/Other,False
1797,2016_12910,2016-07-06,2016,SY13,England,Shropshire,Conventional crop,1,Scattered through field,Lady Rosetta,False
1796,2016_12906,2016-07-06,2016,IP12,England,East Suffolk,Conventional crop,1,Scattered through field,Marfona,False
1799,2016_12922,2016-07-07,2016,CH2,England,Cheshire West and Chester,Conventional crop,1,Scattered through field,Lady Rosetta,False
1800,2016_12926,2016-07-07,2016,SY4,England,Shropshire,Conventional crop,1,Scattered through field,Perline,False
1805,2016_12974,2016-07-08,2016,PH13,Scotland,Perth and Kinross,Organic crop,1,Scattered through field,Nicola,False
1801,2016_12950,2016-07-08,2016,LS4,England,Leeds,Conventional crop,1,Scattered through field,Maris Bard,False
1802,2016_12958,2016-07-08,2016,CB8,England,East Cambridgeshire,Conventional crop,1,Scattered through field,Maris Piper,False
1803,2016_12966,2016-07-08,2016,PH13,Scotland,Perth and Kinross,Organic crop,1,Scattered through field,Milva,False
1804,2016_12970,2016-07-08,2016,PH13,Scotland,Perth and Kinross,Organic crop,1,Scattered through field,Charlotte,False
1807,2016_12998,2016-07-10,2016,CT18,England,Folkestone and Hythe,Garden/Allotment,0,Patch,Unknown/Other,False
1808,2016_12954,2016-07-10,2016,NP12,Wales,Caerphilly,Garden/Allotment,0,Several patches,Unknown/Other,False
1806,2016_12962,2016-07-10,2016,HU12,England,East Riding of Yorkshire,Garden/Allotment,0,Scattered through field,Marfona,False
1811,2016_13014,2016-07-11,2016,PE15,England,Fenland,Conventional crop,1,Scattered through field,Markies,False
1810,2016_12986,2016-07-11,2016,TR12,England,Cornwall,Trial,1,Patch,Sarpo Mira,False
1809,2016_12982,2016-07-11,2016,YO62,England,North Yorkshire,Garden/Allotment,0,Patch,Rocket,False
1812,2016_12990,2016-07-12,2016,CT7,England,Thanet,Conventional crop,1,Scattered through field,King Edward,False
1813,2016_13002,2016-07-12,2016,CT3,England,Canterbury,Conventional crop,1,Very severe,Melody,False
1814,2016_13006,2016-07-12,2016,CW8,England,Cheshire West and Chester,Volunteer,0,Very severe,Unknown/Other,False
1815,2016_13010,2016-07-13,2016,IP30,England,Mid Suffolk,Garden/Allotment,0,Patch,Desiree,False
1816,2016_13034,2016-07-14,2016,SS16,England,Basildon,Garden/Allotment,0,Scattered through field,Kestrel,False
1817,2016_13022,2016-07-14,2016,DG12,Scotland,Dumfries and Galloway,Conventional crop,1,Patch,Maris Piper,False
1818,2016_13042,2016-07-15,2016,PR4,England,Fylde,Conventional crop,1,Several patches,Ramos,False
1819,2016_13050,2016-07-16,2016,PE23,England,East Lindsey,Conventional crop,1,Scattered through field,Picasso,False
1820,2016_13058,2016-07-17,2016,IP14,England,Mid Suffolk,Garden/Allotment,0,Very severe,Unknown/Other,False
1824,2016_13082,2016-07-18,2016,LL75,Wales,Isle of Anglesey,Garden/Allotment,0,Single plant,Kestrel,False
1823,2016_13074,2016-07-18,2016,LL57,Wales,Gwynedd,Garden/Allotment,0,Patch,Unknown/Other,False
1821,2016_13098,2016-07-18,2016,PE11,England,South Holland,Conventional crop,1,Very severe,Markies,False
1822,2016_13062,2016-07-18,2016,LL77,Wales,Isle of Anglesey,Garden/Allotment,0,Very severe,Unknown/Other,False
1825,2016_13078,2016-07-19,2016,YO60,England,North Yorkshire,Garden/Allotment,0,Single plant,Unknown/Other,False
1826,2016_13086,2016-07-19,2016,AB45,Scotland,Aberdeenshire,Conventional crop,1,Scattered through field,Sylvana,False
1827,2016_13090,2016-07-19,2016,AB45,Scotland,Aberdeenshire,Conventional crop,1,Scattered through field,Zorba,False
1828,2016_13114,2016-07-19,2016,PH7,Scotland,Perth and Kinross,Conventional crop,1,Scattered through field,Unknown/Other,False
1829,2016_13094,2016-07-19,2016,LL53,Wales,Gwynedd,Organic crop,1,Scattered through field,Accent,False
1830,2016_13106,2016-07-20,2016,L39,England,West Lancashire,Volunteer,0,Several patches,Maris Piper,False
1831,2016_13130,2016-07-20,2016,IV36,Scotland,Moray,Conventional crop,1,Patch,Saxon,False
1832,2016_13122,2016-07-21,2016,IP26,England,King's Lynn and West Norfolk,Conventional crop,1,Scattered through field,Nectar,False
1833,2016_13126,2016-07-21,2016,PR3,England,Wyre,Unknown/Other,0,Several patches,Maris Piper,False
1837,2016_13142,2016-07-22,2016,LL57,Wales,Gwynedd,Organic crop,1,Several patches,Lady Balfour,False
1836,2016_13138,2016-07-22,2016,AB53,Scotland,Aberdeenshire,Organic crop,1,Scattered through field,Rooster,False
1835,2016_13134,2016-07-22,2016,AB53,Scotland,Aberdeenshire,Volunteer,0,Scattered through field,Unknown/Other,False
1834,2016_13118,2016-07-22,2016,TF11,England,Shropshire,Conventional crop,1,Scattered through field,Perline,False
1838,2016_13178,2016-07-23,2016,LL55,Wales,Gwynedd,Garden/Allotment,0,Several patches,Unknown/Other,False
1839,2016_13146,2016-07-24,2016,AB53,Scotland,Aberdeenshire,Conventional crop,1,Single plant,Marfona,False
1840,2016_13150,2016-07-24,2016,AB41,Scotland,Aberdeenshire,Garden/Allotment,0,Scattered through field,Charlotte,False
1841,2016_13162,2016-07-25,2016,WA11,England,St. Helens,Conventional crop,1,Scattered through field,Ulster Prince,False
1842,2016_13166,2016-07-25,2016,WA11,England,St. Helens,Conventional crop,1,Patch,Maris Piper,False
1843,2016_13170,2016-07-25,2016,WN8,England,West Lancashire,Conventional crop,1,Patch,Unknown/Other,False
1844,2016_13174,2016-07-25,2016,DE6,England,Derbyshire Dales,Conventional crop,1,Very severe,Unknown/Other,False
1845,2016_13102,2016-07-25,2016,EH10,Scotland,City of Edinburgh,Unknown/Other,0,Very severe,Unknown/Other,False
1846,2016_13154,2016-07-25,2016,SA71,Wales,Pembrokeshire,Conventional crop,1,Several patches,Maris Piper,False
1847,2016_13182,2016-07-25,2016,LL55,Wales,Gwynedd,Organic crop,1,Very severe,Unknown/Other,False
1850,2016_13222,2016-07-26,2016,IP26,England,King's Lynn and West Norfolk,Conventional crop,1,Scattered through field,Maris Peer,False
1848,2016_13194,2016-07-26,2016,CA6,England,Cumberland,Conventional crop,1,Scattered through field,Maris Piper,False
1849,2016_13198,2016-07-26,2016,IP26,England,King's Lynn and West Norfolk,Conventional crop,1,Scattered through field,Vales Sovereign,False
1851,2016_13210,2016-07-29,2016,AB51,Scotland,Aberdeenshire,Conventional crop,1,Scattered through field,Kerrs Pink,False
1852,2016_13214,2016-07-29,2016,AB51,Scotland,Aberdeenshire,Conventional crop,1,Scattered through field,Maris Piper,False
1853,2016_13158,2016-07-31,2016,SA71,Wales,Pembrokeshire,Conventional crop,1,Scattered through field,Maris Piper,False
1854,2016_13226,2016-08-02,2016,AB53,Scotland,Aberdeenshire,Conventional crop,1,Scattered through field,King Edward,False
1855,2016_13230,2016-08-02,2016,AB53,Scotland,Aberdeenshire,Conventional crop,1,Scattered through field,Desiree,False
1856,2016_13234,2016-08-04,2016,YO62,England,North Yorkshire,Garden/Allotment,0,Patch,Maris Piper,False
1858,2016_13250,2016-08-05,2016,DD2,Scotland,Dundee City,Trial,1,Several patches,R3A,False
1857,2016_13242,2016-08-05,2016,PL12,England,Cornwall,Conventional crop,1,Scattered through field,Saxon,False
1859,2016_13254,2016-08-05,2016,AB45,Scotland,Aberdeenshire,Conventional crop,1,Scattered through field,King Edward,False
1860,2016_13258,2016-08-06,2016,SA33,Wales,Carmarthenshire,Unknown/Other,0,Scattered through field,Wilja,False
1862,2016_13270,2016-08-07,2016,AB42,Scotland,Aberdeenshire,Conventional crop,1,Scattered through field,Atlantic,False
1861,2016_13274,2016-08-07,2016,PO20,England,Chichester,Conventional crop,1,Scattered through field,Melody,False
1863,2016_13278,2016-08-08,2016,IP12,England,East Suffolk,Unknown/Other,0,Very severe,Maris Peer,False
1864,2016_13282,2016-08-08,2016,IP12,England,East Suffolk,Conventional crop,1,Very severe,Maris Piper,False
1865,2016_13290,2016-08-08,2016,PO18,England,Chichester,Conventional crop,1,Very severe,Lanorma,False
1866,2016_13262,2016-08-08,2016,SA48,Wales,Ceredigion,Organic crop,1,Scattered through field,Unknown/Other,False
1867,2016_13266,2016-08-08,2016,SA48,Wales,Ceredigion,Organic crop,1,Scattered through field,King Edward,False
1868,2016_13306,2016-08-09,2016,KY8,Scotland,Fife,Conventional crop,1,Several patches,Saxon,False
1869,2016_13302,2016-08-10,2016,KY1,Scotland,Fife,Conventional crop,1,Several patches,Maris Piper,False
1870,2016_13338,2016-08-11,2016,HD6,England,Calderdale,Garden/Allotment,0,Several patches,Unknown/Other,False
1871,2016_13310,2016-08-11,2016,DD2,Scotland,Dundee City,Garden/Allotment,0,Several patches,Estima,False
1872,2016_13314,2016-08-12,2016,SY23,Wales,Ceredigion,Garden/Allotment,0,Scattered through field,Unknown/Other,False
1873,2016_13326,2016-08-14,2016,LL57,Wales,Gwynedd,Garden/Allotment,0,Several patches,Unknown/Other,False
1874,2016_13342,2016-08-18,2016,DD9,Scotland,Angus,Conventional crop,1,Scattered through field,Markies,False
1875,2016_13354,2016-08-22,2016,TD11,Scotland,Scottish Borders,Conventional crop,1,Scattered through field,Unknown/Other,False
1876,2016_13358,2016-08-22,2016,IV30,Scotland,Moray,Dump,0,Patch,Unknown/Other,False
1877,2016_13362,2016-08-23,2016,KY15,Scotland,Fife,Conventional crop,1,Patch,Saxon,False
1878,2016_13370,2016-08-25,2016,IV11,Scotland,Highland,Conventional crop,1,Patch,Unknown/Other,False
1879,2016_13374,2016-08-25,2016,IV12,Scotland,Highland,Conventional crop,1,Scattered through field,Unknown/Other,False
1880,MISC_16_002,2016-08-26,2016,DN8,England,Doncaster,Trial,1,Scattered through field,Unknown/Other,False
1881,2016_13454,2016-08-26,2016,KA6,Scotland,South Ayrshire,Trial,1,Unknown/Other,Unknown/Other,False
1882,2016_13394,2016-08-30,2016,DY7,England,South Staffordshire,Conventional crop,1,Several patches,Royal,False
1883,2016_13398,2016-08-30,2016,TN6,England,Wealden,Garden/Allotment,0,Scattered through field,King Edward,False
1884,2016_13402,2016-08-31,2016,PE12,England,South Holland,Volunteer,0,Patch,Unknown/Other,False
1885,2016_13406,2016-09-02,2016,AB41,Scotland,Aberdeenshire,Conventional crop,1,Single plant,Gemson,False
1887,2016_13410,2016-09-05,2016,TD14,Scotland,Scottish Borders,Conventional crop,1,Patch,Maris Piper,False
1886,2016_13414,2016-09-05,2016,IP13,England,East Suffolk,Conventional crop,1,Patch,Maris Peer,False
1888,2016_13422,2016-09-13,2016,KY7,Scotland,Fife,Volunteer,0,Scattered through field,Maris Piper,False
1889,2016_13426,2016-09-13,2016,KY7,Scotland,Fife,Volunteer,0,Scattered through field,Maris Piper,False
1890,2016_13430,2016-09-13,2016,KY8,Scotland,Fife,Volunteer,0,Scattered through field,Rooster,False
1891,2016_13434,2016-09-13,2016,KY8,Scotland,Fife,Volunteer,0,Scattered through field,Maris Piper,False
1892,2016_13438,2016-09-14,2016,KY15,Scotland,Fife,Conventional crop,1,Scattered through field,Safari,False
1893,2016_13442,2016-09-15,2016,KY6,Scotland,Fife,Conventional crop,1,Scattered through field,Maris Piper,False
1894,2016_13446,2016-09-15,2016,DD10,Scotland,Angus,Unknown/Other,0,Scattered through field,Cultra,False
1895,2016_13450,2016-09-19,2016,LL77,Wales,Isle of Anglesey,Garden/Allotment,0,Patch,Unknown/Other,False
1896,2016_13458,2016-09-21,2016,KY10,Scotland,Fife,Volunteer,0,Scattered through field,Maris Piper,False
1897,2016_13462,2016-09-28,2016,DD8,Scotland,Angus,Volunteer,0,Scattered through field,Lady Rosetta,False
1898,2016_13466,2016-09-28,2016,DD8,Scotland,Angus,Volunteer,0,Scattered through field,Lady Rosetta,False
1899,2016_fera 170,2016-10-04,2016,PR4,England,Fylde,Volunteer,0,Scattered through field,Unknown/Other,False
1900,2016_CB7,2016-10-24,2016,CB7,England,East Cambridgeshire,Unknown/Other,0,Unknown/Other,Unknown/Other,False
1902,2016_LL5,2016-10-25,2016,LL57,Wales,Gwynedd,Garden/Allotment,0,Unknown/Other,Unknown/Other,False
1903,2016_13470,2016-10-27,2016,LL77,Wales,Isle of Anglesey,Garden/Allotment,0,Scattered through field,Pentland Javelin,False
1904,2016_Dardy,2016-11-01,2016,DN11,England,Doncaster,Conventional crop,1,Unknown/Other,Unknown/Other,False
1905,2016_Sacker,2016-11-01,2016,PE15,England,Fenland,Conventional crop,1,Unknown/Other,Unknown/Other,False
1907,2016_WS15,2016-11-01,2016,WS15,England,Cannock Chase,Conventional crop,1,Unknown/Other,Unknown/Other,False
1908,2016_JBA,2016-11-25,2016,TF10,England,Telford and Wrekin,Conventional crop,1,Unknown/Other,Royal,False
1909,2016_TF10,2016-11-25,2016,TF10,England,Telford and Wrekin,Conventional crop,1,Unknown/Other,Royal,False
1910,2016_Royal,2016-11-30,2016,WS6,England,South Staffordshire,Conventional crop,1,Unknown/Other,Royal,False
1912,2016_YO329UE,2016-12-02,2016,YO32,England,York,Conventional crop,1,Unknown/Other,Royal,False
1911,2016_Lady Claire,2016-12-02,2016,ST19,England,South Staffordshire,Conventional crop,1,Unknown/Other,Lady Claire,False
1913,2016_H_Scanlon,2016-12-21,2016,YO42,England,East Riding of Yorkshire,Conventional crop,1,Unknown/Other,Royal,False
1915,KENT,2017-04-04,2017,CT7,England,Thanet,Dump,0,Several patches,King Edward,False
1916,2016_12594,2017-05-17,2017,TR13,England,Cornwall,Plastic,0,Unknown/Other,Lady Christl,False
1917,DD9_1,2017-06-19,2017,DD9,Scotland,Angus,Conventional crop,1,Unknown/Other,Gemson,False
1918,17_13498,2017-06-22,2017,IV8,Scotland,Highland,Dump,0,Patch,Unknown/Other,False
1919,DD9_2,2017-06-22,2017,DD9,Scotland,Angus,Conventional crop,1,Patch,Galactica,False
1920,17_13502,2017-06-26,2017,AB30,Scotland,Aberdeenshire,Conventional crop,1,Scattered through field,Stemster,False
1921,17_13506,2017-06-26,2017,AB30,Scotland,Aberdeenshire,Conventional crop,1,Scattered through field,Stemster,False
1922,W00000110,2017-06-30,2017,YO25,England,East Riding of Yorkshire,Conventional crop,1,Patch,Markies,False
1923,W00000094,2017-07-03,2017,YO62,England,North Yorkshire,Garden/Allotment,0,Unknown/Other,Charlotte,False
1924,W00000102,2017-07-03,2017,WS15,England,Cannock Chase,Dump,0,Patch,Unknown/Other,False
1925,W00000144,2017-07-06,2017,TR20,England,Cornwall,Unknown/Other,0,Scattered through field,Rosetta,False
1926,W00000177,2017-07-06,2017,DD8,Scotland,Angus,Conventional crop,1,Scattered through field,Unknown/Other,False
1927,W00000193,2017-07-08,2017,IV32,Scotland,Moray,Conventional crop,1,Scattered through field,Atlantic,False
1931,W00000235,2017-07-10,2017,SA48,Wales,Ceredigion,Organic crop,1,Scattered through field,Unknown/Other,False
1930,W00000219,2017-07-10,2017,TA19,England,Somerset,Unknown/Other,0,Single plant,Unknown/Other,False
1928,W00000151,2017-07-10,2017,TQ13,England,Teignbridge,Conventional crop,1,Patch,Unknown/Other,False
1929,W00000169,2017-07-10,2017,TQ13,England,Teignbridge,Conventional crop,1,Scattered through field,Unknown/Other,False
1932,W00000185,2017-07-11,2017,DD11,Scotland,Angus,Conventional crop,1,Patch,Maris Piper,False
1933,W00000201,2017-07-13,2017,SA48,Wales,Ceredigion,Conventional crop,1,Scattered through field,King Edward,False
1934,W00000227,2017-07-17,2017,SA71,Wales,Pembrokeshire,Conventional crop,1,Scattered through field,Belana,False
1935,W00000243,2017-07-17,2017,LL57,Wales,Gwynedd,Organic crop,1,Single plant,Charlotte,False
1936,W00000276,2017-07-19,2017,CT3,England,Canterbury,Conventional crop,1,Scattered through field,Electra,False
1937,W00000284,2017-07-19,2017,CT3,England,Canterbury,Conventional crop,1,Scattered through field,Nectar,False
1938,W00000292,2017-07-20,2017,LL56,Wales,Gwynedd,Garden/Allotment,0,Scattered through field,Unknown/Other,False
1943,W00000334,2017-07-21,2017,DD8,Scotland,Angus,Conventional crop,1,Unknown/Other,Unknown/Other,False
1942,W00000326,2017-07-21,2017,DD9,Scotland,Angus,Conventional crop,1,Unknown/Other,Unknown/Other,False
1940,W00000300,2017-07-21,2017,DD8,Scotland,Angus,Conventional crop,1,Unknown/Other,Rooster,False
1939,W00000342,2017-07-21,2017,SY11,England,Shropshire,Volunteer,0,Scattered through field,Unknown/Other,False
1941,W00000318,2017-07-21,2017,DD8,Scotland,Angus,Conventional crop,1,Unknown/Other,Hermes,False
1944,W00000367,2017-07-24,2017,AB41,Scotland,Aberdeenshire,Garden/Allotment,0,Scattered through field,Charlotte,False
1945,W00000359,2017-07-24,2017,LL56,Wales,Gwynedd,Unknown/Other,0,Scattered through field,Unknown/Other,False
1946,W00000375,2017-07-25,2017,TF9,England,Shropshire,Conventional crop,1,Scattered through field,Unknown/Other,False
1947,W00000383,2017-07-25,2017,TF9,England,Shropshire,Conventional crop,1,Patch,Unknown/Other,False
1948,W00000409,2017-07-25,2017,LL74,Wales,Isle of Anglesey,Conventional crop,1,Single plant,Swift,False
1950,W00000433,2017-07-29,2017,LL57,Wales,Gwynedd,Garden/Allotment,0,Patch,Maris Piper,False
1949,W00000417,2017-07-29,2017,LL33,Wales,Conwy,Trial,1,Scattered through field,Unknown/Other,False
1951,W00000425,2017-07-30,2017,SY23,Wales,Ceredigion,Garden/Allotment,0,Scattered through field,Unknown/Other,False
1954,W00000508,2017-08-02,2017,AB42,Scotland,Aberdeenshire,Conventional crop,1,Scattered through field,Maris Piper,False
1953,W00000490,2017-08-02,2017,AB42,Scotland,Aberdeenshire,Conventional crop,1,Scattered through field,Unknown/Other,False
1952,W00000466,2017-08-02,2017,BS3,England,Bristol,Garden/Allotment,0,Patch,Unknown/Other,False
1955,W00000482,2017-08-06,2017,LL33,Wales,Conwy,Garden/Allotment,0,Patch,Unknown/Other,False
1961,W00000540,2017-08-08,2017,PH12,Scotland,Angus,Conventional crop,1,Unknown/Other,Bute,False
1962,W00000573,2017-08-08,2017,DD11,Scotland,Angus,Conventional crop,1,Unknown/Other,Maris Piper,False
1960,W00000532,2017-08-08,2017,PH12,Scotland,Angus,Organic crop,1,Unknown/Other,Rooster,False
1963,W00000581,2017-08-08,2017,SY23,Wales,Ceredigion,Organic crop,1,Very severe,Maris Piper,False
1958,A03300016,2017-08-08,2017,EH39,Scotland,East Lothian,Conventional crop,1,Scattered through field,Unknown/Other,False
1957,A03100010,2017-08-08,2017,AB42,Scotland,Aberdeenshire,Conventional crop,1,Very severe,Unknown/Other,False
1956,A03200018,2017-08-08,2017,WA11,England,St. Helens,Conventional crop,1,Scattered through field,Maris Piper,False
1959,W00000524,2017-08-08,2017,KY12,Scotland,Fife,Volunteer,0,Unknown/Other,Maris Piper,False
1965,W00000615,2017-08-09,2017,PE23,England,East Lindsey,Conventional crop,1,Scattered through field,Picasso,False
1966,W00000623,2017-08-09,2017,PE23,England,East Lindsey,Conventional crop,1,Scattered through field,Sagitta,False
1964,W00000607,2017-08-09,2017,PE20,England,Boston,Conventional crop,1,Scattered through field,Melody,False
1967,W00000631,2017-08-11,2017,NR2,England,Norwich,Conventional crop,1,Scattered through field,King Edward,False
1968,W00000730,2017-08-11,2017,DT7,England,Dorset,Conventional crop,1,Patch,Royal,False
1969,A03400014,2017-08-13,2017,YO14,England,North Yorkshire,Conventional crop,1,Scattered through field,Pentland Dell,False
1970,W00000649,2017-08-13,2017,BS3,England,Bristol,Garden/Allotment,0,Single plant,Unknown/Other,False
1971,W00000656,2017-08-13,2017,BS3,England,Bristol,Garden/Allotment,0,Single plant,Unknown/Other,False
1972,A03300024,2017-08-14,2017,TD14,Scotland,Scottish Borders,Conventional crop,1,Single plant,Maris Piper,False
1973,A03400022,2017-08-15,2017,PE20,England,Boston,Conventional crop,1,Patch,Melody,False
1974,W00000847,2017-08-15,2017,NR10,England,Broadland,Conventional crop,1,Patch,Asterix,False
1975,W00000680,2017-08-15,2017,DD2,Scotland,Dundee City,Garden/Allotment,0,Scattered through field,Unknown/Other,False
1976,W00000714,2017-08-15,2017,DD2,Scotland,Dundee City,Trial,1,Several patches,Unknown/Other,False
1977,W00000722,2017-08-15,2017,DD10,Scotland,Angus,Conventional crop,1,Unknown/Other,Russet Burbank,False
1981,W00000854,2017-08-16,2017,CT3,England,Canterbury,Conventional crop,1,Patch,Melody,False
1980,A03900039,2017-08-16,2017,TF6,England,Telford and Wrekin,Conventional crop,1,Scattered through field,Maris Piper,False
1978,A03900013,2017-08-16,2017,SY4,England,Shropshire,Conventional crop,1,Unknown/Other,Maris Piper,False
1979,A03900021,2017-08-16,2017,TF6,England,Telford and Wrekin,Conventional crop,1,Very severe,Maris Piper,False
1989,W00000862,2017-08-17,2017,DD8,Scotland,Angus,Organic crop,1,Very severe,Unknown/Other,False
1982,A03200026,2017-08-17,2017,PR9,England,Sefton,Volunteer,0,Very severe,Unknown/Other,False
1983,A03400030,2017-08-17,2017,WA7,England,Halton,Conventional crop,1,Patch,Royal,False
1984,A04100019,2017-08-17,2017,L39,England,West Lancashire,Conventional crop,1,Scattered through field,Harmony,False
1985,W00000797,2017-08-17,2017,NR11,England,North Norfolk,Conventional crop,1,Patch,Unknown/Other,False
1986,W00000805,2017-08-17,2017,NR27,England,North Norfolk,Conventional crop,1,Patch,Unknown/Other,False
1987,W00000896,2017-08-17,2017,SY4,England,Shropshire,Volunteer,0,Single plant,Unknown/Other,False
1988,W00000912,2017-08-17,2017,TF9,England,Shropshire,Conventional crop,1,Patch,Unknown/Other,False
1992,W00000995,2017-08-18,2017,CT3,England,Canterbury,Conventional crop,1,Patch,Melody,False
1990,A04100027,2017-08-18,2017,LN1,England,West Lindsey,Garden/Allotment,0,Scattered through field,Bellanita,False
1991,W00000813,2017-08-18,2017,NR23,England,North Norfolk,Conventional crop,1,Patch,Unknown/Other,False
1993,A03200034,2017-08-21,2017,WA6,England,Cheshire West and Chester,Volunteer,0,Very severe,Unknown/Other,False
2003,W00000938,2017-08-22,2017,SY18,Wales,Powys,Organic crop,1,Several patches,Unknown/Other,False
2001,W00001027,2017-08-22,2017,PH2,Scotland,Perth and Kinross,Conventional crop,1,Scattered through field,King Edward,False
2000,MPais_904,2017-08-22,2017,NR4,England,Norwich,Trial,1,Unknown/Other,Unknown/Other,False
1999,MPais_896,2017-08-22,2017,NR4,England,Norwich,Trial,1,Unknown/Other,Unknown/Other,False
2002,W00001183,2017-08-22,2017,EH10,Scotland,City of Edinburgh,Garden/Allotment,0,Scattered through field,Unknown/Other,False
1997,W00001001,2017-08-22,2017,SY5,England,Shropshire,Conventional crop,1,Several patches,Maris Piper,False
1996,W00000870,2017-08-22,2017,B76,England,Birmingham,Conventional crop,1,Scattered through field,Unknown/Other,False
1995,A04100035,2017-08-22,2017,TD14,Scotland,Scottish Borders,Conventional crop,1,Several patches,Unknown/Other,False
1994,A03200042,2017-08-22,2017,PR4,England,Fylde,Volunteer,0,Scattered through field,Unknown/Other,False
1998,MPais_895,2017-08-22,2017,NR4,England,Norwich,Trial,1,Unknown/Other,Unknown/Other,False
2004,W00000946,2017-08-23,2017,PL14,England,Cornwall,Garden/Allotment,0,Scattered through field,Unknown/Other,False
2005,W00000953,2017-08-23,2017,TF9,England,Shropshire,Conventional crop,1,Scattered through field,Maris Piper,False
2006,W00000961,2017-08-23,2017,TF9,England,Shropshire,Volunteer,0,Single plant,Lady Rosetta,False
2007,W00001068,2017-08-23,2017,IP27,England,West Suffolk,Conventional crop,1,Scattered through field,Unknown/Other,False
2008,W00000987,2017-08-23,2017,PH12,Scotland,Angus,Garden/Allotment,0,Scattered through field,Cara,False
2009,W00001019,2017-08-24,2017,HR1,England,Herefordshire,Dump,0,Very severe,Maris Piper,False
2010,W00001209,2017-08-24,2017,TF11,England,Shropshire,Conventional crop,1,Scattered through field,Maris Piper,False
2011,MPais_GC,2017-08-25,2017,NR4,England,Norwich,Trial,1,Unknown/Other,Unknown/Other,False
2012,W00001241,2017-08-25,2017,IV2,Scotland,Highland,Conventional crop,1,Several patches,Russet Burbank,False
2013,A04400013,2017-08-28,2017,TD14,Scotland,Scottish Borders,Conventional crop,1,Patch,Unknown/Other,False
2014,W00001035,2017-08-28,2017,DD2,Scotland,Dundee City,Garden/Allotment,0,Very severe,Maris Piper,False
2016,W00001076,2017-08-29,2017,TF10,England,Telford and Wrekin,Conventional crop,1,Several patches,Unknown/Other,False
2020,W00001126,2017-08-29,2017,TD6,Scotland,Scottish Borders,Garden/Allotment,0,Scattered through field,Unknown/Other,False
2021,W00001175,2017-08-29,2017,IV63,Scotland,Highland,Volunteer,0,Patch,Unknown/Other,False
2019,W00001100,2017-08-29,2017,CB24,England,South Cambridgeshire,Garden/Allotment,0,Scattered through field,Cara,False
2015,A03900047,2017-08-29,2017,TF10,England,Telford and Wrekin,Conventional crop,1,Unknown/Other,Maris Piper,False
2017,W00001084,2017-08-29,2017,LE67,England,North West Leicestershire,Volunteer,0,Scattered through field,VR808,False
2018,W00001092,2017-08-29,2017,B79,England,Tamworth,Volunteer,0,Scattered through field,Unknown/Other,False
2022,W00001134,2017-08-30,2017,YO7,England,North Yorkshire,Volunteer,0,Scattered through field,Unknown/Other,False
2023,W00001142,2017-08-30,2017,YO7,England,North Yorkshire,Conventional crop,1,Scattered through field,Sagitta,False
2024,W00001159,2017-08-30,2017,CB24,England,South Cambridgeshire,Garden/Allotment,0,Scattered through field,Desiree,False
2025,W00001167,2017-08-30,2017,CB24,England,South Cambridgeshire,Garden/Allotment,0,Scattered through field,Cara,False
2026,W00001191,2017-08-31,2017,HR1,England,Herefordshire,Garden/Allotment,0,Several patches,Maris Piper,False
2027,W00001225,2017-08-31,2017,TF11,England,Shropshire,Conventional crop,1,Patch,Unknown/Other,False
2028,W00001233,2017-08-31,2017,TF10,England,Telford and Wrekin,Conventional crop,1,Patch,Royal,False
2030,MPais_NR47UH,2017-09-01,2017,NR4,England,Norwich,Trial,1,Unknown/Other,Unknown/Other,False
2031,MPais_NR94H,2017-09-01,2017,NR4,England,Norwich,Trial,1,Unknown/Other,Unknown/Other,False
2029,MPais_NR47U,2017-09-01,2017,NR4,England,Norwich,Trial,1,Unknown/Other,Unknown/Other,False
2032,W00001217,2017-09-03,2017,TF6,England,Telford and Wrekin,Conventional crop,1,Patch,Unknown/Other,False
2033,W00001308,2017-09-03,2017,AB41,Scotland,Aberdeenshire,Garden/Allotment,0,Scattered through field,Druid,False
2034,A03900054,2017-09-05,2017,TF10,England,Telford and Wrekin,Conventional crop,1,Patch,Performer,False
2035,A03900070,2017-09-05,2017,TF10,England,Telford and Wrekin,Conventional crop,1,Patch,Performer,False
2036,A03900062,2017-09-05,2017,TF10,England,Telford and Wrekin,Conventional crop,1,Patch,Royal,False
2037,W00001258,2017-09-05,2017,LS17,England,Leeds,Conventional crop,1,Scattered through field,Unknown/Other,False
2038,A03200059,2017-09-06,2017,L40,England,West Lancashire,Volunteer,0,Scattered through field,Unknown/Other,False
2039,W00001332,2017-09-06,2017,CT7,England,Thanet,Dump,0,Scattered through field,Unknown/Other,False
2040,W00001340,2017-09-06,2017,DE72,England,South Derbyshire,Volunteer,0,Several patches,Unknown/Other,False
2041,W00001373,2017-09-06,2017,TF10,England,Telford and Wrekin,Conventional crop,1,Scattered through field,Jelly,False
2046,W00001613,2017-09-07,2017,DY7,England,South Staffordshire,Conventional crop,1,Unknown/Other,Royal,False
2045,W00001472,2017-09-07,2017,PE11,England,South Holland,Volunteer,0,Patch,Unknown/Other,False
2042,A03900096,2017-09-07,2017,WV16,England,Shropshire,Conventional crop,1,Patch,Cabaret,False
2043,W00001357,2017-09-07,2017,WV5,England,South Staffordshire,Conventional crop,1,Patch,Maris Piper,False
2044,W00001381,2017-09-07,2017,TF13,England,Shropshire,Conventional crop,1,Scattered through field,Fontane,False
2047,W00001423,2017-09-08,2017,IP12,England,East Suffolk,Conventional crop,1,Patch,Maris Peer,False
2048,W00001431,2017-09-08,2017,IP12,England,East Suffolk,Conventional crop,1,Scattered through field,Bambino,False
2049,W00001456,2017-09-08,2017,WV15,England,Shropshire,Conventional crop,1,Patch,Pentland Dell,False
2050,W00001605,2017-09-08,2017,DE73,England,South Derbyshire,Trial,1,Unknown/Other,Unknown/Other,False
2051,W00001464,2017-09-09,2017,WS13,England,Lichfield,Volunteer,0,Scattered through field,Markies,False
2052,W00001449,2017-09-10,2017,GU1,England,Guildford,Garden/Allotment,0,Several patches,Unknown/Other,False
2055,W00001514,2017-09-12,2017,SY5,England,Shropshire,Dump,0,Single plant,Maris Piper,False
2054,W00001506,2017-09-12,2017,PE12,England,South Holland,Dump,0,Very severe,Unknown/Other,False
2053,W00001480,2017-09-12,2017,YO42,England,East Riding of Yorkshire,Conventional crop,1,Unknown/Other,Royal,False
2056,W00001498,2017-09-14,2017,NR11,England,North Norfolk,Conventional crop,1,Scattered through field,Unknown/Other,False
2057,W00001522,2017-09-19,2017,SY4,England,Shropshire,Volunteer,0,Scattered through field,Unknown/Other,False
2058,W00001530,2017-09-19,2017,TF6,England,Telford and Wrekin,Dump,0,Single plant,Unknown/Other,False
2059,W00001548,2017-09-22,2017,IP31,England,West Suffolk,Conventional crop,1,Single plant,Maris Bard,False
2060,W00001555,2017-09-22,2017,WV5,England,South Staffordshire,Volunteer,0,Scattered through field,Caesar,False
2061,W00001563,2017-09-25,2017,DN11,England,Doncaster,Conventional crop,1,Scattered through field,Royal,False
2062,W00001589,2017-09-25,2017,PE15,England,Fenland,Volunteer,0,Unknown/Other,Unknown/Other,False
2063,W00001571,2017-09-26,2017,DE13,England,East Staffordshire,Volunteer,0,Scattered through field,Markies,False
2064,W00001597,2017-09-26,2017,YO41,England,East Riding of Yorkshire,Conventional crop,1,Unknown/Other,Royal,False
2065,W00001720,2017-09-27,2017,KA6,Scotland,South Ayrshire,Trial,1,Unknown/Other,King Edward,False
2067,W00001647,2017-10-03,2017,TF10,England,Telford and Wrekin,Volunteer,0,Single plant,Performer,False
2068,W00001654,2017-10-03,2017,TF10,England,Telford and Wrekin,Volunteer,0,Scattered through field,Morene,False
2066,W00001621,2017-10-03,2017,IP24,England,Breckland,Conventional crop,1,Scattered through field,Maris Peer,False
2069,W00001639,2017-10-04,2017,SY4,England,Shropshire,Volunteer,0,Scattered through field,Unknown/Other,False
2070,W00001662,2017-10-05,2017,TF10,England,Telford and Wrekin,Volunteer,0,Single plant,Unknown/Other,False
2071,W00001670,2017-10-05,2017,TF9,England,Shropshire,Volunteer,0,Scattered through field,Unknown/Other,False
2072,W00001688,2017-10-05,2017,TR20,England,Cornwall,Volunteer,0,Scattered through field,Unknown/Other,False
2073,W00001696,2017-10-05,2017,TR3,England,Cornwall,Volunteer,0,Scattered through field,Unknown/Other,False
2074,W00001704,2017-10-05,2017,TR2,England,Cornwall,Volunteer,0,Very severe,Unknown/Other,False
2075,W00001712,2017-10-06,2017,SY5,England,Shropshire,Volunteer,0,Scattered through field,Unknown/Other,False
2076,W00001738,2017-10-09,2017,B79,England,Tamworth,Volunteer,0,Scattered through field,Maris Piper,False
2077,W00001746,2017-10-10,2017,WS15,England,Cannock Chase,Volunteer,0,Scattered through field,Lady Rosetta,False
2078,W00001753,2017-10-10,2017,PE15,England,Fenland,Volunteer,0,Scattered through field,Cabaret,False
2079,W00001779,2017-10-13,2017,TF1,England,Telford and Wrekin,Volunteer,0,Scattered through field,Hermes,False
2080,GPrentice,2017-10-20,2017,DD8,Scotland,Angus,Conventional crop,1,Unknown/Other,Banba,False
2081,A03100028,2017-10-23,2017,IV30,Scotland,Moray,Volunteer,0,Scattered through field,Unknown/Other,False
2082,W00001795,2017-10-26,2017,PE13,England,Fenland,Volunteer,0,Scattered through field,Desiree,False
2083,THarper1,2017-10-26,2017,YO19,England,York,Conventional crop,1,Unknown/Other,Royal,False
2084,THarper2,2017-10-26,2017,YO19,England,York,Conventional crop,1,Unknown/Other,Royal,False
2085,THarper3,2017-10-26,2017,YO19,England,York,Conventional crop,1,Unknown/Other,Royal,False
2086,NWinmill,2017-11-01,2017,PL14,England,Cornwall,Conventional crop,1,Unknown/Other,Unknown/Other,False
2087,SBCSR,2017-11-14,2017,NR21,England,North Norfolk,Conventional crop,1,Unknown/Other,Marilyn,False
2088,DBuckley,2017-11-15,2017,TF10,England,Telford and Wrekin,Conventional crop,1,Unknown/Other,Royal,False
2089,GSkinner,2017-11-29,2017,CT12,England,Thanet,Conventional crop,1,Unknown/Other,King Edward,False
2090,Dwalsh,2017-12-07,2017,NR34,England,East Suffolk,Conventional crop,1,Unknown/Other,Soraya,False
2092,MLloyd,2017-12-08,2017,HR8,England,Herefordshire,Conventional crop,1,Unknown/Other,Russet Burbank,False
2091,LBackhouse,2017-12-08,2017,YO26,England,York,Conventional crop,1,Unknown/Other,Royal,False
2094,RScott_Shepody,2017-12-21,2017,DD9,Scotland,Angus,Conventional crop,1,Unknown/Other,Shepody,False
2095,DBuckley_Ware,2017-12-31,2017,TF6,England,Telford and Wrekin,Conventional crop,1,Unknown/Other,Lady Balfour,False
2096,EAnderson,2017-12-31,2017,DN9,England,North Lincolnshire,Conventional crop,1,Unknown/Other,Sagitta,False
2097,MCox_3,2017-12-31,2017,CB7,England,East Cambridgeshire,Conventional crop,1,Unknown/Other,Sagitta,False
2098,GPrenticeBanba,2017-12-31,2017,DD8,Scotland,Angus,Conventional crop,1,Unknown/Other,Banba,False
2099,A01700018,2018-04-13,2018,CT7,England,Thanet,Dump,0,Several patches,Desiree,False
2100,A01700026,2018-04-17,2018,CT6,England,Canterbury,Dump,0,Patch,Desiree,False
2101,A01700034,2018-04-17,2018,CT7,England,Thanet,Dump,0,Several patches,King Edward,False
2102,W00002495,2018-05-30,2018,SA73,Wales,Pembrokeshire,Conventional crop,1,Single plant,Lady Rosetta,False
2103,W00002552,2018-06-04,2018,TR20,England,Cornwall,Conventional crop,1,Scattered through field,Charlotte,False
2104,W00002503,2018-06-10,2018,TR12,England,Cornwall,Garden/Allotment,0,Patch,Unknown/Other,False
2106,W00002586,2018-06-11,2018,CT9,England,Thanet,Conventional crop,1,Scattered through field,Riviera,False
2105,W00002578,2018-06-11,2018,CT9,England,Thanet,Conventional crop,1,Scattered through field,Riviera,False
2107,W00002594,2018-06-12,2018,PL14,England,Cornwall,Conventional crop,1,Scattered through field,Unknown/Other,False
2108,W00002560,2018-06-18,2018,CT3,England,Canterbury,Unknown/Other,0,Scattered through field,Brooke,False
2109,W00002610,2018-06-22,2018,CT3,England,Canterbury,Conventional crop,1,Several patches,King Edward,False
2110,W00002842,2018-06-25,2018,TN6,England,Wealden,Conventional crop,1,Single plant,Unknown/Other,False
2113,A01700067,2018-06-29,2018,CT7,England,Thanet,Conventional crop,1,Unknown/Other,Desiree,False
2114,W00002750,2018-07-03,2018,TA19,England,Somerset,Conventional crop,1,Single plant,Electra,False
2115,W00002784,2018-07-06,2018,LN6,England,North Kesteven,Trial,1,Scattered through field,Unknown/Other,False
2116,W00002826,2018-07-18,2018,LN6,England,North Kesteven,Conventional crop,1,Several patches,VR808,False
2117,W00002818,2018-07-21,2018,SA71,Wales,Pembrokeshire,Conventional crop,1,Patch,Sunita,False
2118,W00002859,2018-07-27,2018,SA48,Wales,Ceredigion,Conventional crop,1,Patch,King Edward,False
2120,W00002925,2018-08-06,2018,LL33,Wales,Conwy,Trial,1,Single plant,Unknown/Other,False
2119,W00002883,2018-08-06,2018,TF9,England,Shropshire,Conventional crop,1,Several patches,Unknown/Other,False
2121,W00002941,2018-08-08,2018,CT7,England,Thanet,Conventional crop,1,Patch,Camel,False
2122,W00002958,2018-08-08,2018,CT7,England,Thanet,Conventional crop,1,Patch,King Edward,False
2123,W00002982,2018-08-14,2018,DD9,Scotland,Angus,Conventional crop,1,Scattered through field,Unknown/Other,False
2124,W00003030,2018-08-16,2018,SY23,Wales,Ceredigion,Garden/Allotment,0,Scattered through field,King Edward,False
2125,W00003022,2018-08-17,2018,CT7,England,Thanet,Conventional crop,1,Very severe,King Edward,False
2126,W00002990,2018-08-20,2018,TF6,England,Telford and Wrekin,Conventional crop,1,Patch,Russet Burbank,False
2127,W00003048,2018-08-22,2018,DD2,Scotland,Dundee City,Trial,1,Single plant,Maris Piper,False
2128,W00003055,2018-08-23,2018,TF6,England,Telford and Wrekin,Conventional crop,1,Patch,Unknown/Other,False
2129,W00003089,2018-08-23,2018,PR4,England,Fylde,Volunteer,0,Single plant,Unknown/Other,False
2130,W00003071,2018-08-23,2018,SA62,Wales,Pembrokeshire,Organic crop,1,Single plant,Unknown/Other,False
2132,W00003105,2018-08-28,2018,CT7,England,Thanet,Volunteer,0,Very severe,Unknown/Other,False
2131,W00003063,2018-08-28,2018,TF6,England,Telford and Wrekin,Conventional crop,1,Single plant,Unknown/Other,False
2133,W00003113,2018-08-30,2018,TF1,England,Telford and Wrekin,Volunteer,0,Single plant,Unknown/Other,False
2134,W00003170,2018-08-30,2018,LN6,England,North Kesteven,Volunteer,0,Patch,Unknown/Other,False
2135,W00003196,2018-09-03,2018,CT3,England,Canterbury,Conventional crop,1,Scattered through field,Melody,False
2136,W00003154,2018-09-04,2018,CT7,England,Thanet,Conventional crop,1,Scattered through field,Desiree,False
2137,W00003162,2018-09-05,2018,AB41,Scotland,Aberdeenshire,Garden/Allotment,0,Scattered through field,Arsenal,False
2138,W00003147,2018-09-05,2018,LL53,Wales,Gwynedd,Garden/Allotment,0,Several patches,Anoe,False
2139,W00003188,2018-09-06,2018,TF6,England,Telford and Wrekin,Conventional crop,1,Scattered through field,Maris Piper,False
2140,W00003261,2018-09-07,2018,L40,England,West Lancashire,Conventional crop,1,Scattered through field,Unknown/Other,False
2141,W00003204,2018-09-07,2018,DD5,Scotland,Dundee City,Volunteer,0,Several patches,Maris Piper,False
2142,W00003212,2018-09-07,2018,DD11,Scotland,Angus,Volunteer,0,Several patches,Panther,False
2143,W00003238,2018-09-08,2018,AB23,Scotland,Aberdeen City,Garden/Allotment,0,Scattered through field,Maris Piper,False
2144,W00003279,2018-09-10,2018,CW5,England,Cheshire East,Conventional crop,1,Single plant,Unknown/Other,False
2145,W00003121,2018-09-10,2018,SA48,Wales,Ceredigion,Conventional crop,1,Very severe,King Edward,False
2146,W00003139,2018-09-10,2018,SA48,Wales,Ceredigion,Conventional crop,1,Very severe,Markies,False
2147,W00003246,2018-09-13,2018,NR11,England,North Norfolk,Conventional crop,1,Patch,Unknown/Other,False
2148,W00003360,2018-09-17,2018,DD2,Scotland,Dundee City,Trial,1,Scattered through field,Maris Piper,False
2149,W00003287,2018-09-18,2018,DD11,Scotland,Angus,Volunteer,0,Several patches,Maris Piper,False
2150,W00003295,2018-09-18,2018,KY7,Scotland,Fife,Volunteer,0,Several patches,Maris Piper,False
2151,W00003303,2018-09-19,2018,LN8,England,West Lindsey,Conventional crop,1,Scattered through field,Unknown/Other,False
2152,W00003329,2018-09-24,2018,PH12,Scotland,Angus,Garden/Allotment,0,Patch,Desiree,False
2153,Auchincruive,2018-09-25,2018,KA6,Scotland,South Ayrshire,Trial,1,Scattered through field,Unknown/Other,False
2154,W00003345,2018-09-26,2018,TF11,England,Shropshire,Volunteer,0,Single plant,Unknown/Other,False
2155,W00003378,2018-10-01,2018,LL57,Wales,Gwynedd,Garden/Allotment,0,Patch,Fleur Bleu,False
2156,W00003410,2018-10-04,2018,DY7,England,South Staffordshire,Conventional crop,1,Several patches,Royal,False
2157,W00003402,2018-10-05,2018,DD8,Scotland,Angus,Garden/Allotment,0,Patch,Endeavour,False
2158,W00003428,2018-10-10,2018,PE22,England,Boston,Trial,1,Several patches,Melody,False
2159,W00003444,2018-10-11,2018,CW7,England,Cheshire West and Chester,Conventional crop,1,Patch,Unknown/Other,False
2160,W00003477,2018-10-23,2018,DN22,England,Bassetlaw,Volunteer,0,Several patches,Unknown/Other,False
2161,W00003493,2018-11-14,2018,TF6,England,Telford and Wrekin,Organic crop,1,Several patches,Lady Balfour,False
2163,W00003534,2019-03-18,2019,CT7,England,Thanet,Dump,0,Unknown/Other,Desiree,False
2164,W00003542,2019-03-23,2019,NR34,England,East Suffolk,Dump,0,Patch,Unknown/Other,False
2165,W00003658,2019-06-13,2019,CO6,England,Colchester,Conventional crop,1,Single plant,Maris Piper,False
2166,W00003617,2019-06-15,2019,CO7,England,Tendring,Conventional crop,1,Scattered through field,Maris Piper,False
2167,W00003625,2019-06-15,2019,CO7,England,Tendring,Conventional crop,1,Patch,Maris Piper,False
2169,W00003674,2019-06-17,2019,IP10,England,East Suffolk,Conventional crop,1,Scattered through field,Perline,False
2168,W00003641,2019-06-17,2019,CT7,England,Thanet,Dump,0,Very severe,Desiree,False
2170,W00003781,2019-06-17,2019,IP9,England,Babergh,Conventional crop,1,Several patches,Maris Piper,False
2171,W00003666,2019-06-18,2019,IP31,England,West Suffolk,Conventional crop,1,Patch,Marfona,False
2172,W00003682,2019-06-19,2019,IP30,England,Mid Suffolk,Conventional crop,1,Patch,Maris Piper,False
2173,W00003716,2019-06-19,2019,WA7,England,Halton,Conventional crop,1,Patch,Titan,False
2174,W00003757,2019-06-19,2019,PL30,England,Cornwall,Conventional crop,1,Patch,Maris Peer,False
2175,W00003708,2019-06-20,2019,LL65,Wales,Isle of Anglesey,Volunteer,0,Scattered through field,Unknown/Other,False
2176,W00003732,2019-06-21,2019,IP10,England,East Suffolk,Conventional crop,1,Scattered through field,King Edward,False
2177,W00003740,2019-06-21,2019,CO7,England,Tendring,Conventional crop,1,Unknown/Other,Marfona,False
2178,W00003823,2019-06-24,2019,CO7,England,Tendring,Conventional crop,1,Scattered through field,Maris Piper,False
2179,W00003831,2019-06-25,2019,IP28,England,West Suffolk,Conventional crop,1,Scattered through field,Shepody,False
2180,W00003690,2019-06-26,2019,NR24,England,North Norfolk,Dump,0,Patch,Unknown/Other,False
2181,W00003930,2019-06-26,2019,NR28,England,North Norfolk,Conventional crop,1,Very severe,Heraclea,False
2182,W00004037,2019-06-26,2019,YO8,England,North Yorkshire,Conventional crop,1,Several patches,VR808,False
2187,W00003856,2019-06-27,2019,KA6,Scotland,South Ayrshire,Volunteer,0,Patch,King Edward,False
2186,W00003948,2019-06-27,2019,SY4,England,Shropshire,Dump,0,Single plant,Maris Piper,False
2183,W00003815,2019-06-27,2019,TF10,England,Telford and Wrekin,Dump,0,Patch,Unknown/Other,False
2184,W00003849,2019-06-27,2019,NR14,England,South Norfolk,Conventional crop,1,Scattered through field,Fontane,False
2185,W00003864,2019-06-27,2019,PR4,England,Fylde,Conventional crop,1,Unknown/Other,Riviera,False
2188,W00003872,2019-06-28,2019,WA7,England,Halton,Conventional crop,1,Patch,Miranda,False
2189,W00003880,2019-06-28,2019,PE31,England,King's Lynn and West Norfolk,Conventional crop,1,Single plant,Venezia,False
2190,W00003898,2019-06-28,2019,PE36,England,King's Lynn and West Norfolk,Conventional crop,1,Patch,Perline,False
2191,W00003906,2019-06-28,2019,IP9,England,Babergh,Conventional crop,1,Unknown/Other,Maris Piper,False
2192,W00003955,2019-06-28,2019,TF9,England,Shropshire,Organic crop,1,Patch,Triplo,False
2193,W00003914,2019-06-30,2019,GU1,England,Guildford,Garden/Allotment,0,Scattered through field,Unknown/Other,False
2197,W00004003,2019-07-02,2019,CT13,England,Dover,Conventional crop,1,Unknown/Other,Markies,False
2196,W00003997,2019-07-02,2019,CT12,England,Thanet,Conventional crop,1,Unknown/Other,Melody,False
2195,W00003971,2019-07-02,2019,NR4,England,Norwich,Trial,1,Scattered through field,Desiree,False
2194,W00003963,2019-07-02,2019,YO19,England,York,Conventional crop,1,Patch,Olympus,False
2198,W00004011,2019-07-03,2019,PR4,England,Fylde,Conventional crop,1,Unknown/Other,Ulster Prince,False
2199,W00004045,2019-07-03,2019,IP31,England,West Suffolk,Conventional crop,1,Patch,Unknown/Other,False
2200,W00004052,2019-07-03,2019,IP28,England,West Suffolk,Conventional crop,1,Patch,Unknown/Other,False
2201,W00004086,2019-07-03,2019,PE20,England,Boston,Conventional crop,1,Scattered through field,Maris Piper,False
2202,W00004060,2019-07-04,2019,IV30,Scotland,Moray,Conventional crop,1,Patch,Umatilla Russet,False
2203,W00004110,2019-07-05,2019,IP9,England,Babergh,Conventional crop,1,Scattered through field,Perline,False
2204,W00004128,2019-07-05,2019,IP11,England,East Suffolk,Conventional crop,1,Single plant,Jelly,False
2205,W00004169,2019-07-05,2019,LE67,England,North West Leicestershire,Conventional crop,1,Scattered through field,Marfona,False
2206,W00004177,2019-07-05,2019,SY5,England,Shropshire,Trial,1,Very severe,Desiree,False
2207,W00004144,2019-07-06,2019,IP27,England,West Suffolk,Conventional crop,1,Patch,Unknown/Other,False
2208,W00004151,2019-07-08,2019,SA48,Wales,Ceredigion,Trial,1,Scattered through field,King Edward,False
2209,W00004201,2019-07-09,2019,WA14,England,Trafford,Conventional crop,1,Patch,Brooke,False
2210,W00004185,2019-07-09,2019,DD8,Scotland,Angus,Conventional crop,1,Patch,Maris Piper,False
2211,W00004219,2019-07-10,2019,CT3,England,Canterbury,Conventional crop,1,Very severe,Markies,False
2212,W00004193,2019-07-10,2019,IV12,Scotland,Highland,Volunteer,0,Scattered through field,Rooster,False
2213,W00004268,2019-07-10,2019,PH2,Scotland,Perth and Kinross,Conventional crop,1,Patch,King Edward,False
2214,W00004227,2019-07-11,2019,NR11,England,North Norfolk,Conventional crop,1,Very severe,Maris Piper,False
2215,W00004375,2019-07-11,2019,LL18,Wales,Denbighshire,Garden/Allotment,0,Several patches,Unknown/Other,False
2216,W00004235,2019-07-14,2019,YO60,England,North Yorkshire,Conventional crop,1,Scattered through field,Olympus,False
2217,W00004250,2019-07-15,2019,PE20,England,Boston,Conventional crop,1,Scattered through field,Valor,False
2218,W00004326,2019-07-16,2019,AB41,Scotland,Aberdeenshire,Garden/Allotment,0,Scattered through field,Rooster,False
2220,W00004318,2019-07-17,2019,SA48,Wales,Ceredigion,Organic crop,1,Scattered through field,Milva,False
2219,W00004292,2019-07-17,2019,PR4,England,Fylde,Volunteer,0,Scattered through field,Unknown/Other,False
2221,W00004276,2019-07-18,2019,CO7,England,Tendring,Conventional crop,1,Patch,Shepody,False
2222,W00004359,2019-07-19,2019,IP24,England,Breckland,Conventional crop,1,Patch,Maris Piper,False
2223,W00004342,2019-07-22,2019,NR9,England,South Norfolk,Garden/Allotment,0,Very severe,Picasso,False
2224,W00004334,2019-07-22,2019,LL57,Wales,Gwynedd,Organic crop,1,Several patches,Charlotte,False
2225,W00004367,2019-07-24,2019,BS3,England,Bristol,Garden/Allotment,0,Scattered through field,Picasso,False
2226,W00004391,2019-07-27,2019,LL55,Wales,Gwynedd,Organic crop,1,Scattered through field,Desiree,False
2227,W00004557,2019-07-29,2019,TQ13,England,Teignbridge,Organic crop,1,Very severe,Orla,False
2230,W00004490,2019-07-30,2019,DD8,Scotland,Angus,Conventional crop,1,Patch,Maris Piper,False
2231,W00004524,2019-07-30,2019,EH41,Scotland,East Lothian,Conventional crop,1,Scattered through field,King Edward,False
2228,W00004383,2019-07-30,2019,DD2,Scotland,Dundee City,Trial,1,Several patches,Unknown/Other,False
2229,W00004482,2019-07-30,2019,DD8,Scotland,Angus,Conventional crop,1,Scattered through field,Saxon,False
2232,W00004474,2019-07-31,2019,WA11,England,St. Helens,Volunteer,0,Very severe,Unknown/Other,False
2233,Eurofins19007,2019-08-01,2019,WN6,England,West Lancashire,Trial,1,Scattered through field,Maris Piper,False
2234,Eurofins19008,2019-08-01,2019,WN6,England,West Lancashire,Trial,1,Scattered through field,Maris Piper,False
2235,W00004425,2019-08-01,2019,DD2,Scotland,Dundee City,Garden/Allotment,0,Patch,Unknown/Other,False
2236,W00004433,2019-08-01,2019,PH13,Scotland,Perth and Kinross,Volunteer,0,Unknown/Other,Unknown/Other,False
2237,W00004441,2019-08-01,2019,PH13,Scotland,Perth and Kinross,Conventional crop,1,Scattered through field,King Edward,False
2238,W00004458,2019-08-01,2019,KY15,Scotland,Fife,Volunteer,0,Unknown/Other,Estima,False
2239,W00004466,2019-08-01,2019,KY1,Scotland,Fife,Conventional crop,1,Several patches,Maris Piper,False
2240,W00004599,2019-08-01,2019,LL53,Wales,Gwynedd,Organic crop,1,Several patches,Jelly,False
2241,W00004615,2019-08-02,2019,HR2,England,Herefordshire,Organic crop,1,Very severe,Alouette,False
2242,W00004508,2019-08-02,2019,KY14,Scotland,Fife,Conventional crop,1,Scattered through field,Saxon,False
2243,W00004581,2019-08-04,2019,PH1,Scotland,Perth and Kinross,Garden/Allotment,0,Patch,Sharpes Express,False
2244,W00004607,2019-08-05,2019,PR4,England,Fylde,Conventional crop,1,Several patches,Wilja,False
2245,W00004730,2019-08-05,2019,WA13,England,Warrington,Conventional crop,1,Patch,Brooke,False
2246,W00004888,2019-08-06,2019,LN4,England,North Kesteven,Organic crop,1,Patch,Nemo,False
2247,MSC_19_012,2019-08-06,2019,DD3,Scotland,Dundee City,Garden/Allotment,0,Unknown/Other,Rooster,False
2248,W00004532,2019-08-06,2019,DD2,Scotland,Dundee City,Trial,1,Scattered through field,Maris Piper,False
2249,W00004540,2019-08-06,2019,PH2,Scotland,Perth and Kinross,Conventional crop,1,Single plant,Cultra,False
2250,W00004631,2019-08-06,2019,AB23,Scotland,Aberdeenshire,Garden/Allotment,0,Patch,Foxton,False
2254,Eurofins19004,2019-08-08,2019,DE73,England,South Derbyshire,Trial,1,Scattered through field,Maris Piper,False
2253,Eurofins19006,2019-08-08,2019,DE73,England,North West Leicestershire,Trial,1,Scattered through field,Desiree,False
2255,W00004623,2019-08-08,2019,KY15,Scotland,Fife,Garden/Allotment,0,Patch,Unknown/Other,False
2251,W00004656,2019-08-08,2019,WA4,England,Warrington,Conventional crop,1,Patch,Pirol,False
2252,Eurofins19005,2019-08-08,2019,DE73,England,South Derbyshire,Trial,1,Scattered through field,Melody,False
2256,W00004649,2019-08-09,2019,PH1,Scotland,Perth and Kinross,Conventional crop,1,Very severe,Daisy,False
2257,W00004664,2019-08-09,2019,IV30,Scotland,Moray,Organic crop,1,Scattered through field,Rooster,False
2258,W00004672,2019-08-09,2019,IV30,Scotland,Moray,Organic crop,1,Scattered through field,Lady Balfour,False
2259,W00004706,2019-08-09,2019,IV2,Scotland,Highland,Organic crop,1,Scattered through field,Lady Balfour,False
2260,W00004748,2019-08-09,2019,IV2,Scotland,Highland,Organic crop,1,Scattered through field,Lady Balfour,False
2261,W00004755,2019-08-09,2019,IV2,Scotland,Highland,Organic crop,1,Scattered through field,Lady Balfour,False
2262,W00004763,2019-08-09,2019,SA33,Wales,Carmarthenshire,Garden/Allotment,0,Unknown/Other,Rocket,False
2263,W00004680,2019-08-10,2019,KY13,Scotland,Perth and Kinross,Conventional crop,1,Patch,Saxon,False
2264,W00004771,2019-08-11,2019,LL33,Wales,Conwy,Trial,1,Scattered through field,Orchestra,False
2265,W00004698,2019-08-12,2019,DD9,Scotland,Angus,Conventional crop,1,Several patches,Maris Piper,False
2266,W00004797,2019-08-12,2019,IV30,Scotland,Moray,Organic crop,1,Very severe,Rooster,False
2274,W00005000,2019-08-13,2019,AB53,Scotland,Aberdeenshire,Conventional crop,1,Scattered through field,King Edward,False
2272,W00004839,2019-08-13,2019,AB21,Scotland,Aberdeen City,Garden/Allotment,0,Patch,Unknown/Other,False
2275,W00008509,2019-08-13,2019,AB53,Scotland,Aberdeenshire,Conventional crop,1,Scattered through field,King Edward,False
2271,W00004813,2019-08-13,2019,AB45,Scotland,Aberdeenshire,Conventional crop,1,Scattered through field,King Edward,False
2273,W00004987,2019-08-13,2019,AB45,Scotland,Aberdeenshire,Conventional crop,1,Scattered through field,King Edward,False
2269,W00004821,2019-08-13,2019,PE12,England,South Holland,Dump,0,Single plant,Unknown/Other,False
2270,W00004805,2019-08-13,2019,AB45,Scotland,Aberdeenshire,Conventional crop,1,Scattered through field,Alexandra,False
2268,W00004789,2019-08-13,2019,NR4,England,Norwich,Trial,1,Very severe,Maris Piper,False
2267,W00004722,2019-08-13,2019,PE22,England,Boston,Volunteer,0,Several patches,Maris Piper,False
2277,W00004854,2019-08-14,2019,YO8,England,North Yorkshire,Volunteer,0,Unknown/Other,Unknown/Other,False
2278,W00004896,2019-08-14,2019,DN14,England,East Riding of Yorkshire,Volunteer,0,Unknown/Other,Panther,False
2280,W00008491,2019-08-14,2019,CB23,England,South Cambridgeshire,Garden/Allotment,0,Scattered through field,Unknown/Other,False
2281,W00004995,2019-08-14,2019,IV32,Scotland,Moray,Conventional crop,1,Scattered through field,King Edward,False
2290,W00004979,2019-08-15,2019,DD9,Scotland,Angus,Conventional crop,1,Scattered through field,Marfona,False
2289,W00004961,2019-08-15,2019,KY1,Scotland,Fife,Volunteer,0,Scattered through field,Maris Piper,False
2288,W00004953,2019-08-15,2019,KY8,Scotland,Fife,Volunteer,0,Scattered through field,Rooster,False
2287,W00004946,2019-08-15,2019,DD8,Scotland,Angus,Volunteer,0,Scattered through field,Rooster,False
2284,W00004870,2019-08-15,2019,DD8,Scotland,Angus,Conventional crop,1,Scattered through field,Cabaret,False
2285,W00004920,2019-08-15,2019,DD11,Scotland,Angus,Conventional crop,1,Scattered through field,Rooster,False
2283,W00004862,2019-08-15,2019,DD10,Scotland,Angus,Conventional crop,1,Scattered through field,Russet Burbank,False
2282,W00004912,2019-08-15,2019,LN11,England,East Lindsey,Volunteer,0,Unknown/Other,Unknown/Other,False
2286,W00004938,2019-08-15,2019,KY15,Scotland,Fife,Volunteer,0,Scattered through field,King Edward,False
2291,W00008517,2019-08-16,2019,PH9,Scotland,Perth and Kinross,Conventional crop,1,Scattered through field,Alexandra,False
2292,W00005018,2019-08-18,2019,DD2,Scotland,Dundee City,Garden/Allotment,0,Very severe,Unknown/Other,False
2299,W00008574,2019-08-19,2019,KY16,Scotland,Fife,Conventional crop,1,Unknown/Other,Manhattan,False
2300,W00008632,2019-08-19,2019,DD9,Scotland,Angus,Conventional crop,1,Unknown/Other,King Edward,False
2298,W00008558,2019-08-19,2019,KY14,Scotland,Fife,Conventional crop,1,Scattered through field,Kingsman,False
2297,W00008533,2019-08-19,2019,KY15,Scotland,Fife,Conventional crop,1,Scattered through field,Maris Piper,False
2295,W00008699,2019-08-19,2019,DY10,England,Wyre Forest,Conventional crop,1,Scattered through field,Maris Piper,False
2294,W00008640,2019-08-19,2019,WS13,England,Lichfield,Conventional crop,1,Several patches,Alvestone Russett,False
2293,W00008624,2019-08-19,2019,SY4,England,Shropshire,Volunteer,0,Unknown/Other,Unknown/Other,False
2296,W00008947,2019-08-19,2019,YO7,England,North Yorkshire,Volunteer,0,Unknown/Other,Unknown/Other,False
2307,W00008715,2019-08-20,2019,PH1,Scotland,Perth and Kinross,Conventional crop,1,Scattered through field,Belmonda,False
2301,W00008426,2019-08-20,2019,IP31,England,Mid Suffolk,Conventional crop,1,Patch,Maris Piper,False
2302,W00008657,2019-08-20,2019,TF6,England,Telford and Wrekin,Conventional crop,1,Several patches,Unknown/Other,False
2303,W00008459,2019-08-20,2019,EH32,Scotland,East Lothian,Volunteer,0,Scattered through field,Maris Piper,False
2304,W00008525,2019-08-20,2019,PH1,Scotland,Perth and Kinross,Conventional crop,1,Scattered through field,King Edward,False
2305,W00008541,2019-08-20,2019,DD9,Scotland,Angus,Conventional crop,1,Several patches,Maris Piper,False
2306,W00008673,2019-08-20,2019,EH22,Scotland,Midlothian,Conventional crop,1,Scattered through field,Sylvana,False
2316,W00008665,2019-08-21,2019,DD10,Scotland,Angus,Conventional crop,1,Scattered through field,Maris Piper,False
2315,W00008608,2019-08-21,2019,KY15,Scotland,Fife,Volunteer,0,Unknown/Other,Cultra,False
2314,W00008590,2019-08-21,2019,KY15,Scotland,Fife,Volunteer,0,Unknown/Other,Bute,False
2313,W00008582,2019-08-21,2019,KY6,Scotland,Fife,Volunteer,0,Unknown/Other,Unknown/Other,False
2309,W00008442,2019-08-21,2019,WS15,England,Cannock Chase,Conventional crop,1,Several patches,Lady Rosetta,False
2311,W00008467,2019-08-21,2019,EH39,Scotland,East Lothian,Volunteer,0,Scattered through field,Maris Piper,False
2310,W00008483,2019-08-21,2019,WA4,England,Warrington,Conventional crop,1,Very severe,Lady Rosetta,False
2308,W00008434,2019-08-21,2019,DN4,England,Doncaster,Volunteer,0,Several patches,Lady Rosetta,False
2317,W00008962,2019-08-21,2019,LL53,Wales,Gwynedd,Organic crop,1,Very severe,Unknown/Other,False
2312,W00008475,2019-08-21,2019,EH42,Scotland,East Lothian,Conventional crop,1,Patch,Sapphire,False
2327,W00008939,2019-08-22,2019,DD10,Scotland,Angus,Conventional crop,1,Scattered through field,Charlotte,False
2326,W00008921,2019-08-22,2019,DD10,Scotland,Angus,Conventional crop,1,Scattered through field,Maris Piper,False
2328,W00008954,2019-08-22,2019,DD9,Scotland,Angus,Conventional crop,1,Several patches,King Edward,False
2325,W00008749,2019-08-22,2019,AB45,Scotland,Aberdeenshire,Conventional crop,1,Very severe,Maris Piper,False
2324,W00008731,2019-08-22,2019,IV30,Scotland,Moray,Organic crop,1,Scattered through field,Valor,False
2323,W00008830,2019-08-22,2019,DE73,England,South Derbyshire,Trial,1,Very severe,Maris Piper,False
2322,W00008822,2019-08-22,2019,DE73,England,South Derbyshire,Trial,1,Very severe,Maris Piper,False
2321,W00008814,2019-08-22,2019,DE73,England,South Derbyshire,Trial,1,Very severe,Maris Piper,False
2320,W00008806,2019-08-22,2019,DE73,England,South Derbyshire,Trial,1,Very severe,Maris Piper,False
2318,W00008681,2019-08-22,2019,TF9,England,Shropshire,Conventional crop,1,Scattered through field,Maris Piper,False
2329,W00009093,2019-08-23,2019,CV22,England,Rugby,Conventional crop,1,Scattered through field,Unknown/Other,False
2330,W00008723,2019-08-23,2019,DD2,Scotland,Dundee City,Trial,1,Patch,Maris Piper,False
2331,W00008772,2019-08-23,2019,KY10,Scotland,Fife,Conventional crop,1,Several patches,Maris Piper,False
2332,W00008848,2019-08-23,2019,DD8,Scotland,Angus,Conventional crop,1,Very severe,Kingsman,False
2333,W00008855,2019-08-23,2019,DD8,Scotland,Angus,Volunteer,0,Very severe,Unknown/Other,False
2334,W00008863,2019-08-23,2019,DD8,Scotland,Angus,Volunteer,0,Very severe,Unknown/Other,False
2335,W00008871,2019-08-23,2019,DD8,Scotland,Angus,Volunteer,0,Very severe,Unknown/Other,False
2338,W00008764,2019-08-24,2019,KY8,Scotland,Fife,Conventional crop,1,Scattered through field,Rooster,False
2336,W00008780,2019-08-24,2019,LN13,England,East Lindsey,Garden/Allotment,0,Patch,Manitou,False
2337,W00009044,2019-08-24,2019,GU23,England,Guildford,Garden/Allotment,0,Patch,Setanta,False
2339,W00008756,2019-08-26,2019,KY8,Scotland,Fife,Conventional crop,1,Scattered through field,Rooster,False
2340,W00008889,2019-08-26,2019,PH2,Scotland,Perth and Kinross,Conventional crop,1,Scattered through field,Maris Piper,False
2341,W00008897,2019-08-26,2019,PH2,Scotland,Perth and Kinross,Conventional crop,1,Scattered through field,King Edward,False
2342,W00009002,2019-08-26,2019,KY15,Scotland,Fife,Conventional crop,1,Scattered through field,Manhattan,False
2343,W00008970,2019-08-27,2019,TN10,England,Tonbridge and Malling,Conventional crop,1,Single plant,Maris Piper,False
2344,W00009069,2019-08-27,2019,WA11,England,St. Helens,Conventional crop,1,Patch,Maris Piper,False
2345,W00008996,2019-08-27,2019,DD10,Scotland,Angus,Conventional crop,1,Scattered through field,Daisy,False
2346,W00009051,2019-08-27,2019,AB53,Scotland,Aberdeenshire,Conventional crop,1,Scattered through field,Russet Burbank,False
2347,W00009036,2019-08-29,2019,LN9,England,East Lindsey,Conventional crop,1,Scattered through field,Unknown/Other,False
2348,W00009085,2019-08-30,2019,AB45,Scotland,Aberdeenshire,Volunteer,0,Scattered through field,Unknown/Other,False
2350,W00009077,2019-09-01,2019,SA33,Wales,Carmarthenshire,Dump,0,Patch,Wilja,False
2349,W00009127,2019-09-01,2019,PH10,Scotland,Perth and Kinross,Volunteer,0,Very severe,Unknown/Other,False
2351,W00009150,2019-09-02,2019,DD2,Scotland,Dundee City,Volunteer,0,Scattered through field,Unknown/Other,False
2352,W00009101,2019-09-03,2019,AB53,Scotland,Aberdeenshire,Conventional crop,1,Very severe,Unknown/Other,False
2353,W00009119,2019-09-03,2019,AB55,Scotland,Moray,Conventional crop,1,Scattered through field,Isle of Jura,False
2354,W00009184,2019-09-05,2019,PH2,Scotland,Perth and Kinross,Conventional crop,1,Very severe,Rooster,False
2355,W00009192,2019-09-06,2019,PH2,Scotland,Perth and Kinross,Conventional crop,1,Very severe,Maris Piper,False
2356,W00009200,2019-09-06,2019,PH2,Scotland,Perth and Kinross,Conventional crop,1,Very severe,Maris Piper,False
2357,W00009176,2019-09-09,2019,NE43,England,Northumberland,Trial,1,Very severe,Unknown/Other,False
2358,W00009168,2019-09-09,2019,EH34,Scotland,East Lothian,Conventional crop,1,Scattered through field,Maris Piper,False
2359,W00009242,2019-09-10,2019,AB30,Scotland,Aberdeenshire,Conventional crop,1,Unknown/Other,Rooster,False
2360,W00009234,2019-09-10,2019,LL56,Wales,Gwynedd,Garden/Allotment,0,Single plant,Unknown/Other,False
2363,W00009226,2019-09-12,2019,PE22,England,Boston,Conventional crop,1,Several patches,Maris Piper,False
2361,W00009143,2019-09-12,2019,LN1,England,West Lindsey,Garden/Allotment,0,Patch,Unknown/Other,False
2362,W00009218,2019-09-12,2019,PE22,England,Boston,Trial,1,Several patches,Melody,False
2364,W00009267,2019-09-15,2019,LL33,Wales,Conwy,Trial,1,Patch,Unknown/Other,False
2366,W00009283,2019-09-23,2019,PE12,England,South Holland,Conventional crop,1,Unknown/Other,Melody,False
2367,W00009291,2019-09-23,2019,PE6,England,South Kesteven,Dump,0,Several patches,Agria,False
2368,W00009317,2019-09-26,2019,PE22,England,Boston,Trial,1,Unknown/Other,Melody,False
2369,W00009325,2019-10-08,2019,TN10,England,Tonbridge and Malling,Conventional crop,1,Patch,Maris Piper,False
2370,W00009333,2019-10-08,2019,TF10,England,Telford and Wrekin,Volunteer,0,Single plant,Pentland Dell,False
2372,W00009358,2019-10-09,2019,AB53,Scotland,Aberdeenshire,Volunteer,0,Scattered through field,Unknown/Other,False
2371,W00009341,2019-10-09,2019,TD4,Scotland,Scottish Borders,Volunteer,0,Scattered through field,Unknown/Other,False
2373,W00009374,2019-10-16,2019,CV37,England,Stratford-on-Avon,Conventional crop,1,Very severe,Marfona,False
2375,W00009498,2020-06-26,2020,IV12,Scotland,Highland,Organic crop,1,Single plant,Lady Balfour,False
2376,W00009555,2020-07-07,2020,SY4,England,Shropshire,Unknown/Other,0,Patch,Unknown/Other,False
2378,W00009902,2020-07-09,2020,KA6,Scotland,South Ayrshire,Volunteer,0,Several patches,Shepody,False
2377,W00009563,2020-07-09,2020,CT13,England,Dover,Dump,0,Several patches,Unknown/Other,False
2379,W00009605,2020-07-14,2020,IV12,Scotland,Highland,Conventional crop,1,Scattered through field,Charlotte,False
2380,W00009613,2020-07-15,2020,WA4,England,Warrington,Conventional crop,1,Scattered through field,Lady Rosetta,False
2381,W00009647,2020-07-15,2020,WA4,England,Warrington,Conventional crop,1,Scattered through field,Lady Rosetta,False
2382,W00009720,2020-07-15,2020,PH13,Scotland,Perth and Kinross,Conventional crop,1,Scattered through field,Rocket,False
2383,W00009621,2020-07-16,2020,SA48,Wales,Ceredigion,Unknown/Other,0,Unknown/Other,King Edward,False
2384,W00009639,2020-07-16,2020,SA48,Wales,Ceredigion,Unknown/Other,0,Unknown/Other,Unknown/Other,False
2385,W00009654,2020-07-21,2020,PE37,England,Breckland,Organic crop,1,Scattered through field,Bambino,False
2386,W00009688,2020-07-23,2020,NR11,England,North Norfolk,Conventional crop,1,Patch,Lanorma,False
2387,W00009670,2020-07-23,2020,LL33,Wales,Conwy,Trial,1,Several patches,Orchestra,False
2389,W00009704,2020-07-24,2020,WS15,England,Cannock Chase,Dump,0,Single plant,Unknown/Other,False
2388,W00009696,2020-07-24,2020,B79,England,Tamworth,Volunteer,0,Scattered through field,Unknown/Other,False
2390,W00009829,2020-07-28,2020,AB41,Scotland,Aberdeenshire,Garden/Allotment,0,Scattered through field,Jazzy,False
2391,W00009837,2020-07-28,2020,AB41,Scotland,Aberdeenshire,Garden/Allotment,0,Scattered through field,Burren,False
2392,W00009712,2020-07-29,2020,NR4,England,Norwich,Trial,1,Scattered through field,Desiree,False
2393,W00009738,2020-07-30,2020,IP10,England,East Suffolk,Organic crop,1,Patch,Unknown/Other,False
2394,W00009761,2020-08-03,2020,LL53,Wales,Gwynedd,Organic crop,1,Several patches,Charlotte,False
2395,W00009779,2020-08-03,2020,LL57,Wales,Gwynedd,Conventional crop,1,Scattered through field,Lady Balfour,False
2396,W00009787,2020-08-03,2020,LL57,Wales,Gwynedd,Garden/Allotment,0,Scattered through field,Pink Fir Apple,False
2397,W00009845,2020-08-05,2020,NR9,England,South Norfolk,Volunteer,0,Single plant,Unknown/Other,False
2398,W00009928,2020-08-05,2020,LN13,England,East Lindsey,Trial,1,Several patches,Agria,False
2399,W00009811,2020-08-05,2020,SY25,Wales,Ceredigion,Volunteer,0,Scattered through field,Unknown/Other,False
2400,W00009936,2020-08-08,2020,PR4,England,Fylde,Volunteer,0,Patch,Manhattan,False
2404,W00009969,2020-08-11,2020,LL55,Wales,Gwynedd,Garden/Allotment,0,Scattered through field,Sunset,False
2403,W00009878,2020-08-11,2020,LL61,Wales,Isle of Anglesey,Conventional crop,1,Scattered through field,Nadine,False
2402,W00009860,2020-08-11,2020,TA3,England,Somerset,Garden/Allotment,0,Single plant,Sensation,False
2405,W00009886,2020-08-12,2020,PE22,England,Boston,Conventional crop,1,Patch,Melody,False
2406,W00009746,2020-08-12,2020,ZE2,Scotland,Shetland Islands,Conventional crop,1,Unknown/Other,Kerrs Pink,False
2407,W00009753,2020-08-12,2020,ZE2,Scotland,Shetland Islands,Conventional crop,1,Unknown/Other,Setanta,False
2408,W00009894,2020-08-13,2020,NR4,England,Norwich,Trial,1,Scattered through field,Hermes,False
2409,Eurofins20001,2020-08-15,2020,DE73,England,South Derbyshire,Trial,1,Unknown/Other,Maris Piper,False
2410,Eurofins20002,2020-08-15,2020,DE73,England,South Derbyshire,Trial,1,Unknown/Other,Maris Piper,False
2411,Eurofins20003,2020-08-15,2020,DE73,England,South Derbyshire,Trial,1,Unknown/Other,Maris Piper,False
2412,Eurofins20004,2020-08-15,2020,DE73,England,South Derbyshire,Trial,1,Unknown/Other,Maris Piper,False
2413,Eurofins20005,2020-08-15,2020,SY5,England,Shropshire,Trial,1,Unknown/Other,Maris Piper,False
2414,Eurofins20006,2020-08-15,2020,SY5,England,Shropshire,Trial,1,Unknown/Other,Maris Piper,False
2415,W00009944,2020-08-18,2020,LL56,Wales,Gwynedd,Garden/Allotment,0,Patch,Swift,False
2416,W00009977,2020-08-22,2020,LL33,Wales,Conwy,Garden/Allotment,0,Patch,Blue Danube,False
2417,W00009985,2020-08-22,2020,LL33,Wales,Conwy,Dump,0,Patch,Unknown/Other,False
2418,W00009993,2020-08-24,2020,LL66,Wales,Isle of Anglesey,Garden/Allotment,0,Very severe,Picasso,False
2419,W00010009,2020-08-24,2020,LL66,Wales,Isle of Anglesey,Garden/Allotment,0,Very severe,Wilja,False
2420,W00010025,2020-08-24,2020,LL66,Wales,Isle of Anglesey,Garden/Allotment,0,Very severe,Sharpes Express,False
2421,W00010017,2020-08-25,2020,DD2,Scotland,Dundee City,Garden/Allotment,0,Scattered through field,Unknown/Other,False
2422,W00010066,2020-08-25,2020,PH1,Scotland,Perth and Kinross,Organic crop,1,Very severe,Bambino,False
2423,W00010074,2020-08-25,2020,PH1,Scotland,Perth and Kinross,Organic crop,1,Scattered through field,Unknown/Other,False
2424,W00010033,2020-08-25,2020,LL57,Wales,Gwynedd,Garden/Allotment,0,Several patches,Unknown/Other,False
2425,W00010041,2020-08-26,2020,KY15,Scotland,Fife,Volunteer,0,Scattered through field,Rooster,False
2426,W00010058,2020-08-28,2020,IV30,Scotland,Moray,Organic crop,1,Scattered through field,Rooster,False
2429,W00010132,2020-09-03,2020,KY13,Scotland,Perth and Kinross,Volunteer,0,Scattered through field,Unknown/Other,False
2428,W00010124,2020-09-03,2020,KY15,Scotland,Fife,Volunteer,0,Scattered through field,Manhattan,False
2427,W00010116,2020-09-03,2020,DD8,Scotland,Angus,Volunteer,0,Scattered through field,Rooster,False
2431,W00010140,2020-09-07,2020,YO43,England,East Riding of Yorkshire,Conventional crop,1,Single plant,Royal,False
2432,W00010157,2020-09-07,2020,L39,England,West Lancashire,Conventional crop,1,Very severe,Melody,False
2433,W00010165,2020-09-08,2020,PE32,England,King's Lynn and West Norfolk,Conventional crop,1,Single plant,Annabelle,False
2434,W00010215,2020-09-11,2020,YO17,England,North Yorkshire,Garden/Allotment,0,Patch,Arran Victory,False
2435,W00010173,2020-09-11,2020,DD11,Scotland,Angus,Volunteer,0,Scattered through field,Maris Peer,False
2436,W00010181,2020-09-11,2020,DD11,Scotland,Angus,Volunteer,0,Scattered through field,Markies,False
2437,W00010199,2020-09-11,2020,KY8,Scotland,Fife,Volunteer,0,Scattered through field,Rooster,False
2438,W00010207,2020-09-11,2020,KY8,Scotland,Fife,Volunteer,0,Scattered through field,Rooster,False
2442,W00010314,2020-09-16,2020,PR4,England,Fylde,Volunteer,0,Scattered through field,Unknown/Other,False
2441,W00010256,2020-09-16,2020,TF11,England,Shropshire,Conventional crop,1,Scattered through field,Royal,False
2439,W00010223,2020-09-16,2020,PE33,England,King's Lynn and West Norfolk,Volunteer,0,Scattered through field,Unknown/Other,False
2440,W00010249,2020-09-16,2020,PE22,England,Boston,Trial,1,Several patches,Melody,False
2443,W00010264,2020-09-17,2020,PH2,Scotland,Perth and Kinross,Volunteer,0,Scattered through field,Rooster,False
2444,W00010272,2020-09-17,2020,PH2,Scotland,Perth and Kinross,Volunteer,0,Scattered through field,King Edward,False
2445,W00010280,2020-09-17,2020,DD8,Scotland,Angus,Volunteer,0,Scattered through field,Maris Piper,False
2446,W00010298,2020-09-17,2020,PH13,Scotland,Perth and Kinross,Volunteer,0,Unknown/Other,Maris Piper,False
2447,W00010306,2020-09-17,2020,KY10,Scotland,Fife,Volunteer,0,Several patches,Unknown/Other,False
2448,W00010348,2020-09-22,2020,NR17,England,Breckland,Volunteer,0,Scattered through field,Asterix,False
2450,W00010355,2020-09-23,2020,SY11,England,Shropshire,Volunteer,0,Scattered through field,Unknown/Other,False
2451,W00010447,2020-09-27,2020,PE12,England,South Holland,Conventional crop,1,Scattered through field,Melody,False
2452,W00010439,2020-09-29,2020,PE11,England,South Holland,Conventional crop,1,Scattered through field,Melody,False
2453,W00010413,2020-09-30,2020,PE33,England,King's Lynn and West Norfolk,Volunteer,0,Scattered through field,Unknown/Other,False
2454,W00010421,2020-10-03,2020,IP12,England,East Suffolk,Conventional crop,1,Scattered through field,Bambino,False
2455,ADAS_20_D3,2020-10-05,2020,DY11,England,South Staffordshire,Trial,1,Unknown/Other,Unknown/Other,False
2456,W00010454,2020-10-14,2020,NR12,England,North Norfolk,Dump,0,Several patches,Unknown/Other,False
2457,W00010462,2020-10-23,2020,CT14,England,Dover,Dump,0,Patch,Unknown/Other,False
2459,W00010496,2020-10-25,2020,SY23,Wales,Ceredigion,Trial,1,Very severe,Kerrs Pink,False
2460,W00010512,2020-10-28,2020,IP27,England,West Suffolk,Volunteer,0,Scattered through field,Unknown/Other,False
2461,W00010520,2020-11-03,2020,IP24,England,Breckland,Volunteer,0,Scattered through field,Maris Piper,False
2462,W00010538,2020-11-04,2020,CT9,England,Thanet,Volunteer,0,Scattered through field,Unknown/Other,False
2463,W00010546,2020-11-09,2020,IP26,England,King's Lynn and West Norfolk,Volunteer,0,Very severe,Gemson,False
2464,W00010587,2020-11-24,2020,TR11,England,Cornwall,Volunteer,0,Patch,Unknown/Other,False
2465,W00010602,2021-05-26,2021,CT12,England,Thanet,Conventional crop,1,Several patches,Maris Peer,False
2466,W00010636,2021-06-21,2021,TR13,England,Cornwall,Volunteer,0,Patch,Jazzy,False
2468,W00010651,2021-06-26,2021,IP12,England,East Suffolk,Organic crop,1,Patch,Bambino,False
2467,W00010644,2021-06-26,2021,NR12,England,North Norfolk,Conventional crop,1,Several patches,Alexandra,False
2469,W00010685,2021-06-28,2021,NR11,England,North Norfolk,Conventional crop,1,Scattered through field,Unknown/Other,False
2470,W00010693,2021-06-28,2021,NR11,England,North Norfolk,Conventional crop,1,Patch,Unknown/Other,False
2471,W00010727,2021-06-29,2021,TR19,England,Cornwall,Conventional crop,1,Several patches,Taurus,False
2472,W00010743,2021-07-02,2021,NR9,England,South Norfolk,Conventional crop,1,Scattered through field,Shepody,False
2473,W00010768,2021-07-02,2021,SA73,Wales,Pembrokeshire,Conventional crop,1,Patch,Sunita,False
2474,W00010776,2021-07-05,2021,CT3,England,Canterbury,Dump,0,Patch,King Edward,False
2475,W00010784,2021-07-06,2021,IP28,England,West Suffolk,Conventional crop,1,Scattered through field,Maris Piper,False
2476,W00010792,2021-07-06,2021,IP28,England,West Suffolk,Conventional crop,1,Scattered through field,Maris Piper,False
2477,W00010800,2021-07-06,2021,IP31,England,West Suffolk,Conventional crop,1,Scattered through field,Shepody,False
2478,W00010818,2021-07-07,2021,SA73,Wales,Pembrokeshire,Unknown/Other,0,Scattered through field,Sunita,False
2479,W00010834,2021-07-10,2021,PE32,England,Breckland,Conventional crop,1,Scattered through field,Maris Piper,False
2480,W00010842,2021-07-10,2021,IP24,England,Breckland,Conventional crop,1,Patch,Lanorma,False
2482,W00010875,2021-07-12,2021,NR9,England,South Norfolk,Organic crop,1,Scattered through field,Triplo,False
2481,W00010859,2021-07-12,2021,CT14,England,Dover,Dump,0,Patch,Unknown/Other,False
2483,W00010883,2021-07-12,2021,NR9,England,South Norfolk,Organic crop,1,Scattered through field,Orla,False
2485,W00010909,2021-07-13,2021,IP31,England,Mid Suffolk,Conventional crop,1,Scattered through field,Shepody,False
2484,W00010891,2021-07-13,2021,CB23,England,South Cambridgeshire,Garden/Allotment,0,Scattered through field,Kestrel,False
2486,W00010917,2021-07-13,2021,CT3,England,Canterbury,Conventional crop,1,Patch,Markies,False
2488,W00010974,2021-07-14,2021,NR10,England,Broadland,Conventional crop,1,Scattered through field,Unknown/Other,False
2487,W00010933,2021-07-14,2021,CB23,England,South Cambridgeshire,Garden/Allotment,0,Several patches,Maris Piper,False
2489,W00010982,2021-07-15,2021,LE10,England,Hinckley and Bosworth,Volunteer,0,Scattered through field,Unknown/Other,False
2490,W00010966,2021-07-15,2021,LL55,Wales,Gwynedd,Organic crop,1,Patch,Casablanca,False
2491,W00010990,2021-07-19,2021,CT3,England,Canterbury,Conventional crop,1,Scattered through field,Melody,False
2492,W00011014,2021-07-19,2021,L39,England,West Lancashire,Volunteer,0,Scattered through field,Harmony,False
2493,W00011048,2021-07-20,2021,IP31,England,West Suffolk,Trial,1,Very severe,Pentland Dell,False
2494,W00011063,2021-07-20,2021,PE31,England,King's Lynn and West Norfolk,Trial,1,Scattered through field,Unknown/Other,False
2495,W00011105,2021-07-20,2021,TF11,England,Shropshire,Organic crop,1,Several patches,Unknown/Other,False
2496,W00011147,2021-07-20,2021,DY11,England,Wyre Forest,Trial,1,Patch,King Edward,False
2497,W00011030,2021-07-20,2021,LL33,Wales,Gwynedd,Trial,1,Single plant,Desiree,False
2499,W00011212,2021-07-21,2021,LN6,England,North Kesteven,Garden/Allotment,0,Patch,Manitou,False
2500,W00011139,2021-07-21,2021,SA62,Wales,Pembrokeshire,Conventional crop,1,Scattered through field,Cara,False
2498,W00011097,2021-07-21,2021,IP17,England,East Suffolk,Conventional crop,1,Patch,Maris Piper,False
2501,W00011113,2021-07-22,2021,CM3,England,Chelmsford,Conventional crop,1,Several patches,King Edward,False
2502,W00011121,2021-07-22,2021,YO42,England,East Riding of Yorkshire,Conventional crop,1,Scattered through field,Brooke,False
2503,W00011220,2021-07-22,2021,CT3,England,Dover,Organic crop,1,Very severe,Twinner,False
2504,W00011154,2021-07-23,2021,PE31,England,King's Lynn and West Norfolk,Organic crop,1,Very severe,Triplo,False
2505,W00011428,2021-07-23,2021,IP21,England,South Norfolk,Conventional crop,1,Scattered through field,Malou,False
2506,W00011188,2021-07-25,2021,NR11,England,North Norfolk,Volunteer,0,Patch,Heraclea,False
2507,W00011196,2021-07-25,2021,LL57,Wales,Gwynedd,Organic crop,1,Scattered through field,Charlotte,False
2514,W00011436,2021-07-26,2021,CA4,England,Cumberland,Conventional crop,1,Several patches,Estima,False
2517,W00011279,2021-07-26,2021,SA48,Wales,Ceredigion,Conventional crop,1,Scattered through field,Unknown/Other,False
2516,W00011204,2021-07-26,2021,SA48,Wales,Ceredigion,Conventional crop,1,Several patches,Fontane,False
2515,W00011345,2021-07-26,2021,DD9,Scotland,Angus,Conventional crop,1,Single plant,Marfona,False
2513,W00011410,2021-07-26,2021,CT3,England,Canterbury,Conventional crop,1,Patch,Agria,False
2511,W00011261,2021-07-26,2021,PR4,England,Fylde,Conventional crop,1,Very severe,Estima,False
2510,W00011253,2021-07-26,2021,WS15,England,Cannock Chase,Conventional crop,1,Scattered through field,Unknown/Other,False
2509,W00011246,2021-07-26,2021,CT7,England,Thanet,Conventional crop,1,Patch,Desiree,False
2508,W00011238,2021-07-26,2021,CT12,England,Thanet,Conventional crop,1,Single plant,King Edward,False
2512,W00011360,2021-07-26,2021,GU29,England,Chichester,Conventional crop,1,Several patches,Miranda,False
2524,W00011378,2021-07-27,2021,LL33,Wales,Gwynedd,Trial,1,Patch,Desiree,False
2518,W00011329,2021-07-27,2021,CM17,England,Harlow,Conventional crop,1,Scattered through field,Camel,False
2519,W00011337,2021-07-27,2021,CO9,England,Braintree,Garden/Allotment,0,Several patches,Maris Piper,False
2520,W00011352,2021-07-27,2021,PO20,England,Chichester,Garden/Allotment,0,Several patches,Charlotte,False
2521,W00011386,2021-07-27,2021,DN10,England,Bassetlaw,Conventional crop,1,Patch,Unknown/Other,False
2523,W00011451,2021-07-27,2021,PE37,England,Breckland,Organic crop,1,Scattered through field,Athlete,False
2528,W00011469,2021-07-28,2021,DD8,Scotland,Angus,Conventional crop,1,Scattered through field,Charlotte,False
2527,W00011493,2021-07-28,2021,PE6,England,South Holland,Conventional crop,1,Scattered through field,Picasso,False
2525,W00011444,2021-07-28,2021,PE13,England,Fenland,Volunteer,0,Single plant,Maris Piper,False
2526,W00011477,2021-07-28,2021,WN8,England,West Lancashire,Volunteer,0,Several patches,Unknown/Other,False
2529,W00011501,2021-07-29,2021,PE37,England,Breckland,Conventional crop,1,Scattered through field,Maris Peer,False
2530,W00011519,2021-07-29,2021,CM3,England,Chelmsford,Conventional crop,1,Patch,King Edward,False
2532,Eurofins21002,2021-07-30,2021,DE73,England,South Derbyshire,Trial,1,Scattered through field,Maris Piper,False
2531,Eurofins21001,2021-07-30,2021,DE73,England,South Derbyshire,Trial,1,Scattered through field,Melody,False
2533,W00011642,2021-07-30,2021,LL56,Wales,Gwynedd,Garden/Allotment,0,Patch,Unknown/Other,False
2534,W00011568,2021-07-31,2021,AB15,Scotland,Aberdeen City,Garden/Allotment,0,Patch,Kerrs Pink,False
2536,W00011584,2021-08-02,2021,PE6,England,South Kesteven,Volunteer,0,Scattered through field,Unknown/Other,False
2537,W00011592,2021-08-02,2021,PE11,England,South Holland,Conventional crop,1,Scattered through field,Wilja,False
2535,W00011576,2021-08-02,2021,HR8,England,Herefordshire,Conventional crop,1,Several patches,Unknown/Other,False
2538,W00011600,2021-08-03,2021,SY4,England,Shropshire,Conventional crop,1,Patch,Unknown/Other,False
2539,W00011618,2021-08-03,2021,SY4,England,Shropshire,Trial,1,Several patches,Unknown/Other,False
2540,W00011659,2021-08-04,2021,WA11,England,St. Helens,Conventional crop,1,Several patches,Maris Piper,False
2541,W00011667,2021-08-04,2021,TF6,England,Telford and Wrekin,Unknown/Other,0,Scattered through field,Unknown/Other,False
2542,W00011691,2021-08-04,2021,PE37,England,Breckland,Organic crop,1,Several patches,Maris Peer,False
2543,W00011675,2021-08-04,2021,DD11,Scotland,Angus,Conventional crop,1,Scattered through field,Baby Lou,False
2545,MSC_21_006,2021-08-05,2021,AL5,England,St Albans,Garden/Allotment,0,Scattered through field,Picasso,False
2546,W00011683,2021-08-05,2021,AB45,Scotland,Aberdeenshire,Garden/Allotment,0,Scattered through field,Duke of York,False
2547,W00011709,2021-08-06,2021,NR11,England,North Norfolk,Conventional crop,1,Patch,Lady Rosetta,False
2548,W00011717,2021-08-07,2021,PE12,England,South Holland,Conventional crop,1,Patch,Maris Piper,False
2555,W00011733,2021-08-09,2021,LL53,Wales,Gwynedd,Organic crop,1,Several patches,Sarpo Mira,False
2554,W00011725,2021-08-09,2021,LL53,Wales,Gwynedd,Garden/Allotment,0,Several patches,Colleen,False
2553,Eurofins21005,2021-08-09,2021,PR26,England,South Ribble,Trial,1,Scattered through field,Maris Piper,False
2550,W00011766,2021-08-09,2021,PE15,England,Fenland,Conventional crop,1,Scattered through field,Melody,False
2551,W00011790,2021-08-09,2021,DN9,England,North Lincolnshire,Conventional crop,1,Patch,Unknown/Other,False
2549,W00011758,2021-08-09,2021,PE15,England,Fenland,Conventional crop,1,Scattered through field,Melody,False
2552,W00011840,2021-08-09,2021,LN1,England,West Lindsey,Garden/Allotment,0,Single plant,Unknown/Other,False
2557,W00011808,2021-08-10,2021,IP26,England,Breckland,Conventional crop,1,Several patches,Maris Piper,False
2558,W00011816,2021-08-10,2021,IP30,England,Mid Suffolk,Conventional crop,1,Several patches,Soraya,False
2559,W00011824,2021-08-10,2021,IP31,England,West Suffolk,Conventional crop,1,Several patches,Russet Burbank,False
2560,W00011857,2021-08-10,2021,YO41,England,East Riding of Yorkshire,Conventional crop,1,Patch,Unknown/Other,False
2561,W00011865,2021-08-11,2021,WF9,England,Wakefield,Conventional crop,1,Patch,Unknown/Other,False
2562,W00011873,2021-08-11,2021,IP12,England,East Suffolk,Conventional crop,1,Patch,Lanorma,False
2565,W00011907,2021-08-12,2021,CB22,England,South Cambridgeshire,Trial,1,Very severe,Maris Piper,False
2564,W00011881,2021-08-12,2021,YO43,England,East Riding of Yorkshire,Conventional crop,1,Scattered through field,Melody,False
2566,W00011899,2021-08-13,2021,NR9,England,South Norfolk,Conventional crop,1,Patch,Soraya,False
2567,W00011915,2021-08-13,2021,CB7,England,East Cambridgeshire,Conventional crop,1,Several patches,Agria,False
2568,W00011949,2021-08-16,2021,CM8,England,Braintree,Conventional crop,1,Patch,King Edward,False
2569,W00011923,2021-08-16,2021,DD10,Scotland,Angus,Conventional crop,1,Scattered through field,King Edward,False
2570,W00011956,2021-08-17,2021,CB24,England,South Cambridgeshire,Garden/Allotment,0,Scattered through field,Cara,False
2571,W00011972,2021-08-17,2021,IP30,England,Mid Suffolk,Conventional crop,1,Several patches,Royal,False
2572,W00011998,2021-08-17,2021,L39,England,West Lancashire,Conventional crop,1,Several patches,Robinta,False
2574,W00011931,2021-08-17,2021,DD2,Scotland,Dundee City,Garden/Allotment,0,Several patches,Maris Piper,False
2575,W00012178,2021-08-17,2021,PH13,Scotland,Perth and Kinross,Volunteer,0,Scattered through field,Unknown/Other,False
2576,W00012285,2021-08-17,2021,EH39,Scotland,East Lothian,Organic crop,1,Scattered through field,Vitabella,False
2579,W00012012,2021-08-18,2021,IV12,Scotland,Highland,Conventional crop,1,Scattered through field,Charlotte,False
2577,W00012020,2021-08-18,2021,TF11,England,Shropshire,Conventional crop,1,Patch,Maris Piper,False
2578,W00012038,2021-08-18,2021,WA11,England,St. Helens,Conventional crop,1,Scattered through field,Wilja,False
2586,W00012277,2021-08-19,2021,DD2,Scotland,Dundee City,Trial,1,Scattered through field,Unknown/Other,False
2580,W00012137,2021-08-19,2021,CT7,England,Thanet,Conventional crop,1,Scattered through field,King Edward,False
2581,W00012095,2021-08-19,2021,PH12,Scotland,Angus,Organic crop,1,Single plant,Golden Wonder,False
2582,W00012129,2021-08-19,2021,DD3,Scotland,Angus,Organic crop,1,Scattered through field,Robinta,False
2583,W00012145,2021-08-19,2021,DD8,Scotland,Angus,Conventional crop,1,Very severe,Picasso,False
2584,W00012152,2021-08-19,2021,KY15,Scotland,Fife,Conventional crop,1,Scattered through field,Saxon,False
2585,W00012160,2021-08-19,2021,KY8,Scotland,Fife,Garden/Allotment,0,Several patches,Golden Wonder,False
2587,W00012111,2021-08-19,2021,LL33,Wales,Conwy,Garden/Allotment,0,Several patches,Unknown/Other,False
2592,W00012236,2021-08-20,2021,KY16,Scotland,Fife,Volunteer,0,Scattered through field,Unknown/Other,False
2591,W00012269,2021-08-20,2021,YO43,England,East Riding of Yorkshire,Conventional crop,1,Scattered through field,Unknown/Other,False
2593,W00012244,2021-08-20,2021,KY16,Scotland,Fife,Volunteer,0,Scattered through field,Unknown/Other,False
2589,W00012210,2021-08-20,2021,PE16,England,Fenland,Conventional crop,1,Several patches,Maris Piper,False
2590,W00012228,2021-08-20,2021,NR12,England,North Norfolk,Conventional crop,1,Very severe,Desiree,False
2588,W00012194,2021-08-20,2021,L39,England,West Lancashire,Conventional crop,1,Several patches,Unknown/Other,False
2594,W00012293,2021-08-22,2021,KY14,Scotland,Fife,Volunteer,0,Scattered through field,Unknown/Other,False
2595,W00012251,2021-08-23,2021,DD4,Scotland,Angus,Trial,1,Scattered through field,Unknown/Other,False
2596,W00012301,2021-08-23,2021,DD8,Scotland,Angus,Volunteer,0,Patch,Rooster,False
2597,W00012046,2021-08-23,2021,SY23,Wales,Ceredigion,Trial,1,Scattered through field,Desiree,False
2602,W00012335,2021-08-24,2021,LL53,Wales,Gwynedd,Organic crop,1,Very severe,Unknown/Other,False
2598,W00012327,2021-08-24,2021,LN6,England,North Kesteven,Conventional crop,1,Very severe,Melody,False
2599,W00012343,2021-08-24,2021,NR28,England,North Norfolk,Conventional crop,1,Scattered through field,Royal,False
2600,W00012426,2021-08-24,2021,IP30,England,Mid Suffolk,Conventional crop,1,Scattered through field,Royal,False
2601,W00012509,2021-08-24,2021,PH1,Scotland,Perth and Kinross,Conventional crop,1,Single plant,Lanorma,False
2607,W00012566,2021-08-25,2021,DD4,Scotland,Angus,Conventional crop,1,Scattered through field,Estima,False
2606,W00012350,2021-08-25,2021,PH12,Scotland,Angus,Trial,1,Unknown/Other,Unknown/Other,False
2603,W00012400,2021-08-25,2021,PE31,England,King's Lynn and West Norfolk,Trial,1,Scattered through field,Unknown/Other,False
2604,W00012442,2021-08-25,2021,HR6,England,Herefordshire,Conventional crop,1,Scattered through field,Royal,False
2605,W00012491,2021-08-25,2021,DE73,England,South Derbyshire,Trial,1,Very severe,Melody,False
2608,W00012434,2021-08-26,2021,NR9,England,South Norfolk,Organic crop,1,Patch,Kelly,False
2609,W00012590,2021-08-26,2021,YO8,England,North Yorkshire,Conventional crop,1,Very severe,Maris Piper,False
2610,W00012384,2021-08-26,2021,AB41,Scotland,Aberdeenshire,Garden/Allotment,0,Scattered through field,Cara,False
2611,W00012574,2021-08-26,2021,IV32,Scotland,Moray,Garden/Allotment,0,Scattered through field,Rooster,False
2619,W00012558,2021-08-30,2021,DD9,Scotland,Angus,Volunteer,0,Very severe,Gemson,False
2620,W00012582,2021-08-30,2021,AB43,Scotland,Aberdeenshire,Organic crop,1,Scattered through field,Gatsby,False
2618,W00012541,2021-08-30,2021,DD8,Scotland,Angus,Conventional crop,1,Several patches,Marfona,False
2616,W00012517,2021-08-30,2021,KY8,Scotland,Fife,Volunteer,0,Scattered through field,Rooster,False
2614,W00012525,2021-08-30,2021,IP28,England,West Suffolk,Conventional crop,1,Patch,Maris Piper,False
2617,W00012533,2021-08-30,2021,DD8,Scotland,Angus,Conventional crop,1,Several patches,Marfona,False
2629,W00012723,2021-08-31,2021,KY16,Scotland,Fife,Conventional crop,1,Scattered through field,Saxon,False
2628,W00012715,2021-08-31,2021,PH1,Scotland,Perth and Kinross,Conventional crop,1,Scattered through field,Maris Piper,False
2627,W00012681,2021-08-31,2021,IV12,Scotland,Highland,Trial,1,Single plant,Lady Balfour,False
2626,W00012673,2021-08-31,2021,IV12,Scotland,Highland,Trial,1,Single plant,Blue Annelise,False
2630,W00012624,2021-08-31,2021,LL57,Wales,Gwynedd,Garden/Allotment,0,Unknown/Other,Blue Danube,False
2624,W00012657,2021-08-31,2021,IV2,Scotland,Highland,Trial,1,Single plant,Twinner,False
2623,W00012616,2021-08-31,2021,KY16,Scotland,Fife,Conventional crop,1,Patch,Maris Piper,False
2622,W00012640,2021-08-31,2021,PE37,England,Breckland,Trial,1,Scattered through field,Unknown/Other,False
2621,W00012632,2021-08-31,2021,IP22,England,Breckland,Conventional crop,1,Scattered through field,Maris Piper,False
2625,W00012665,2021-08-31,2021,IV2,Scotland,Highland,Trial,1,Single plant,Maris Piper,False
2637,W00012756,2021-09-01,2021,DD6,Scotland,Fife,Volunteer,0,Scattered through field,King Edward,False
2636,W00012749,2021-09-01,2021,DD11,Scotland,Angus,Volunteer,0,Scattered through field,Markies,False
2634,W00012798,2021-09-01,2021,DN22,England,Bassetlaw,Volunteer,0,Scattered through field,Saturna,False
2632,W00012707,2021-09-01,2021,DN6,England,Doncaster,Volunteer,0,Scattered through field,Taurus,False
2631,W00012699,2021-09-01,2021,PE32,England,King's Lynn and West Norfolk,Conventional crop,1,Scattered through field,Maris Piper,False
2633,W00012780,2021-09-01,2021,DN10,England,Bassetlaw,Conventional crop,1,Scattered through field,Arsenal,False
2638,W00012764,2021-09-02,2021,KY16,Scotland,Fife,Volunteer,0,Scattered through field,Saxon,False
2639,W00012772,2021-09-02,2021,KY16,Scotland,Fife,Volunteer,0,Scattered through field,Unknown/Other,False
2641,W00012806,2021-09-03,2021,EH39,Scotland,East Lothian,Volunteer,0,Scattered through field,Maris Piper,False
2642,W00012830,2021-09-03,2021,EH39,Scotland,East Lothian,Conventional crop,1,Patch,Maris Piper,False
2643,W00012848,2021-09-03,2021,EH41,Scotland,East Lothian,Conventional crop,1,Patch,Maris Piper,False
2648,W00012913,2021-09-04,2021,AB31,Scotland,Aberdeenshire,Garden/Allotment,0,Several patches,Blue Annelise,False
2646,W00012889,2021-09-04,2021,AB31,Scotland,Aberdeenshire,Garden/Allotment,0,Several patches,Arran Victory,False
2647,W00012905,2021-09-04,2021,AB12,Scotland,Aberdeenshire,Garden/Allotment,0,Several patches,Pink Fir Apple,False
2644,W00012863,2021-09-04,2021,AB31,Scotland,Aberdeenshire,Volunteer,0,Scattered through field,Desiree,False
2645,W00012871,2021-09-04,2021,AB31,Scotland,Aberdeenshire,Volunteer,0,Scattered through field,Golden Wonder,False
2650,W00012855,2021-09-05,2021,KY8,Scotland,Fife,Volunteer,0,Patch,Rooster,False
2651,W00012897,2021-09-05,2021,AB12,Scotland,Aberdeenshire,Garden/Allotment,0,Several patches,Highland Burgundy Red,False
2652,W00012939,2021-09-06,2021,YO61,England,North Yorkshire,Conventional crop,1,Very severe,Olympus,False
2654,W00012921,2021-09-06,2021,PH12,Scotland,Angus,Trial,1,Single plant,Alanis,False
2655,W00012947,2021-09-06,2021,KY15,Scotland,Fife,Conventional crop,1,Very severe,Saxon,False
2656,W00012954,2021-09-06,2021,DD5,Scotland,Dundee City,Conventional crop,1,Single plant,Maris Piper,False
2658,W00012970,2021-09-08,2021,TD3,Scotland,Scottish Borders,Volunteer,0,Several patches,Unknown/Other,False
2659,W00012988,2021-09-10,2021,AB30,Scotland,Aberdeenshire,Conventional crop,1,Very severe,Maris Piper,False
2663,W00013010,2021-09-12,2021,IV2,Scotland,Highland,Trial,1,Single plant,Rooster,False
2664,W00013028,2021-09-12,2021,IV2,Scotland,Highland,Trial,1,Single plant,Blue Annelise,False
2661,W00012996,2021-09-12,2021,IV12,Scotland,Highland,Trial,1,Single plant,Alanis,False
2662,W00013002,2021-09-12,2021,IV12,Scotland,Highland,Trial,1,Single plant,Java,False
2666,W00013085,2021-09-14,2021,KY12,Scotland,Fife,Dump,0,Very severe,Maris Piper,False
2667,W00013051,2021-09-15,2021,TF9,England,Shropshire,Conventional crop,1,Several patches,Maris Piper,False
2668,W00013036,2021-09-15,2021,PH12,Scotland,Angus,Trial,1,Single plant,12 GPS 161B,False
2669,W00013044,2021-09-15,2021,PH12,Scotland,Angus,Trial,1,Single plant,Sarpo Una,False
2670,W00013077,2021-09-15,2021,AB53,Scotland,Aberdeenshire,Volunteer,0,Very severe,Cara,False
2671,W00013093,2021-09-16,2021,WV6,England,Wolverhampton,Conventional crop,1,Several patches,Maris Piper,False
2672,W00013069,2021-09-16,2021,KY10,Scotland,Fife,Volunteer,0,Very severe,Osprey,False
2673,Eurofins21006,2021-09-22,2021,PR26,England,South Ribble,Trial,1,Scattered through field,Maris Piper,False
2674,W00013101,2021-09-27,2021,DY11,England,Wyre Forest,Trial,1,Several patches,King Edward,False
2675,W00013127,2021-09-28,2021,PE29,England,Huntingdonshire,Conventional crop,1,Scattered through field,Sagitta,False
2676,W00013135,2021-10-01,2021,KY10,Scotland,Fife,Conventional crop,1,Scattered through field,Maris Peer,False
2677,W00013143,2021-10-04,2021,KA6,Scotland,South Ayrshire,Trial,1,Very severe,Innovator,False
2679,W00013184,2021-10-06,2021,TF6,England,Telford and Wrekin,Volunteer,0,Scattered through field,Unknown/Other,False
2678,W00013176,2021-10-06,2021,TF10,England,Telford and Wrekin,Volunteer,0,Patch,Unknown/Other,False
2680,W00013226,2021-10-11,2021,HR6,England,Herefordshire,Conventional crop,1,Several patches,Unknown/Other,False
2681,W00013234,2021-11-08,2021,TF11,England,Shropshire,Volunteer,0,Scattered through field,Lionheart,False
2682,W00013242,2021-11-18,2021,PE22,England,Boston,Conventional crop,1,Unknown/Other,Unknown/Other,False
2684,FAB22002,2022-05-08,2022,CT9,England,Thanet,Conventional crop,1,Several patches,Rooster,False
2685,FAB22003,2022-05-16,2022,LL33,Wales,Conwy,Garden/Allotment,0,Patch,Swift,False
2686,FAB22004,2022-05-22,2022,TR12,England,Cornwall,Garden/Allotment,0,Patch,Desiree,False
2687,FAB22006,2022-05-30,2022,SA73,Wales,Pembrokeshire,Conventional crop,1,Several patches,Maris Piper,False
2688,FAB22005,2022-06-01,2022,WA7,England,Cheshire West and Chester,Conventional crop,1,Single plant,Maris Piper,False
2689,FAB22008,2022-06-07,2022,CW8,England,Cheshire West and Chester,Conventional crop,1,Several patches,Maris Bard,False
2690,FAB22007,2022-06-08,2022,CT14,England,Dover,Dump,0,Patch,Unknown/Other,False
2691,FAB22009,2022-06-14,2022,L23,England,Sefton,Conventional crop,1,Scattered through field,Maris Bard,False
2692,FAB22010,2022-06-15,2022,SA48,Wales,Ceredigion,Volunteer,0,Patch,Unknown/Other,False
2693,FAB22011,2022-06-16,2022,TF1,England,Telford and Wrekin,Conventional crop,1,Patch,Jester,False
2694,FAB22013,2022-06-17,2022,TA3,England,Somerset,Garden/Allotment,0,Several patches,Manhattan,False
2695,FAB22012,2022-06-17,2022,SA71,Wales,Pembrokeshire,Conventional crop,1,Scattered through field,Paris,False
2696,FAB22014,2022-06-23,2022,TF9,England,Shropshire,Conventional crop,1,Patch,Alexia,False
2697,FAB22015,2022-06-26,2022,NR21,England,North Norfolk,Conventional crop,1,Scattered through field,Daisy,False
2698,FAB22018,2022-06-28,2022,SA70,Wales,Pembrokeshire,Conventional crop,1,Scattered through field,Unknown/Other,False
2699,FAB22017,2022-06-29,2022,WA7,England,Halton,Conventional crop,1,Scattered through field,Pirol,False
2700,FAB22019,2022-07-08,2022,SY5,England,Shropshire,Conventional crop,1,Patch,Sagitta,False
2701,FAB22022,2022-07-12,2022,TR13,England,Cornwall,Conventional crop,1,Scattered through field,Jazzy,False
2702,FAB22025,2022-07-12,2022,LL57,Wales,Gwynedd,Organic crop,1,Several patches,Unknown/Other,False
2703,FAB22023,2022-07-13,2022,NR9,England,Broadland,Organic crop,1,Scattered through field,Orla,False
2704,FAB22024,2022-07-15,2022,HR2,England,Herefordshire,Conventional crop,1,Single plant,Daisy,False
2705,Eurofins22009,2022-07-15,2022,PR26,England,Chorley,Trial,1,Scattered through field,Maris Piper,False
2706,FAB22027,2022-07-18,2022,NR26,England,North Norfolk,Conventional crop,1,Patch,Innovator,False
2707,FAB22031,2022-07-26,2022,PE37,England,Breckland,Organic crop,1,Patch,Unknown/Other,False
2708,FAB22030,2022-07-28,2022,PH1,Scotland,Perth and Kinross,Conventional crop,1,Scattered through field,Atlantic,False
2709,FAB22032,2022-08-02,2022,TF6,England,Telford and Wrekin,Organic crop,1,Scattered through field,Lady Balfour,False
2710,FAB22035,2022-08-03,2022,TF6,England,Telford and Wrekin,Conventional crop,1,Several patches,Sagitta,False
2711,FAB22033,2022-08-03,2022,LL55,Wales,Gwynedd,Organic crop,1,Scattered through field,Pink Fir Apple,False
2712,FAB22034,2022-08-04,2022,TF6,England,Telford and Wrekin,Organic crop,1,Several patches,Lady Balfour,False
2713,FAB22036,2022-08-04,2022,IP12,England,East Suffolk,Organic crop,1,Scattered through field,Karelia,False
2714,FAB22038,2022-08-11,2022,DD3,Scotland,Angus,Garden/Allotment,0,Scattered through field,King Edward,False
2715,FAB22041,2022-08-17,2022,KA6,Scotland,South Ayrshire,Trial,1,Patch,King Edward,False
2716,FAB22042,2022-08-23,2022,KY6,Scotland,Perth and Kinross,Volunteer,0,Scattered through field,Saxon,False
2717,FAB22045,2022-08-31,2022,LL53,Wales,Gwynedd,Organic crop,1,Several patches,Jelly,False
2722,FAB22050,2022-09-01,2022,PH11,Scotland,Perth and Kinross,Volunteer,0,Several patches,Unknown/Other,False
2721,FAB22048,2022-09-01,2022,PH10,Scotland,Perth and Kinross,Volunteer,0,Scattered through field,Unknown/Other,False
2719,FAB22046,2022-09-01,2022,IP12,England,East Suffolk,Organic crop,1,Scattered through field,Blue Annelise,False
2720,FAB22047,2022-09-01,2022,NR24,England,North Norfolk,Volunteer,0,Patch,VR808,False
2723,FAB22052,2022-09-14,2022,DD2,Scotland,Perth and Kinross,Trial,1,Scattered through field,Vales Sovereign,False
2724,FAB22055,2022-09-14,2022,LL57,Wales,Gwynedd,Garden/Allotment,0,Patch,Unknown/Other,False
2725,FAB22056,2022-09-16,2022,LN6,England,North Kesteven,Volunteer,0,Scattered through field,Unknown/Other,False
2726,FAB22058,2022-09-20,2022,PE21,England,Boston,Volunteer,0,Scattered through field,Fandango,False
2727,FAB22059,2022-09-20,2022,NR21,England,North Norfolk,Volunteer,0,Very severe,Daisy,False
2728,FAB22057,2022-09-20,2022,LL33,Wales,Gwynedd,Trial,1,Scattered through field,Unknown/Other,False
2730,FAB22061,2022-09-21,2022,AB41,Scotland,Aberdeenshire,Garden/Allotment,0,Scattered through field,Maris Piper,False
2729,FAB22060,2022-09-21,2022,DD10,Scotland,Angus,Volunteer,0,Patch,Cara,False
2731,FAB22062,2022-09-26,2022,PE22,England,Boston,Conventional crop,1,Scattered through field,Maris Piper,False
2732,FAB22066,2022-09-29,2022,AB30,Scotland,Aberdeenshire,Dump,0,Very severe,Unknown/Other,False
2733,FAB22063,2022-10-02,2022,PE10,England,South Kesteven,Conventional crop,1,Several patches,Melody,False
2734,FAB22064,2022-10-02,2022,PE10,England,South Kesteven,Conventional crop,1,Scattered through field,Melody,False
2735,FAB22065,2022-10-03,2022,TF10,England,Telford and Wrekin,Volunteer,0,Scattered through field,Maris Piper,False
2736,SRUC22_18B,2022-10-03,2022,KA6,Scotland,South Ayrshire,Trial,1,Scattered through field,Shepody,False
2737,SRUC22_21E,2022-10-03,2022,KA6,Scotland,South Ayrshire,Trial,1,Scattered through field,Shepody,False
2738,SRUC22_DSS,2022-10-03,2022,KA6,Scotland,South Ayrshire,Trial,1,Scattered through field,Shepody,False
2739,FAB22071,2022-10-08,2022,KA7,Scotland,South Ayrshire,Garden/Allotment,0,Patch,Unknown/Other,False
2740,SRUC_McCain22_DSS,2022-10-08,2022,KA6,Scotland,South Ayrshire,Trial,1,Scattered through field,Innovator,False
2741,FAB22068,2022-10-15,2022,IP12,England,East Suffolk,Volunteer,0,Several patches,Maris Peer,False
2743,FAB22072,2022-10-17,2022,IP22,England,Breckland,Volunteer,0,Patch,Maris Peer,False
2744,FAB22067,2022-10-17,2022,KY15,Scotland,Fife,Volunteer,0,Unknown/Other,Unknown/Other,False
2742,FAB22070,2022-10-17,2022,SY4,England,Shropshire,Volunteer,0,Scattered through field,Lady Rosetta,False
2745,FAB22069,2022-10-18,2022,DD2,Scotland,Dundee City,Volunteer,0,Scattered through field,Unknown/Other,False
2746,FAB22073,2022-10-24,2022,GU1,England,Guildford,Garden/Allotment,0,Very severe,Unknown/Other,False
2747,FAB22074,2022-10-24,2022,IP24,England,Breckland,Volunteer,0,Scattered through field,Maris Peer,False
2748,FAB22078,2022-10-28,2022,DY3,England,South Staffordshire,Volunteer,0,Very severe,Premiere,False
2749,FAB22076,2022-10-30,2022,PH2,Scotland,Perth and Kinross,Garden/Allotment,0,Patch,Unknown/Other,False
2750,FAB22075,2022-10-31,2022,DD2,Scotland,Dundee City,Garden/Allotment,0,Very severe,Unknown/Other,False
2752,FAB22079,2022-11-02,2022,TF6,England,Telford and Wrekin,Volunteer,0,Several patches,Arsenal,False
2753,FAB22080,2022-11-07,2022,TF10,England,Telford and Wrekin,Volunteer,0,Unknown/Other,Unknown/Other,False
2754,FAB22081,2022-11-14,2022,CB24,England,South Cambridgeshire,Volunteer,0,Patch,Ratte,False
2755,FAB22082,2022-11-25,2022,CT3,England,Canterbury,Volunteer,0,Several patches,King Edward,False
2756,FAB22083,2022-12-03,2022,SY4,England,Shropshire,Volunteer,0,Patch,Unknown/Other,False
2757,FAB22084,2022-12-04,2022,SA71,Wales,Pembrokeshire,Volunteer,0,Scattered through field,Unknown/Other,False
2758,FAB231472,2023-04-19,2023,TR20,England,Cornwall,Conventional crop,1,Scattered through field,Swift,False
2759,FAB231473,2023-05-03,2023,TR18,England,Cornwall,Conventional crop,1,Scattered through field,Unknown/Other,False
2760,FAB231474,2023-05-03,2023,TR18,England,Cornwall,Conventional crop,1,Unknown/Other,Swift,False
2761,FAB231475,2023-05-03,2023,TR18,England,Cornwall,Conventional crop,1,Very severe,Rocket,False
2762,FAB231476,2023-05-17,2023,CT3,England,Canterbury,Dump,0,Several patches,Unknown/Other,False
2763,FAB231478,2023-05-17,2023,CT9,England,Thanet,Conventional crop,1,Several patches,Unknown/Other,False
2764,FAB231479,2023-05-23,2023,IP12,England,East Suffolk,Conventional crop,1,Patch,Sensation,False
2765,FAB231482,2023-05-31,2023,IP24,England,Breckland,Conventional crop,1,Patch,Maris Peer,False
2766,FAB231481,2023-06-02,2023,IP12,England,East Suffolk,Conventional crop,1,Patch,King Edward,False
2767,FAB231485,2023-06-20,2023,PR4,England,West Lancashire,Volunteer,0,Scattered through field,Unknown/Other,False
2768,FAB231491,2023-06-27,2023,PR8,England,West Lancashire,Garden/Allotment,0,Several patches,Casablanca,False
2769,FAB231492,2023-07-03,2023,CW8,England,Cheshire West and Chester,Conventional crop,1,Patch,Fandango,False
2770,FAB231495,2023-07-04,2023,NR17,England,Breckland,Conventional crop,1,Scattered through field,Unknown/Other,False
2771,FAB231493,2023-07-05,2023,WA11,England,St. Helens,Garden/Allotment,0,Patch,Pentland Javelin,False
2772,FAB231494,2023-07-05,2023,DD8,Scotland,Angus,Conventional crop,1,Scattered through field,Daisy,False
2773,FAB231497,2023-07-10,2023,DD8,Scotland,Angus,Conventional crop,1,Unknown/Other,Rooster,False
2774,FAB231496,2023-07-13,2023,TF6,England,Telford and Wrekin,Conventional crop,1,Several patches,Royal,False
2775,FAB231498,2023-07-13,2023,DD10,Scotland,Aberdeenshire,Conventional crop,1,Patch,Unknown/Other,False
2776,FAB231501,2023-07-17,2023,NR11,England,North Norfolk,Conventional crop,1,Patch,Innovator,False
2777,FAB231499,2023-07-17,2023,DD8,Scotland,Angus,Conventional crop,1,Patch,Maris Piper,False
2778,FAB231503,2023-07-19,2023,NR14,England,South Norfolk,Conventional crop,1,Single plant,Unknown/Other,False
2779,FAB231500,2023-07-20,2023,TF6,England,Telford and Wrekin,Trial,1,Several patches,Sagitta,False
2780,FAB231505,2023-07-22,2023,IP12,England,East Suffolk,Organic crop,1,Scattered through field,Heiderot,False
2781,FAB231530,2023-07-22,2023,DD2,Scotland,Dundee City,Garden/Allotment,0,Several patches,Unknown/Other,False
2783,FAB231506,2023-07-24,2023,SA48,Wales,Ceredigion,Trial,1,Scattered through field,King Edward,False
2782,FAB231504,2023-07-24,2023,PE22,England,Boston,Trial,1,Patch,Melody,False
2784,FAB231508,2023-07-25,2023,LL55,Wales,Gwynedd,Organic crop,1,Scattered through field,Charlotte,False
2785,FAB231510,2023-07-25,2023,LL55,Wales,Gwynedd,Organic crop,1,Scattered through field,Orla,False
2786,FAB231517,2023-07-26,2023,IP26,England,King's Lynn and West Norfolk,Conventional crop,1,Several patches,Venezia,False
2787,FAB231511,2023-07-26,2023,AB30,Scotland,Aberdeenshire,Conventional crop,1,Scattered through field,Maris Piper,False
2788,FAB231519,2023-07-26,2023,DD10,Scotland,Angus,Conventional crop,1,Scattered through field,Maris Piper,False
2789,FAB231520,2023-07-26,2023,DD11,Scotland,Angus,Conventional crop,1,Scattered through field,Baby Lou,False
2790,FAB231521,2023-07-26,2023,DD11,Scotland,Angus,Conventional crop,1,Scattered through field,Baby Lou,False
2791,FAB231522,2023-07-26,2023,DD11,Scotland,Angus,Conventional crop,1,Scattered through field,Baby Lou,False
2796,FAB231531,2023-07-27,2023,WV8,England,South Staffordshire,Conventional crop,1,Patch,Premiere,False
2799,FAB231526,2023-07-27,2023,KA6,Scotland,South Ayrshire,Trial,1,Several patches,King Edward,False
2798,FAB231514,2023-07-27,2023,DD2,Scotland,Dundee City,Trial,1,Scattered through field,Maris Piper,False
2797,FAB231534,2023-07-27,2023,PE37,England,Breckland,Conventional crop,1,Patch,Maris Peer,False
2795,FAB231523,2023-07-27,2023,NR11,England,North Norfolk,Conventional crop,1,Scattered through field,Maris Piper,False
2794,FAB231518,2023-07-27,2023,TF9,England,Shropshire,Conventional crop,1,Several patches,Lady Rosetta,False
2792,FAB231512,2023-07-27,2023,NR14,England,South Norfolk,Dump,0,Several patches,Unknown/Other,False
2800,FAB231516,2023-07-28,2023,AB30,Scotland,Aberdeenshire,Conventional crop,1,Scattered through field,Saxon,False
2801,FAB231536,2023-07-30,2023,LN1,England,Lincoln,Garden/Allotment,0,Patch,Catriona,False
2802,FAB231529,2023-07-31,2023,PE30,England,King's Lynn and West Norfolk,Conventional crop,1,Several patches,Baby Lou,False
2803,FAB231542,2023-07-31,2023,LN1,England,West Lindsey,Garden/Allotment,0,Patch,Picasso,False
2804,FAB231543,2023-07-31,2023,DY10,England,Wyre Forest,Conventional crop,1,Scattered through field,Maris Piper,False
2805,FAB231527,2023-07-31,2023,AB39,Scotland,Aberdeenshire,Conventional crop,1,Scattered through field,Carabou Russet,False
2806,FAB231541,2023-07-31,2023,DG9,Scotland,Dumfries and Galloway,Garden/Allotment,0,Scattered through field,Unknown/Other,False
2810,FAB231548,2023-08-01,2023,WA11,England,St. Helens,Conventional crop,1,Patch,Maris Piper,False
2809,FAB231547,2023-08-01,2023,WA11,England,St. Helens,Conventional crop,1,Patch,Unknown/Other,False
2811,Eurofins22001,2023-08-01,2023,DE73,England,South Derbyshire,Trial,1,Scattered through field,Maris Piper,False
2807,FAB231533,2023-08-01,2023,ST20,England,Stafford,Conventional crop,1,Several patches,Shepody,False
2808,FAB231546,2023-08-01,2023,PL22,England,Cornwall,Conventional crop,1,Several patches,Electra,False
2812,FAB231544,2023-08-02,2023,TF11,England,Shropshire,Conventional crop,1,Single plant,Royal,False
2813,FAB231552,2023-08-02,2023,PR8,England,Sefton,Conventional crop,1,Several patches,Maris Piper,False
2814,FAB231558,2023-08-02,2023,AB30,Scotland,Aberdeenshire,Conventional crop,1,Patch,Maris Piper,False
2815,FAB231537,2023-08-02,2023,SA48,Wales,Ceredigion,Volunteer,0,Scattered through field,Unknown/Other,False
2816,FAB231538,2023-08-02,2023,SA48,Wales,Ceredigion,Unknown/Other,0,Scattered through field,Charlotte,False
2817,FAB231549,2023-08-03,2023,CO6,England,Colchester,Conventional crop,1,Scattered through field,Unknown/Other,False
2818,FAB231559,2023-08-03,2023,PE22,England,Boston,Unknown/Other,0,Scattered through field,Acoustic,False
2819,FAB231561,2023-08-03,2023,PE33,England,King's Lynn and West Norfolk,Conventional crop,1,Scattered through field,Eurostar,False
2820,FAB231560,2023-08-03,2023,LL53,Wales,Gwynedd,Unknown/Other,0,Several patches,Unknown/Other,False
2829,FAB231556,2023-08-04,2023,AB43,Scotland,Aberdeenshire,Conventional crop,1,Patch,Rooster,False
2828,FAB231555,2023-08-04,2023,AB42,Scotland,Aberdeenshire,Conventional crop,1,Patch,Baby Lou,False
2827,FAB231554,2023-08-04,2023,AB53,Scotland,Aberdeenshire,Conventional crop,1,Single plant,Manitou,False
2826,FAB231571,2023-08-04,2023,WV15,England,Shropshire,Volunteer,0,Scattered through field,Unknown/Other,False
2821,FAB231551,2023-08-04,2023,NR21,England,North Norfolk,Conventional crop,1,Patch,Maris Piper,False
2824,FAB231569,2023-08-04,2023,WN8,England,West Lancashire,Conventional crop,1,Scattered through field,Unknown/Other,False
2823,FAB231562,2023-08-04,2023,NR9,England,South Norfolk,Unknown/Other,0,Scattered through field,Desiree,False
2822,FAB231557,2023-08-04,2023,IP5,England,East Suffolk,Unknown/Other,0,Several patches,Bambino,False
2825,FAB231570,2023-08-04,2023,WV6,England,Wolverhampton,Volunteer,0,Unknown/Other,Unknown/Other,False
2830,FAB231563,2023-08-06,2023,NR4,England,Norwich,Garden/Allotment,0,Several patches,Pentland Javelin,False
2833,FAB231566,2023-08-07,2023,HR2,England,Herefordshire,Conventional crop,1,Patch,Russet Burbank,False
2835,FAB231579,2023-08-07,2023,AB41,Scotland,Aberdeenshire,Garden/Allotment,0,Scattered through field,Charlotte,False
2831,FAB231564,2023-08-07,2023,WS14,England,Lichfield,Conventional crop,1,Scattered through field,Rosetta,False
2832,FAB231565,2023-08-07,2023,HR4,England,Herefordshire,Conventional crop,1,Scattered through field,Russet Burbank,False
2842,FAB231573,2023-08-08,2023,LL53,Wales,Gwynedd,Unknown/Other,0,Scattered through field,Unknown/Other,False
2841,FAB231581,2023-08-08,2023,DD8,Scotland,Angus,Conventional crop,1,Several patches,Picasso,False
2840,FAB231589,2023-08-08,2023,OX29,England,West Oxfordshire,Conventional crop,1,Several patches,Melody,False
2836,FAB231568,2023-08-08,2023,L40,England,West Lancashire,Conventional crop,1,Patch,Tyson,False
2838,FAB231576,2023-08-08,2023,PR4,England,West Lancashire,Conventional crop,1,Several patches,Maris Piper,False
2837,FAB231572,2023-08-08,2023,SY13,England,Shropshire,Conventional crop,1,Scattered through field,Unknown/Other,False
2839,FAB231577,2023-08-08,2023,CW5,England,Cheshire East,Conventional crop,1,Several patches,Daisy,False
2846,FAB231582,2023-08-09,2023,TF10,England,Telford and Wrekin,Conventional crop,1,Several patches,Daisy,False
2845,FAB231580,2023-08-09,2023,NR4,England,Norwich,Garden/Allotment,0,Very severe,Unknown/Other,False
2847,FAB231583,2023-08-09,2023,YO41,England,East Riding of Yorkshire,Volunteer,0,Several patches,Unknown/Other,False
2843,FAB231574,2023-08-09,2023,IP24,England,Breckland,Conventional crop,1,Scattered through field,Alexandra,False
2844,FAB231575,2023-08-09,2023,PO20,England,Chichester,Garden/Allotment,0,Scattered through field,Charlotte,False
2848,FAB231584,2023-08-10,2023,TF9,England,Shropshire,Conventional crop,1,Patch,Arsenal,False
2849,FAB231605,2023-08-10,2023,PE22,England,Boston,Volunteer,0,Scattered through field,Maris Piper,False
2850,FAB231585,2023-08-10,2023,DD11,Scotland,Angus,Dump,0,Very severe,Unknown/Other,False
2851,FAB231608,2023-08-11,2023,YO61,England,North Yorkshire,Garden/Allotment,0,Patch,Pink Fir Apple,False
2852,FAB231587,2023-08-11,2023,DD8,Scotland,Angus,Conventional crop,1,Scattered through field,Markies,False
2853,FAB231598,2023-08-13,2023,LN1,England,West Lindsey,Garden/Allotment,0,Very severe,Cara,False
2854,FAB231597,2023-08-13,2023,AB30,Scotland,Aberdeenshire,Organic crop,1,Scattered through field,Casablanca,False
2855,FAB231592,2023-08-14,2023,YO41,England,East Riding of Yorkshire,Conventional crop,1,Scattered through field,VR808,False
2856,FAB231594,2023-08-14,2023,DN10,England,Bassetlaw,Volunteer,0,Patch,Unknown/Other,False
2857,FAB231609,2023-08-14,2023,DD11,Scotland,Angus,Conventional crop,1,Single plant,Saxon,False
2863,Eurofins22004,2023-08-15,2023,DE73,England,South Derbyshire,Trial,1,Scattered through field,Melody,False
2865,FAB231604,2023-08-15,2023,EH39,Scotland,East Lothian,Volunteer,0,Scattered through field,Lady Claire,False
2864,FAB231599,2023-08-15,2023,KY15,Scotland,Fife,Volunteer,0,Patch,Saxon,False
2862,Eurofins22002,2023-08-15,2023,DE73,England,South Derbyshire,Trial,1,Scattered through field,Maris Piper,False
2860,FAB231611,2023-08-15,2023,ST18,England,Stafford,Conventional crop,1,Scattered through field,Heraclea,False
2859,FAB231610,2023-08-15,2023,NR21,England,North Norfolk,Conventional crop,1,Patch,Maris Piper,False
2858,FAB231596,2023-08-15,2023,PL30,England,Cornwall,Conventional crop,1,Several patches,Lady Terra,False
2861,FAB231612,2023-08-15,2023,WV8,England,South Staffordshire,Conventional crop,1,Unknown/Other,Heraclea,False
2866,FAB231595,2023-08-16,2023,TF10,England,Telford and Wrekin,Conventional crop,1,Scattered through field,Fontane,False
2867,FAB231616,2023-08-16,2023,LL33,Wales,Gwynedd,Unknown/Other,0,Single plant,Melody,False
2868,FAB231614,2023-08-18,2023,AB53,Scotland,Aberdeenshire,Conventional crop,1,Several patches,Maris Piper,False
2869,FAB231618,2023-08-18,2023,DD9,Scotland,Angus,Conventional crop,1,Unknown/Other,Saxon,False
2875,FAB231637,2023-08-21,2023,LL57,Wales,Gwynedd,Unknown/Other,0,Scattered through field,Unknown/Other,False
2874,FAB231647,2023-08-21,2023,LN6,England,North Kesteven,Volunteer,0,Scattered through field,Unknown/Other,False
2873,FAB231623,2023-08-21,2023,PE22,England,Boston,Conventional crop,1,Scattered through field,Maris Piper,False
2871,FAB231620,2023-08-21,2023,CV35,England,Stratford-on-Avon,Volunteer,0,Single plant,Maris Piper,False
2870,FAB231619,2023-08-21,2023,SY7,England,Herefordshire,Garden/Allotment,0,Several patches,Picasso,False
2872,FAB231621,2023-08-21,2023,YO43,England,East Riding of Yorkshire,Conventional crop,1,Patch,Brooke,False
2884,FAB231633,2023-08-22,2023,DD8,Scotland,Angus,Organic crop,1,Scattered through field,Java,False
2876,FAB231625,2023-08-22,2023,IP31,England,West Suffolk,Conventional crop,1,Scattered through field,Maris Peer,False
2877,FAB231627,2023-08-22,2023,DN5,England,Doncaster,Volunteer,0,Patch,Shepody,False
2878,FAB231640,2023-08-22,2023,YO42,England,East Riding of Yorkshire,Volunteer,0,Scattered through field,Royal,False
2879,FAB231622,2023-08-22,2023,DD8,Scotland,Angus,Volunteer,0,Scattered through field,Rooster,False
2880,FAB231629,2023-08-22,2023,DD3,Scotland,Dundee City,Organic crop,1,Scattered through field,Cara,False
2881,FAB231630,2023-08-22,2023,DD4,Scotland,Angus,Organic crop,1,Scattered through field,Heiderot,False
2882,FAB231631,2023-08-22,2023,DD3,Scotland,Dundee City,Organic crop,1,Scattered through field,Ambo,False
2883,FAB231632,2023-08-22,2023,DD4,Scotland,Angus,Organic crop,1,Scattered through field,Blue Annelise,False
2886,FAB231635,2023-08-23,2023,EH18,Scotland,Midlothian,Conventional crop,1,Scattered through field,Maris Piper,False
2887,FAB231636,2023-08-23,2023,AB43,Scotland,Aberdeenshire,Garden/Allotment,0,Scattered through field,Cara,False
2885,FAB231634,2023-08-23,2023,WS15,England,Cannock Chase,Conventional crop,1,Scattered through field,Lady Rosetta,False
2888,FAB231644,2023-08-24,2023,YO8,England,North Yorkshire,Volunteer,0,Scattered through field,Unknown/Other,False
2889,FAB231645,2023-08-24,2023,DN14,England,East Riding of Yorkshire,Volunteer,0,Scattered through field,Unknown/Other,False
2890,FAB231650,2023-08-24,2023,WV15,England,Shropshire,Conventional crop,1,Several patches,Daisy,False
2891,FAB231642,2023-08-28,2023,YO62,England,North Yorkshire,Conventional crop,1,Several patches,Shepody,False
2892,FAB231652,2023-08-28,2023,WR12,England,Wychavon,Conventional crop,1,Patch,Melody,False
2893,FAB231656,2023-08-28,2023,SK17,England,High Peak,Conventional crop,1,Scattered through field,Sagitta,False
2894,FAB231649,2023-08-29,2023,WV6,England,Wolverhampton,Conventional crop,1,Several patches,Daisy,False
2895,FAB231648,2023-08-29,2023,SA62,Wales,Pembrokeshire,Conventional crop,1,Scattered through field,Sunita,False
2896,FAB231659,2023-08-31,2023,LN4,England,North Kesteven,Conventional crop,1,Patch,Rooster,False
2897,FAB231651,2023-08-31,2023,TD6,Scotland,Scottish Borders,Volunteer,0,Scattered through field,Unknown/Other,False
2900,FAB231657,2023-09-01,2023,DL7,England,North Yorkshire,Conventional crop,1,Patch,Taurus,False
2902,FAB231664,2023-09-01,2023,KY10,Scotland,Fife,Conventional crop,1,Single plant,Rooster,False
2899,FAB231655,2023-09-01,2023,WV16,England,Shropshire,Conventional crop,1,Scattered through field,Daisy,False
2898,FAB231654,2023-09-01,2023,WV16,England,Shropshire,Conventional crop,1,Several patches,Daisy,False
2903,FAB231653,2023-09-02,2023,LL53,Wales,Gwynedd,Unknown/Other,0,Scattered through field,Unknown/Other,False
2904,FAB231661,2023-09-04,2023,NR28,England,North Norfolk,Conventional crop,1,Scattered through field,Royal,False
2905,FAB231665,2023-09-06,2023,LN4,England,North Kesteven,Garden/Allotment,0,Patch,Inca Rosa,False
2906,FAB231666,2023-09-10,2023,NG34,England,North Kesteven,Garden/Allotment,0,Several patches,Unknown/Other,False
2907,FAB231670,2023-09-11,2023,YO7,England,North Yorkshire,Volunteer,0,Scattered through field,Unknown/Other,False
2908,FAB231671,2023-09-11,2023,YO7,England,North Yorkshire,Volunteer,0,Unknown/Other,Unknown/Other,False
2909,FAB231672,2023-09-11,2023,YO61,England,North Yorkshire,Volunteer,0,Very severe,Unknown/Other,False
2910,FAB231673,2023-09-11,2023,YO61,England,North Yorkshire,Volunteer,0,Several patches,Unknown/Other,False
2911,FAB231668,2023-09-11,2023,LL57,Wales,Gwynedd,Garden/Allotment,0,Several patches,Unknown/Other,False
2912,FAB231669,2023-09-11,2023,LL33,Wales,Gwynedd,Unknown/Other,0,Scattered through field,Unknown/Other,False
2913,Eurofins23006,2023-09-13,2023,DE73,England,South Derbyshire,Trial,1,Scattered through field,Maris Piper,False
2914,Eurofins22010,2023-09-18,2023,PR26,England,South Ribble,Trial,1,Scattered through field,Maris Piper,False
2915,FAB231675,2023-09-19,2023,CB24,England,South Cambridgeshire,Garden/Allotment,0,Several patches,Unknown/Other,False
2917,FAB231674,2023-09-21,2023,NR11,England,North Norfolk,Conventional crop,1,Patch,Elland,False
2918,FAB231678,2023-09-25,2023,B79,England,Tamworth,Conventional crop,1,Unknown/Other,Unknown/Other,False
2919,FAB231679,2023-09-26,2023,PH10,Scotland,Perth and Kinross,Volunteer,0,Very severe,Unknown/Other,False
2920,FAB231681,2023-10-04,2023,IP24,England,Breckland,Conventional crop,1,Patch,Royal,False
2921,FAB231685,2023-10-11,2023,TR20,England,Cornwall,Volunteer,0,Very severe,Rocket,False
2922,FAB231683,2023-10-15,2023,DD2,Scotland,Dundee City,Garden/Allotment,0,Single plant,Unknown/Other,False
2923,FAB231684,2023-10-16,2023,TF5,England,Telford and Wrekin,Garden/Allotment,0,Single plant,Clancey,False
2924,FAB231686,2023-10-25,2023,LL57,Wales,Gwynedd,Garden/Allotment,0,Several patches,Unknown/Other,False
2927,FAB24_001689,2024-04-05,2024,CT14,England,Dover,Dump,0,Single plant,Unknown/Other,False
2928,FAB24_001690,2024-05-02,2024,CT3,England,Canterbury,Dump,0,Single plant,Unknown/Other,False
2929,FAB24_001691,2024-05-13,2024,CW8,England,Cheshire West and Chester,Conventional crop,1,Scattered through field,Rocket,False
2931,FAB24_001693,2024-05-15,2024,CW9,England,Cheshire West and Chester,Conventional crop,1,Scattered through field,Rocket,False
2930,FAB24_001692,2024-05-19,2024,DG9,Scotland,Dumfries and Galloway,Conventional crop,1,Several patches,Epicure,False
2934,FAB24_001696,2024-05-21,2024,IP12,England,East Suffolk,Conventional crop,1,Patch,Maris Peer,False
2932,FAB24_001694,2024-05-22,2024,PE6,England,South Kesteven,Dump,0,Unknown/Other,Unknown/Other,False
2936,FAB24_001698,2024-05-22,2024,PR4,England,West Lancashire,Conventional crop,1,Scattered through field,Maris Bard,False
2933,FAB24_001695,2024-05-23,2024,SY4,England,Shropshire,Dump,0,Very severe,Unknown/Other,False
2935,FAB24_001697,2024-05-23,2024,L40,England,West Lancashire,Unknown/Other,0,Very severe,Maris Bard,False
2938,FAB24_001701,2024-05-24,2024,IP12,England,East Suffolk,Conventional crop,1,Scattered through field,Maris Peer,False
2942,FAB24_001705,2024-05-24,2024,IP6,England,Mid Suffolk,Organic crop,1,Scattered through field,Unknown/Other,False
2937,FAB24_001700,2024-05-28,2024,TR11,England,Cornwall,Conventional crop,1,Several patches,Jazzy,False
2943,FAB24_001706,2024-05-29,2024,TR20,England,Cornwall,Conventional crop,1,Patch,Lady Rosetta,False
2940,FAB24_001703,2024-05-30,2024,IP12,England,East Suffolk,Conventional crop,1,Scattered through field,Maris Piper,False
2951,FAB24_001714,2024-05-31,2024,IP12,England,East Suffolk,Conventional crop,1,Patch,Maris Peer,False
2949,FAB24_001712,2024-05-31,2024,IP12,England,East Suffolk,Conventional crop,1,Patch,Charlotte,False
2948,FAB24_001711,2024-05-31,2024,IP12,England,East Suffolk,Conventional crop,1,Patch,Maris Piper,False
2939,FAB24_001702,2024-05-31,2024,IP11,England,East Suffolk,Conventional crop,1,Single plant,King Edward,False
2941,FAB24_001704,2024-05-31,2024,DY6,England,South Staffordshire,Conventional crop,1,Several patches,Premiere,False
2944,FAB24_001707,2024-06-03,2024,WV15,England,Shropshire,Conventional crop,1,Single plant,Accord,False
2956,FAB24_001719,2024-06-03,2024,NR14,England,South Norfolk,Conventional crop,1,Scattered through field,Manitou,False
2945,FAB24_001708,2024-06-03,2024,CB7,England,East Cambridgeshire,Conventional crop,1,Scattered through field,Agria,False
2946,FAB24_001709,2024-06-04,2024,IP31,England,West Suffolk,Conventional crop,1,Several patches,Shepody,False
2947,FAB24_001710,2024-06-04,2024,IP30,England,West Suffolk,Conventional crop,1,Several patches,Marfona,False
2950,FAB24_001713,2024-06-04,2024,KA26,Scotland,South Ayrshire,Conventional crop,1,Several patches,Casablanca,False
2954,FAB24_001717,2024-06-05,2024,IP9,England,Babergh,Conventional crop,1,Unknown/Other,Baby Lou,False
2955,FAB24_001718,2024-06-05,2024,IP9,England,Babergh,Conventional crop,1,Scattered through field,Maris Piper,False
2952,FAB24_001715,2024-06-06,2024,NR11,England,North Norfolk,Conventional crop,1,Scattered through field,Innovator,False
2953,FAB24_001716,2024-06-06,2024,NR11,England,North Norfolk,Conventional crop,1,Patch,Unknown/Other,False
2957,FAB24_001720,2024-06-07,2024,MK44,England,Bedford,Conventional crop,1,Single plant,Foxy,False
2964,FAB24_001727,2024-06-08,2024,DL6,England,North Yorkshire,Unknown/Other,0,Patch,Taurus,False
2965,FAB24_001728,2024-06-10,2024,L39,England,West Lancashire,Conventional crop,1,Scattered through field,Accord,False
2958,FAB24_001721,2024-06-10,2024,NR10,England,Broadland,Conventional crop,1,Scattered through field,Tyson,False
2967,FAB24_001730,2024-06-11,2024,NR12,England,North Norfolk,Conventional crop,1,Scattered through field,Markies,False
2959,FAB24_001722,2024-06-11,2024,ST5,England,Newcastle-under-Lyme,Unknown/Other,0,Unknown/Other,Unknown/Other,False
2962,FAB24_001725,2024-06-12,2024,NR34,England,South Norfolk,Conventional crop,1,Patch,Venezia,False
2963,FAB24_001726,2024-06-12,2024,NR14,England,South Norfolk,Conventional crop,1,Patch,Venezia,False
2960,FAB24_001723,2024-06-12,2024,NR10,England,Broadland,Dump,0,Patch,Unknown/Other,False
2961,FAB24_001724,2024-06-12,2024,NR10,England,Broadland,Conventional crop,1,Single plant,Maris Peer,False
2966,FAB24_001729,2024-06-13,2024,CW7,England,Cheshire West and Chester,Conventional crop,1,Scattered through field,Sagitta,False
2969,FAB24_001732,2024-06-14,2024,CO7,England,Tendring,Conventional crop,1,Scattered through field,Unknown/Other,False
2973,FAB24_001736,2024-06-15,2024,CW12,England,Cheshire East,Conventional crop,1,Single plant,Rocket,False
2972,FAB24_001735,2024-06-16,2024,DL6,England,North Yorkshire,Garden/Allotment,0,Single plant,Swift,False
2968,FAB24_001731,2024-06-17,2024,SY4,England,Shropshire,Conventional crop,1,Patch,Unknown/Other,False
2971,FAB24_001734,2024-06-18,2024,IP24,England,Breckland,Conventional crop,1,Scattered through field,Baby Lou,False
2980,FAB24_001743,2024-06-18,2024,IP31,England,West Suffolk,Conventional crop,1,Single plant,Unknown/Other,False
2970,FAB24_001733,2024-06-19,2024,NR10,England,Broadland,Conventional crop,1,Scattered through field,Maris Piper,False
2987,FAB24_001750,2024-06-20,2024,NR28,England,North Norfolk,Conventional crop,1,Scattered through field,Royal,False
2986,FAB24_001749,2024-06-20,2024,NR28,England,North Norfolk,Conventional crop,1,Scattered through field,Royal,False
2984,FAB24_001747,2024-06-20,2024,NR28,England,North Norfolk,Conventional crop,1,Scattered through field,Royal,False
2985,FAB24_001748,2024-06-21,2024,YO25,England,East Riding of Yorkshire,Conventional crop,1,Several patches,Melody,False
2974,FAB24_001737,2024-06-21,2024,SA73,Wales,Pembrokeshire,Conventional crop,1,Unknown/Other,Gemson,False
2976,FAB24_001739,2024-06-21,2024,DL6,England,North Yorkshire,Unknown/Other,0,Single plant,43,False
2981,FAB24_001744,2024-06-21,2024,DL6,England,North Yorkshire,Conventional crop,1,Unknown/Other,29,False
2982,FAB24_001745,2024-06-21,2024,DL6,England,North Yorkshire,Unknown/Other,0,Single plant,43,False
2975,FAB24_001738,2024-06-22,2024,NR12,England,North Norfolk,Conventional crop,1,Patch,Fontane,False
2990,FAB24_001753,2024-06-25,2024,L40,England,Chorley,Conventional crop,1,Patch,Maris Piper,False
2989,FAB24_001752,2024-06-25,2024,NR21,England,King's Lynn and West Norfolk,Conventional crop,1,Single plant,Unknown/Other,False
2978,FAB24_001741,2024-06-25,2024,TF10,England,Telford and Wrekin,Conventional crop,1,Scattered through field,Daisy,False
2977,FAB24_001740,2024-06-25,2024,TF10,England,Telford and Wrekin,Conventional crop,1,Patch,Francis,False
2979,FAB24_001742,2024-06-26,2024,SA48,Wales,Ceredigion,Dump,0,Patch,Unknown/Other,False
2994,FAB24_001757,2024-06-26,2024,YO13,England,North Yorkshire,Conventional crop,1,Scattered through field,Triple 7,False
2995,FAB24_001758,2024-06-26,2024,YO13,England,North Yorkshire,Conventional crop,1,Scattered through field,VR808,False
2983,FAB24_001746,2024-06-26,2024,PE11,England,South Holland,Conventional crop,1,Single plant,Markies,False
2988,FAB24_001751,2024-06-27,2024,TF6,England,Telford and Wrekin,Unknown/Other,0,Very severe,Performer,False
2992,FAB24_001755,2024-06-27,2024,PE31,England,King's Lynn and West Norfolk,Conventional crop,1,Single plant,Challenger,False
2993,FAB24_001756,2024-06-27,2024,PE31,England,King's Lynn and West Norfolk,Conventional crop,1,Single plant,Markies,False
2991,FAB24_001754,2024-06-28,2024,IP28,England,West Suffolk,Volunteer,0,Patch,Unknown/Other,False
2998,FAB24_001762,2024-06-29,2024,PE12,England,South Holland,Unknown/Other,0,Single plant,King Edward,False
3003,FAB24_001767,2024-07-02,2024,WA13,England,Trafford,Conventional crop,1,Scattered through field,Lady Rosetta,False
3001,FAB24_001765,2024-07-02,2024,NR21,England,North Norfolk,Conventional crop,1,Scattered through field,Maris Piper,False
2996,FAB24_001759,2024-07-02,2024,PE34,England,King's Lynn and West Norfolk,Conventional crop,1,Patch,Agria,False
3015,FAB24_001779,2024-07-02,2024,PL31,England,Cornwall,Conventional crop,1,Scattered through field,Jazzy,False
3014,FAB24_001778,2024-07-03,2024,YO60,England,North Yorkshire,Conventional crop,1,Several patches,Daisy,False
3013,FAB24_001777,2024-07-03,2024,PE22,England,Boston,Trial,1,Single plant,Melody,False
3004,FAB24_001768,2024-07-03,2024,NR28,England,North Norfolk,Conventional crop,1,Unknown/Other,Royal,False
2997,FAB24_001761,2024-07-03,2024,SA48,Wales,Ceredigion,Volunteer,0,Patch,King Edward,False
2999,FAB24_001763,2024-07-04,2024,TF10,England,Telford and Wrekin,Conventional crop,1,Scattered through field,Daisy,False
3022,FAB24_001786,2024-07-04,2024,WN8,England,West Lancashire,Conventional crop,1,Single plant,Unknown/Other,False
3021,FAB24_001785,2024-07-04,2024,LN2,England,West Lindsey,Unknown/Other,0,Patch,Charlotte,False
3000,FAB24_001764,2024-07-04,2024,TF9,England,Shropshire,Unknown/Other,0,Scattered through field,Venezia,False
3167,FAB24_001938,2024-07-05,2024,IP12,England,East Suffolk,Volunteer,0,Scattered through field,Maris Piper,False
3030,FAB24_001794,2024-07-05,2024,HU17,England,East Riding of Yorkshire,Conventional crop,1,Patch,Melody,False
3011,FAB24_001775,2024-07-05,2024,DD2,Scotland,Angus,Conventional crop,1,Patch,Maris Piper,False
3005,FAB24_001769,2024-07-05,2024,PH10,Scotland,Perth and Kinross,Conventional crop,1,Scattered through field,Unknown/Other,False
3002,FAB24_001766,2024-07-05,2024,NR4,England,Norwich,Garden/Allotment,0,Single plant,Marfona,False
3006,FAB24_001770,2024-07-05,2024,CT3,England,Dover,Conventional crop,1,Scattered through field,Lanorma,False
3166,FAB24_001937,2024-07-05,2024,IP13,England,East Suffolk,Conventional crop,1,Scattered through field,Baby Lou,False
3035,FAB24_001799,2024-07-06,2024,IP14,England,Mid Suffolk,Garden/Allotment,0,Several patches,Unknown/Other,False
3023,FAB24_001787,2024-07-06,2024,NR29,England,North Norfolk,Conventional crop,1,Patch,Fontane,False
3012,FAB24_001776,2024-07-07,2024,PE23,England,East Lindsey,Conventional crop,1,Single plant,Marfona,False
3010,FAB24_001774,2024-07-07,2024,PE14,England,King's Lynn and West Norfolk,Conventional crop,1,Scattered through field,Agria,False
3009,FAB24_001773,2024-07-07,2024,PE34,England,King's Lynn and West Norfolk,Conventional crop,1,Scattered through field,Agria,False
3019,FAB24_001783,2024-07-08,2024,AB53,Scotland,Aberdeenshire,Conventional crop,1,Scattered through field,Cara,False
3020,FAB24_001784,2024-07-08,2024,AB53,Scotland,Aberdeenshire,Conventional crop,1,Scattered through field,Cara,False
3016,FAB24_001780,2024-07-08,2024,SY4,England,Shropshire,Conventional crop,1,Patch,VR808,False
3007,FAB24_001771,2024-07-08,2024,PE34,England,King's Lynn and West Norfolk,Conventional crop,1,Single plant,Agria,False
3017,FAB24_001781,2024-07-08,2024,WS13,England,Lichfield,Conventional crop,1,Several patches,Unknown/Other,False
3008,FAB24_001772,2024-07-08,2024,PE34,England,King's Lynn and West Norfolk,Conventional crop,1,Patch,Agria,False
3027,FAB24_001791,2024-07-09,2024,IP10,England,East Suffolk,Organic crop,1,Scattered through field,Acoustic,False
3040,FAB24_001805,2024-07-09,2024,DE12,England,South Derbyshire,Conventional crop,1,Several patches,Orchestra,False
3028,FAB24_001792,2024-07-10,2024,IP9,England,Babergh,Conventional crop,1,Several patches,Baby Lou,False
3024,FAB24_001788,2024-07-11,2024,TF6,England,Telford and Wrekin,Conventional crop,1,Scattered through field,Tyson,False
3042,FAB24_001807,2024-07-11,2024,WV6,England,Shropshire,Conventional crop,1,Patch,Premiere,False
3049,FAB24_001814,2024-07-12,2024,DL6,England,North Yorkshire,Unknown/Other,0,Patch,Unknown/Other,False
3061,FAB24_001826,2024-07-12,2024,CV10,England,North Warwickshire,Conventional crop,1,Patch,Unknown/Other,False
3048,FAB24_001813,2024-07-12,2024,DL6,England,North Yorkshire,Conventional crop,1,Several patches,Unknown/Other,False
3047,FAB24_001812,2024-07-12,2024,DL6,England,North Yorkshire,Conventional crop,1,Patch,Unknown/Other,False
3036,FAB24_001800,2024-07-12,2024,NR14,England,South Norfolk,Conventional crop,1,Scattered through field,Unknown/Other,False
3025,FAB24_001789,2024-07-12,2024,SA48,Wales,Ceredigion,Organic crop,1,Scattered through field,Charlotte,False
3026,FAB24_001790,2024-07-12,2024,HR1,England,Herefordshire,Conventional crop,1,Scattered through field,Daisy,False
3029,FAB24_001793,2024-07-12,2024,YO19,England,York,Conventional crop,1,Several patches,Unknown/Other,False
3031,FAB24_001795,2024-07-12,2024,NR9,England,South Norfolk,Trial,1,Scattered through field,Swift,False
3032,FAB24_001796,2024-07-12,2024,NR14,England,South Norfolk,Conventional crop,1,Scattered through field,Venezia,False
3037,FAB24_001801,2024-07-13,2024,IP20,England,South Norfolk,Conventional crop,1,Scattered through field,Unknown/Other,False
3033,FAB24_001797,2024-07-14,2024,TF5,England,Telford and Wrekin,Garden/Allotment,0,Scattered through field,Charlotte,False
3060,FAB24_001825,2024-07-14,2024,SY4,England,Shropshire,Conventional crop,1,Patch,Unknown/Other,False
3034,FAB24_001798,2024-07-14,2024,PE14,England,King's Lynn and West Norfolk,Dump,0,Very severe,Unknown/Other,False
3038,FAB24_001802,2024-07-15,2024,PE31,England,King's Lynn and West Norfolk,Organic crop,1,Very severe,Alouette,False
3043,FAB24_001808,2024-07-15,2024,TF6,England,Telford and Wrekin,Conventional crop,1,Patch,Sagitta,False
3041,FAB24_001806,2024-07-15,2024,TF6,England,Telford and Wrekin,Trial,1,Scattered through field,Rosegarden,False
3039,FAB24_001804,2024-07-15,2024,IP26,England,King's Lynn and West Norfolk,Conventional crop,1,Patch,Jewel,False
3044,FAB24_001809,2024-07-16,2024,PE22,England,Boston,Conventional crop,1,Scattered through field,Nectar,False
3064,FAB24_001829,2024-07-16,2024,SA67,Wales,Pembrokeshire,Conventional crop,1,Several patches,Baby lou,False
3045,FAB24_001810,2024-07-16,2024,YO41,England,East Riding of Yorkshire,Conventional crop,1,Very severe,Unknown/Other,False
3057,FAB24_001822,2024-07-17,2024,DD9,Scotland,Angus,Conventional crop,1,Patch,Osprey,False
3051,FAB24_001816,2024-07-17,2024,CV10,England,North Warwickshire,Conventional crop,1,Single plant,Maris Piper,False
3046,FAB24_001811,2024-07-17,2024,NR10,England,Broadland,Conventional crop,1,Patch,Russet Burbank,False
3054,FAB24_001819,2024-07-17,2024,DD7,Scotland,Angus,Conventional crop,1,Scattered through field,Maris Piper,False
3050,FAB24_001815,2024-07-17,2024,PH10,Scotland,Perth and Kinross,Conventional crop,1,Several patches,Baby lou,False
3053,FAB24_001818,2024-07-17,2024,SA62,Wales,Pembrokeshire,Conventional crop,1,Several patches,Jazzy,False
3052,FAB24_001817,2024-07-17,2024,LL53,Wales,Gwynedd,Organic crop,1,Patch,Mixed Varieties,False
3055,FAB24_001820,2024-07-18,2024,L40,England,West Lancashire,Conventional crop,1,Scattered through field,Lady Rosetta,False
3056,FAB24_001821,2024-07-18,2024,YO25,England,East Riding of Yorkshire,Conventional crop,1,Patch,Mozart,False
3059,FAB24_001824,2024-07-18,2024,YO15,England,East Riding of Yorkshire,Conventional crop,1,Several patches,Innovator,False
3058,FAB24_001823,2024-07-18,2024,DD8,Scotland,Angus,Conventional crop,1,Patch,Daisy,False
3077,FAB24_001842,2024-07-19,2024,CT3,England,Dover,Unknown/Other,0,Several patches,Lanorma,False
3075,FAB24_001840,2024-07-19,2024,DN36,England,East Lindsey,Conventional crop,1,Scattered through field,Accord,False
3063,FAB24_001828,2024-07-20,2024,TF9,England,Shropshire,Conventional crop,1,Scattered through field,Challenger,False
3062,FAB24_001827,2024-07-20,2024,SY23,Wales,Ceredigion,Unknown/Other,0,Several patches,Unknown/Other,False
3074,FAB24_001839,2024-07-21,2024,LL57,Wales,Gwynedd,Organic crop,1,Scattered through field,Pink Fir Apple,False
3065,FAB24_001830,2024-07-22,2024,KY10,Scotland,Fife,Conventional crop,1,Patch,Maris Piper,False
3078,FAB24_001843,2024-07-22,2024,CT3,England,Dover,Conventional crop,1,Several patches,Lanorma,False
3076,FAB24_001841,2024-07-22,2024,LL55,Wales,Gwynedd,Unknown/Other,0,Scattered through field,Charlotte,False
3089,FAB24_001854,2024-07-23,2024,IP10,England,East Suffolk,Organic crop,1,Very severe,Acoustic,False
3068,FAB24_001833,2024-07-23,2024,CV11,England,Nuneaton and Bedworth,Conventional crop,1,Several patches,Mozart,False
3098,FAB24_001863,2024-07-23,2024,DG9,Scotland,Dumfries and Galloway,Conventional crop,1,Several patches,Maris Piper,False
3093,FAB24_001858,2024-07-23,2024,LL33,Wales,Gwynedd,Trial,1,Scattered through field,Unknown/Other,False
3067,FAB24_001832,2024-07-23,2024,NR14,England,South Norfolk,Conventional crop,1,Scattered through field,Unknown/Other,False
3066,FAB24_001831,2024-07-23,2024,DD8,Scotland,Angus,Conventional crop,1,Single plant,Maris Piper,False
3088,FAB24_001853,2024-07-23,2024,OX44,England,South Oxfordshire,Conventional crop,1,Patch,Baby Lou,False
3072,FAB24_001837,2024-07-23,2024,PE6,England,South Holland,Dump,0,Several patches,Unknown/Other,False
3092,FAB24_001857,2024-07-23,2024,CB24,England,South Cambridgeshire,Garden/Allotment,0,Several patches,Unknown/Other,False
3104,FAB24_001869,2024-07-24,2024,DD3,Scotland,Angus,Unknown/Other,0,Unknown/Other,Cabaret,False
3097,FAB24_001862,2024-07-24,2024,L39,England,West Lancashire,Conventional crop,1,Several patches,Maris Piper,False
3087,FAB24_001852,2024-07-24,2024,AB41,Scotland,Aberdeenshire,Conventional crop,1,Single plant,Unknown/Other,False
3073,FAB24_001838,2024-07-24,2024,PE23,England,East Lindsey,Conventional crop,1,Patch,Marfona,False
3082,FAB24_001847,2024-07-24,2024,YO7,England,North Yorkshire,Volunteer,0,Unknown/Other,Unknown/Other,False
3071,FAB24_001836,2024-07-24,2024,ST18,England,South Staffordshire,Conventional crop,1,Scattered through field,Heraclea,False
3079,FAB24_001844,2024-07-25,2024,SY4,England,Shropshire,Conventional crop,1,Scattered through field,Desiree,False
3103,FAB24_001868,2024-07-25,2024,DL6,England,North Yorkshire,Conventional crop,1,Single plant,Termino,False
3102,FAB24_001867,2024-07-25,2024,DL6,England,North Yorkshire,Conventional crop,1,Several patches,Termino,False
3081,FAB24_001846,2024-07-25,2024,DD9,Scotland,Angus,Conventional crop,1,Patch,Maris Piper,False
3080,FAB24_001845,2024-07-25,2024,DN10,England,Bassetlaw,Conventional crop,1,Scattered through field,Unknown/Other,False
3101,FAB24_001866,2024-07-25,2024,DL6,England,North Yorkshire,Conventional crop,1,Unknown/Other,Termino,False
3100,FAB24_001865,2024-07-25,2024,NR16,England,Breckland,Volunteer,0,Scattered through field,Unknown/Other,False
3099,FAB24_001864,2024-07-25,2024,DL6,England,North Yorkshire,Unknown/Other,0,Unknown/Other,Termino,False
3110,FAB24_001875,2024-07-26,2024,DD8,Scotland,Angus,Conventional crop,1,Scattered through field,Markies,False
3107,FAB24_001872,2024-07-26,2024,DD8,Scotland,Angus,Conventional crop,1,Scattered through field,Picasso,False
3083,FAB24_001848,2024-07-26,2024,SA48,Wales,Ceredigion,Volunteer,0,Scattered through field,Unknown/Other,False
3084,FAB24_001849,2024-07-26,2024,SY13,Wales,Wrexham,Conventional crop,1,Scattered through field,Maris Piper,False
3108,FAB24_001873,2024-07-26,2024,TF10,England,Shropshire,Conventional crop,1,Scattered through field,Maris Piper,False
3090,FAB24_001855,2024-07-27,2024,CW8,England,Cheshire West and Chester,Conventional crop,1,Scattered through field,Lady Rosetta,False
3085,FAB24_001850,2024-07-27,2024,IP12,England,East Suffolk,Organic crop,1,Very severe,Acoustic,False
3113,FAB24_001878,2024-07-28,2024,NG34,England,North Kesteven,Volunteer,0,Single plant,Unknown/Other,False
3165,FAB24_001936,2024-07-28,2024,SK17,England,High Peak,Conventional crop,1,Patch,Unknown/Other,False
3069,FAB24_001834,2024-07-29,2024,LL53,Wales,Gwynedd,Organic crop,1,Several patches,Unknown/Other,False
3109,FAB24_001874,2024-07-29,2024,DN14,England,East Riding of Yorkshire,Conventional crop,1,Single plant,Nectar,False
3086,FAB24_001851,2024-07-29,2024,SA48,Wales,Ceredigion,Trial,1,Scattered through field,King Edward,False
3105,FAB24_001870,2024-07-29,2024,TD5,Scotland,Scottish Borders,Conventional crop,1,Patch,Maris Piper,False
3070,FAB24_001835,2024-07-29,2024,LL53,Wales,Gwynedd,Organic crop,1,Several patches,Nicola,False
3096,FAB24_001861,2024-07-29,2024,TD12,Scotland,Scottish Borders,Conventional crop,1,Patch,Maris Piper,False
3094,FAB24_001859,2024-07-29,2024,AB56,Scotland,Moray,Organic crop,1,Scattered through field,Rooster,False
3095,FAB24_001860,2024-07-29,2024,IV32,Scotland,Moray,Organic crop,1,Scattered through field,Rooster,False
3111,FAB24_001876,2024-07-30,2024,WS14,England,Lichfield,Conventional crop,1,Patch,Sagitta,False
3114,FAB24_001879,2024-07-30,2024,DY10,England,Wyre Forest,Conventional crop,1,Scattered through field,Maris Piper,False
3112,FAB24_001877,2024-07-31,2024,HR1,England,Herefordshire,Conventional crop,1,Scattered through field,Lady Claire,False
3115,FAB24_001881,2024-07-31,2024,YO17,England,North Yorkshire,Conventional crop,1,Scattered through field,VR808,False
3132,FAB24_001902,2024-07-31,2024,TF10,England,Telford and Wrekin,Conventional crop,1,Several patches,Eurostar,False
3106,FAB24_001871,2024-07-31,2024,KY10,Scotland,Fife,Conventional crop,1,Single plant,Maris Piper,False
3116,FAB24_001882,2024-08-01,2024,PH2,Scotland,Perth and Kinross,Conventional crop,1,Single plant,Caledonian Jewel,False
3145,FAB24_001916,2024-08-01,2024,DD2,Scotland,Perth and Kinross,Conventional crop,1,Scattered through field,Maris Piper,False
3121,FAB24_001891,2024-08-01,2024,TD5,Scotland,Scottish Borders,Conventional crop,1,Scattered through field,Saxon,False
3130,FAB24_001900,2024-08-02,2024,NR12,England,North Norfolk,Conventional crop,1,Very severe,Fontane,False
3120,FAB24_001890,2024-08-02,2024,NR12,England,North Norfolk,Conventional crop,1,Several patches,Melody,False
3119,FAB24_001887,2024-08-02,2024,SY5,England,Shropshire,Conventional crop,1,Several patches,Unknown/Other,False
3117,FAB24_001883,2024-08-02,2024,DD10,Scotland,Aberdeenshire,Conventional crop,1,Scattered through field,Saxon,False
3118,FAB24_001884,2024-08-04,2024,DD10,Scotland,Angus,Conventional crop,1,Patch,Shepody,False
3131,FAB24_001901,2024-08-05,2024,L40,England,West Lancashire,Conventional crop,1,Several patches,Bute,False
3123,FAB24_001893,2024-08-05,2024,DD9,Scotland,Angus,Conventional crop,1,Scattered through field,Saxon,False
3126,FAB24_001896,2024-08-05,2024,KY14,Scotland,Fife,Conventional crop,1,Single plant,Saxon,False
3122,FAB24_001892,2024-08-05,2024,AB39,Scotland,Aberdeenshire,Conventional crop,1,Scattered through field,Caruso,False
3128,FAB24_001898,2024-08-06,2024,HR2,England,Herefordshire,Conventional crop,1,Several patches,Lady Claire,False
3127,FAB24_001897,2024-08-06,2024,HR9,England,Herefordshire,Conventional crop,1,Scattered through field,VR808,False
3125,FAB24_001895,2024-08-07,2024,DD8,Scotland,Angus,Conventional crop,1,Patch,Maris Piper,False
3129,FAB24_001899,2024-08-07,2024,TF10,England,Telford and Wrekin,Conventional crop,1,Several patches,Daisy,False
3124,FAB24_001894,2024-08-08,2024,KY15,Scotland,Fife,Garden/Allotment,0,Patch,Accord,False
3135,FAB24_001906,2024-08-08,2024,CO9,England,Braintree,Garden/Allotment,0,Single plant,King Edward,False
3134,FAB24_001905,2024-08-12,2024,GL18,England,Forest of Dean,Conventional crop,1,Several patches,Melody,False
3136,FAB24_001907,2024-08-12,2024,DD11,Scotland,Angus,Conventional crop,1,Single plant,Buster,False
3140,FAB24_001911,2024-08-13,2024,BT46,Northern Ireland,Mid Ulster,Conventional crop,1,Scattered through field,Kerrs Pink,False
3137,FAB24_001908,2024-08-13,2024,DG9,Scotland,Dumfries and Galloway,Conventional crop,1,Scattered through field,Rooster,False
3133,FAB24_001904,2024-08-13,2024,DD8,Scotland,Angus,Conventional crop,1,Scattered through field,Saxon,False
3138,FAB24_001909,2024-08-14,2024,BT34,Northern Ireland,Newry,Conventional crop,1,Scattered through field,Golden Wonder,False
3139,FAB24_001910,2024-08-14,2024,BT34,Northern Ireland,Newry,Conventional crop,1,Scattered through field,Odesia,False
3142,FAB24_001913,2024-08-15,2024,YO41,England,East Riding of Yorkshire,Conventional crop,1,Scattered through field,Unknown/Other,False
3143,FAB24_001914,2024-08-16,2024,BT71,Northern Ireland,Mid Ulster,Conventional crop,1,Patch,Navan,False
3141,FAB24_001912,2024-08-19,2024,TD11,Scotland,Scottish Borders,Volunteer,0,Scattered through field,Rooster,False
3144,FAB24_001915,2024-08-20,2024,DD11,Scotland,Angus,Conventional crop,1,Several patches,Maris Piper,False
3146,FAB24_001917,2024-08-28,2024,AB41,Scotland,Aberdeenshire,Garden/Allotment,0,Scattered through field,Cara,False
3149,FAB24_001920,2024-08-29,2024,KY14,Scotland,Fife,Conventional crop,1,Scattered through field,Unknown/Other,False
3148,FAB24_001919,2024-08-29,2024,KY14,Scotland,Fife,Conventional crop,1,Scattered through field,Unknown/Other,False
3147,FAB24_001918,2024-08-29,2024,KY14,Scotland,Fife,Conventional crop,1,Very severe,Unknown/Other,False
3151,FAB24_001922,2024-09-02,2024,PH10,Scotland,Perth and Kinross,Volunteer,0,Scattered through field,Rooster,False
3152,FAB24_001923,2024-09-02,2024,PH11,Scotland,Perth and Kinross,Volunteer,0,Unknown/Other,Rooster,False
3153,FAB24_001924,2024-09-03,2024,BT62,Northern Ireland,Armagh City,Volunteer,0,Scattered through field,Rooster,False
3150,FAB24_001921,2024-09-03,2024,SA48,Wales,Ceredigion,Trial,1,Several patches,,False
3154,FAB24_001925,2024-09-09,2024,PE22,England,Boston,Trial,1,Patch,Melody,False
3155,FAB24_001926,2024-09-09,2024,PH1,Scotland,Perth and Kinross,Conventional crop,1,Scattered through field,Saxon,False
3156,FAB24_001927,2024-09-10,2024,LL57,Wales,Gwynedd,Garden/Allotment,0,Scattered through field,Blue Danube,False
3160,FAB24_001931,2024-09-25,2024,B97,England,Redditch,Garden/Allotment,0,Severe,Unknown/Other,False
3161,FAB24_001932,2024-10-03,2024,DD10,Scotland,Aberdeenshire,Conventional crop,1,Several patches,,False
3162,FAB24_001933,2024-10-17,2024,LL33,Wales,Gwynedd,Trial,1,Scattered through field,Unknown/Other,False
3163,FAB24_001934,2024-10-19,2024,PH2,Scotland,Perth and Kinross,Volunteer,0,Single plant,Unknown/Other,False
3164,FAB24_001935,2024-10-24,2024,DN14,England,North Yorkshire,Volunteer,0,Scattered through field,Unknown/Other,False
17896,FAB25_050743,2025-05-13,2025,SY23,Wales,Ceredigion,Dump,0,Patch,,True
17897,FAB25_050744,2025-06-18,2025,TR12,England,Cornwall,Conventional crop,1,Scattered through field,,True
17898,FAB25_050745,2025-06-23,2025,PH13,Scotland,Perth and Kinross,Volunteer,0,Single plant,,True
17899,FAB25_050746,2025-06-24,2025,SA62,Wales,Pembrokeshire,Conventional crop,1,Several patches,,True
17900,FAB25_050747,2025-06-25,2025,TR20,England,Cornwall,Conventional crop,1,Several patches,,False
17901,FAB25_050748,2025-06-26,2025,AB39,Scotland,Aberdeenshire,Unknown/Other,0,Patch,,True
17902,FAB25_050749,2025-06-30,2025,SA62,Wales,Pembrokeshire,Conventional crop,1,Scattered through field,,True
17903,FAB25_050750,2025-07-01,2025,IV30,Scotland,Moray,Conventional crop,1,Scattered through field,,True
17904,FAB25_050751,2025-07-06,2025,SA48,Wales,Ceredigion,Trial,1,Scattered through field,,False
17907,FAB25_050754,2025-07-18,2025,EH41,Scotland,East Lothian,Conventional crop,1,Patch,,True
17908,FAB25_050755,2025-07-20,2025,LL53,Wales,Gwynedd,Organic crop,1,Patch,,True
17909,FAB25_050756,2025-07-21,2025,LD7,Wales,Powys,Unknown/Other,0,Patch,,True
17911,FAB25_050758,2025-07-23,2025,KA6,Scotland,South Ayrshire,Trial,1,Several patches,,False
17912,FAB25_050759,2025-07-26,2025,SY25,Wales,Ceredigion,Conventional crop,1,Scattered through field,,True
17913,FAB25_050760,2025-07-28,2025,KA6,Scotland,South Ayrshire,Volunteer,0,Patch,,False
17914,FAB25_050761,2025-07-28,2025,PR3,England,Wyre,Conventional crop,1,Scattered through field,,True
17917,FAB25_050764,2025-07-30,2025,AB53,Scotland,Aberdeenshire,Conventional crop,1,Scattered through field,,True
17916,FAB25_050763,2025-07-30,2025,LL53,Wales,Gwynedd,Organic crop,1,Scattered through field,,True
17918,FAB25_050765,2025-08-01,2025,DD9,Scotland,Angus,Conventional crop,1,Scattered through field,,True
17919,FAB25_050766,2025-08-02,2025,SY23,Wales,Ceredigion,Garden/Allotment,0,Patch,,True
17920,FAB25_050767,2025-08-04,2025,LL57,Wales,Gwynedd,Garden/Allotment,0,Several patches,,True
17921,FAB25_050768,2025-08-08,2025,LL55,Wales,Gwynedd,Organic crop,1,Very severe,,True
17922,FAB25_050769,2025-08-08,2025,KY14,Scotland,Fife,Conventional crop,1,Patch,,False
17923,FAB25_050770,2025-08-11,2025,LL53,Wales,Gwynedd,Organic crop,1,Severe,,True
17925,FAB25_050771,2025-08-12,2025,LL33,Wales,Gwynedd,Unknown/Other,0,Scattered through field,,True
17926,FAB25_050772,2025-08-18,2025,TF6,England,Telford and Wrekin,Trial,1,Scattered through field,,True
17928,FAB25_050774,2025-08-27,2025,TF6,England,Telford and Wrekin,Trial,1,Scattered through field,,True
17929,FAB25_050775,2025-08-28,2025,KY15,Scotland,Fife,Volunteer,0,Patch,,True
17930,FAB25_050776,2025-09-02,2025,BT57,Northern Ireland,Causeway Coast and Glens,Conventional crop,1,Scattered through field,,True
17931,FAB25_050777,2025-09-08,2025,DD10,Scotland,Aberdeenshire,Volunteer,0,Scattered through field,,False
17933,FAB25_050779,2025-09-09,2025,SA48,Wales,Ceredigion,Trial,1,Severe,,False
17934,FAB25_050780,2025-09-09,2025,DE73,England,South Derbyshire,Conventional crop,1,Scattered through field,,False
17935,FAB25_050781,2025-09-09,2025,SA48,Wales,Ceredigion,Trial,1,Severe,,False
17937,FAB25_050782,2025-09-10,2025,SA48,Wales,Ceredigion,Trial,1,Very severe,,True
17938,FAB25_050783,2025-09-11,2025,EH32,Scotland,East Lothian,Volunteer,0,Scattered through field,,True
17939,FAB25_050784,2025-09-11,2025,EH42,Scotland,East Lothian,Volunteer,0,Scattered through field,,True
17940,FAB25_050785,2025-09-11,2025,EH46,Scotland,Scottish Borders,Unknown/Other,0,Scattered through field,,False
17941,FAB25_050786,2025-09-11,2025,PH11,Scotland,Perth and Kinross,Volunteer,0,Single plant,,True
17943,FAB25_050788,2025-09-12,2025,DE73,England,South Derbyshire,Trial,1,Patch,,True
17944,FAB25_050789,2025-09-12,2025,DE73,England,South Derbyshire,Trial,1,Patch,,True
17942,FAB25_050787,2025-09-12,2025,SA48,Wales,Ceredigion,Trial,1,Very severe,,False
17945,FAB25_050790,2025-09-16,2025,PH10,Scotland,Perth and Kinross,Volunteer,0,Scattered through field,,True
17946,FAB25_050791,2025-09-17,2025,DD2,Scotland,Angus,Garden/Allotment,0,Unknown/Other,,True
17947,FAB25_050792,2025-09-22,2025,SA48,Wales,Ceredigion,Trial,1,Severe,,False
17948,FAB25_050793,2025-09-24,2025,NR9,England,South Norfolk,Trial,1,Severe,,True
17950,FAB25_050795,2025-09-24,2025,NR9,England,South Norfolk,Garden/Allotment,0,Scattered through field,,True
17951,FAB25_050796,2025-09-24,2025,DE73,England,South Derbyshire,Trial,1,Scattered through field,,True
17952,FAB25_050797,2025-09-24,2025,DE73,England,South Derbyshire,Trial,1,Scattered through field,,True
17953,FAB25_050798,2025-09-24,2025,DE73,England,South Derbyshire,Trial,1,Scattered through field,,True
17954,FAB25_050799,2025-09-25,2025,IP12,England,East Suffolk,Conventional crop,1,Patch,,True
17960,FAB25_050805,2025-09-26,2025,DD10,Scotland,Aberdeenshire,Volunteer,0,Scattered through field,,False
17959,FAB25_050804,2025-09-26,2025,DD10,Scotland,Aberdeenshire,Volunteer,0,Scattered through field,,False
17958,FAB25_050803,2025-09-26,2025,DD10,Scotland,Aberdeenshire,Volunteer,0,Scattered through field,,False
17956,FAB25_050801,2025-09-26,2025,AB30,Scotland,Aberdeenshire,Volunteer,0,Severe,,False
17955,FAB25_050800,2025-09-26,2025,AB30,Scotland,Aberdeenshire,Volunteer,0,Severe,,False
17957,FAB25_050802,2025-09-26,2025,NR9,England,South Norfolk,Trial,1,Scattered through field,,True
17961,FAB25_050806,2025-09-29,2025,KY16,Scotland,Fife,Volunteer,0,Severe,,False
17962,FAB25_050807,2025-09-29,2025,KY8,Scotland,Fife,Volunteer,0,Severe,,False
17963,FAB25_050808,2025-09-29,2025,KY16,Scotland,Fife,Volunteer,0,Severe,,True
17966,FAB25_050811,2025-10-01,2025,DD10,Scotland,Aberdeenshire,Volunteer,0,Severe,,False
17964,FAB25_050809,2025-10-01,2025,DD11,Scotland,Angus,Volunteer,0,Severe,,False
17965,FAB25_050810,2025-10-01,2025,DD10,Scotland,Aberdeenshire,Volunteer,0,Severe,,False
17968,FAB25_050813,2025-10-02,2025,KY15,Scotland,Fife,Volunteer,0,Severe,,False
17967,FAB25_050812,2025-10-02,2025,KY15,Scotland,Fife,Volunteer,0,Severe,,False
17969,FAB25_050814,2025-10-03,2025,PE22,England,Boston,Trial,1,Scattered through field,,True
17970,FAB25_050815,2025-10-06,2025,PH11,Scotland,Perth and Kinross,Volunteer,0,Several patches,,True
17972,FAB25_050817,2025-10-15,2025,SY4,England,Shropshire,Volunteer,0,Scattered through field,,True
17974,FAB25_050819,2025-10-16,2025,AB30,Scotland,Aberdeenshire,Volunteer,0,Scattered through field,,False
17976,FAB25_050821,2025-11-03,2025,IP8,England,Mid Suffolk,Volunteer,0,Scattered through field,,False
17977,FAB25_050822,2025-11-04,2025,IP19,England,South Norfolk,Volunteer,0,Severe,,True
17978,FAB25_050823,2025-11-12,2025,CT12,England,Thanet,Volunteer,0,Scattered through field,,True
17979,FAB25_050824,2025-11-12,2025,NG23,England,Newark and Sherwood,Volunteer,0,Patch,,True
17980,FAB25_050825,2025-11-12,2025,NR12,England,Broadland,Volunteer,0,Unknown/Other,,True
17981,FAB25_050826,2025-11-17,2025,WV7,England,Shropshire,Volunteer,0,Scattered through field,,True
17983,FAB26_050828,2026-03-18,2026,CT3,England,Canterbury,Dump,0,Several patches,,False
17984,FAB26_050829,2026-04-16,2026,CH8,Wales,Flintshire,Volunteer,0,Patch,,False
17985,FAB26_050830,2026-05-26,2026,TR20,England,Cornwall,Conventional crop,1,Scattered through field,,True
17986,FAB26_050831,2026-06-01,2026,TR14,England,Cornwall,Conventional crop,1,Scattered through field,,True
17987,FAB26_050832,2026-06-02,2026,TR26,England,Cornwall,Conventional crop,1,Scattered through field,,True
17988,FAB26_050833,2026-06-12,2026,SA62,Wales,Pembrokeshire,Conventional crop,1,Patch,,True
17989,FAB26_050834,2026-06-15,2026,SA71,Wales,Pembrokeshire,Conventional crop,1,Scattered through field,,False
17991,FAB26_050836,2026-06-16,2026,TR20,England,Cornwall,Conventional crop,1,Patch,,True
17992,FAB26_050837,2026-06-16,2026,BT23,Northern Ireland,Ards and North Down,Volunteer,0,Scattered through field,,True
17993,FAB26_050838,2026-06-19,2026,WV16,England,Shropshire,Dump,0,Patch,,True
17994,FAB26_050839,2026-06-20,2026,NR29,England,Great Yarmouth,Dump,0,Very severe,,True
17995,FAB26_050840,2026-06-24,2026,BT54,Northern Ireland,Causeway Coast and Glens,Conventional crop,1,Scattered through field,,True
17996,FAB26_050841,2026-06-27,2026,NR11,England,North Norfolk,Dump,0,Patch,,False
17998,FAB26_050843,2026-06-28,2026,HU15,England,East Riding of Yorkshire,Conventional crop,1,Scattered through field,,True
17997,FAB26_050842,2026-06-28,2026,IP12,England,East Suffolk,Unknown/Other,0,Scattered through field,,False
17999,FAB26_050844,2026-06-29,2026,BT49,Northern Ireland,Causeway Coast and Glens,Conventional crop,1,Scattered through field,,True
18000,FAB26_050845,2026-06-29,2026,DD9,Scotland,Angus,Conventional crop,1,Several patches,,True
18012,FAB26_050857,2026-06-30,2026,KA26,Scotland,South Ayrshire,Conventional crop,1,Scattered through field,,True
18003,FAB26_050848,2026-06-30,2026,TR4,England,Cornwall,Conventional crop,1,Scattered through field,,True
18002,FAB26_050847,2026-07-01,2026,DD9,Scotland,Aberdeenshire,Conventional crop,1,Patch,,True
18009,FAB26_050854,2026-07-03,2026,PH1,Scotland,Perth and Kinross,Conventional crop,1,Scattered through field,,False
18008,FAB26_050853,2026-07-03,2026,DD9,Scotland,Angus,Conventional crop,1,Severe,,False
18010,FAB26_050855,2026-07-03,2026,IV30,Scotland,Moray,Conventional crop,1,Single plant,,True
18006,FAB26_050851,2026-07-03,2026,NR11,England,North Norfolk,Conventional crop,1,Several patches,,False
18005,FAB26_050850,2026-07-03,2026,DD11,Scotland,Angus,Conventional crop,1,Several patches,,False
18007,FAB26_050852,2026-07-03,2026,AB45,Scotland,Aberdeenshire,Conventional crop,1,Single plant,,True
18013,FAB26_050858,2026-07-04,2026,AB41,Scotland,Aberdeenshire,Garden/Allotment,0,Several patches,,True
18011,FAB26_050856,2026-07-06,2026,PH1,Scotland,Perth and Kinross,Conventional crop,1,Scattered through field,,False
18014,FAB26_050859,2026-07-06,2026,TF11,England,South Staffordshire,Organic crop,1,Single plant,,True
18015,FAB26_050860,2026-07-06,2026,YO62,England,North Yorkshire,Unknown/Other,0,Patch,,False
18016,FAB26_050861,2026-07-07,2026,PH1,Scotland,Perth and Kinross,Conventional crop,1,Several patches,,False
18022,FAB26_050867,2026-07-08,2026,DD9,Scotland,Angus,Conventional crop,1,Severe,,True
18019,FAB26_050864,2026-07-08,2026,DD10,Scotland,Angus,Conventional crop,1,Scattered through field,,True
18020,FAB26_050865,2026-07-08,2026,DD10,Scotland,Angus,Conventional crop,1,Several patches,,True
18021,FAB26_050866,2026-07-08,2026,DD9,Scotland,Angus,Conventional crop,1,Patch,,True
18023,FAB26_050868,2026-07-08,2026,DD9,Scotland,Angus,Conventional crop,1,Scattered through field,,True
18029,FAB26_050874,2026-07-09,2026,AB39,Scotland,Aberdeenshire,Conventional crop,1,Patch,,False
18030,FAB26_050875,2026-07-09,2026,AB39,Scotland,Aberdeenshire,Conventional crop,1,Scattered through field,,True
18028,FAB26_050873,2026-07-09,2026,AB30,Scotland,Aberdeenshire,Conventional crop,1,Several patches,,False
18026,FAB26_050871,2026-07-09,2026,AB30,Scotland,Aberdeenshire,Organic crop,1,Scattered through field,,False
18027,FAB26_050872,2026-07-09,2026,AB39,Scotland,Aberdeenshire,Conventional crop,1,Patch,,True
18025,FAB26_050870,2026-07-09,2026,DD8,Scotland,Angus,Conventional crop,1,Patch,,False
18024,FAB26_050869,2026-07-09,2026,AB30,Scotland,Aberdeenshire,Organic crop,1,Scattered through field,,False
18032,FAB26_050877,2026-07-10,2026,DG9,Scotland,Dumfries and Galloway,Conventional crop,1,Scattered through field,,True
18031,FAB26_050876,2026-07-13,2026,DD8,Scotland,Angus,Conventional crop,1,Patch,,True
18033,FAB26_050878,2026-07-13,2026,AB39,Scotland,Aberdeenshire,Conventional crop,1,Scattered through field,,True
18034,FAB26_050879,2026-07-14,2026,PH13,Scotland,Perth and Kinross,Unknown/Other,0,Severe,,False
18035,FAB26_050880,2026-07-14,2026,PH7,Scotland,Perth and Kinross,Conventional crop,1,Scattered through field,,False
18036,FAB26_050881,2026-07-14,2026,PH7,Scotland,Perth and Kinross,Conventional crop,1,Patch,,False
18037,FAB26_050882,2026-07-14,2026,PH12,Scotland,Perth and Kinross,Conventional crop,1,Scattered through field,,False
18038,FAB26_050883,2026-07-15,2026,PR4,England,West Lancashire,Unknown/Other,0,Scattered through field,,True
18039,FAB26_050884,2026-07-16,2026,PH1,Scotland,Perth and Kinross,Conventional crop,1,Several patches,,True
18040,FAB26_050885,2026-07-16,2026,PH1,Scotland,Perth and Kinross,Conventional crop,1,Single plant,,True
18062,FAB26_050906,2026-07-16,2026,IV6,Scotland,Highland,Conventional crop,1,Several patches,,False
18041,FAB26_050886,2026-07-16,2026,KA6,Scotland,South Ayrshire,Trial,1,Patch,,False
18042,FAB26_050887,2026-07-17,2026,KA6,Scotland,South Ayrshire,Trial,1,Scattered through field,,False
18043,FAB26_050888,2026-07-17,2026,AB30,Scotland,Aberdeenshire,Conventional crop,1,Scattered through field,,False
18046,FAB26_050890,2026-07-17,2026,DD9,Scotland,Angus,Conventional crop,1,Patch,,False
18044,FAB26_050889,2026-07-21,2026,DD8,Scotland,Angus,Unknown/Other,0,Scattered through field,,True
18047,FAB26_050891,2026-07-21,2026,AB51,Scotland,Aberdeenshire,Conventional crop,1,Patch,,True
18048,FAB26_050892,2026-07-21,2026,AB53,Scotland,Aberdeenshire,Conventional crop,1,Scattered through field,,True
18057,FAB26_050901,2026-07-23,2026,KY15,Scotland,Fife,Conventional crop,1,Patch,,True
18050,FAB26_050894,2026-07-23,2026,PH12,Scotland,Perth and Kinross,Conventional crop,1,Severe,,False
18051,FAB26_050895,2026-07-23,2026,DD5,Scotland,Angus,Conventional crop,1,Severe,,False
18052,FAB26_050896,2026-07-24,2026,PH11,Scotland,Perth and Kinross,Unknown/Other,0,Scattered through field,,True
18063,FAB26_050907,2026-07-27,2026,DD8,Scotland,Angus,Conventional crop,1,Unknown/Other,,False
18059,FAB26_050903,2026-07-27,2026,BT23,Northern Ireland,Ards and North Down,Conventional crop,1,Scattered through field,,False
18053,FAB26_050897,2026-07-27,2026,DD5,Scotland,Angus,Conventional crop,1,Patch,,False
18055,FAB26_050899,2026-07-27,2026,BT23,Northern Ireland,Ards and North Down,Conventional crop,1,Scattered through field,,True
18054,FAB26_050898,2026-07-27,2026,BT23,Northern Ireland,Ards and North Down,Conventional crop,1,Patch,,True
18056,FAB26_050900,2026-07-27,2026,BT22,Northern Ireland,Ards and North Down,Conventional crop,1,Several patches,,True
18058,FAB26_050902,2026-07-28,2026,AB45,Scotland,Aberdeenshire,Conventional crop,1,Scattered through field,,True
18060,FAB26_050904,2026-07-28,2026,BT22,Northern Ireland,Ards and North Down,Conventional crop,1,Patch,,True
18061,FAB26_050905,2026-07-28,2026,TR27,England,Cornwall,Conventional crop,1,Several patches,,True
18066,FAB26_050910,2026-08-04,2026,BT30,Northern Ireland,"Newry, Mourne and Down",Conventional crop,1,Severe,,False
18067,FAB26_050911,2026-08-04,2026,BT30,Northern Ireland,"Newry, Mourne and Down",Conventional crop,1,Severe,,False
18065,FAB26_050909,2026-08-05,2026,IP17,England,East Suffolk,Unknown/Other,0,Scattered through field,,False
18072,FAB26_050916,2026-08-10,2026,DD2,Scotland,Perth and Kinross,Trial,1,Scattered through field,,True
18068,FAB26_050912,2026-08-11,2026,PH2,Scotland,Perth and Kinross,Conventional crop,1,Several patches,,True
18069,FAB26_050913,2026-08-11,2026,PH13,Scotland,Perth and Kinross,Conventional crop,1,Several patches,,True
18070,FAB26_050914,2026-08-13,2026,KY10,Scotland,Fife,Conventional crop,1,Unknown/Other,,True
18073,FAB26_050917,2026-08-17,2026,DN14,England,East Riding of Yorkshire,Conventional crop,1,Several patches,,True
18074,FAB26_050918,2026-08-17,2026,DD11,Scotland,Angus,Conventional crop,1,Scattered through field,,True
18075,FAB26_050919,2026-08-25,2026,PH2,Scotland,Perth and Kinross,Unknown/Other,0,Scattered through field,,False
18076,FAB26_050920,2026-08-25,2026,DD11,Scotland,Angus,Conventional crop,1,Scattered through field,,True
18077,FAB26_050921,2026-08-28,2026,DD10,Scotland,Angus,Conventional crop,1,Patch,,False
18078,FAB26_050922,2026-08-31,2026,SA48,Wales,Ceredigion,Unknown/Other,0,Scattered through field,,False
18079,FAB26_050923,2026-09-07,2026,DD3,Scotland,Angus,Organic crop,1,Patch,,True
18080,FAB26_050924,2026-09-07,2026,EH39,Scotland,East Lothian,Conventional crop,1,Scattered through field,,True
